cpu_usage,memory_usage,entropy,packet_rate,bytes_per_sec,connection_count,is_threat
93.07374382545845,87.59516213687702,3.8620930983844737,20.570877323827542,133.39357100259042,1,1
2.1640167630682816,12.408742482143023,4.507240237290354,399.139385482139,24350.783373742834,1,0
98.99582493207632,66.56394897567053,4.354422622216599,5748.884423472686,1976030.9152980694,785,1
31.21225635406361,39.49959667231009,3.021109245117423,146.54337315484676,36728.94753768877,9,0
21.55915358038198,15.351978204123043,2.973401443866674,159.2472700838065,37600.29724471783,12,0
21.70097643318462,52.234719079950175,3.715514356163443,305.62008208681004,7749.383315259104,6,0
12.471762632947389,48.845257306407206,3.269854601236427,426.6947694826737,2653.3838022214904,18,0
14.112898956788245,20.574147024950328,4.6654206313313145,114.09167115528328,6570.364798766333,17,0
30.78242778252327,41.35454316189616,4.140118023935046,263.14318339163293,3884.6518087204763,13,0
34.90543420529523,32.05038112427961,4.31016667099189,346.6874127437218,46226.66940268112,17,0
32.588425514337594,15.184138414202067,2.4263306285139925,305.8630128054968,20020.910493951298,13,0
80.20539084390757,86.74932694223234,4.808032406218945,11091.491348599846,2097554.653004244,193,1
17.76591384946039,51.31023583816543,3.579942364798476,297.78429220720506,10766.953237625197,10,0
26.614649582533907,46.83100990039755,4.455552459492145,65.833501191924,35795.151336381154,18,0
16.57793144720423,29.204772914748848,3.261740220872839,163.98587861184248,22674.82614810067,2,0
29.291069098474164,35.88983071805936,2.760777434174555,175.80707810407398,48115.80969626504,12,0
37.40573345723532,31.960743157352212,7.955690391768023,98.548755885639,13024.752771704534,8,1
19.096542412101726,52.52583543295397,3.5415483373996928,332.6991590333503,30622.133785190894,11,0
11.667070440649482,12.254213720040942,2.251721108795561,26.45506230880833,37590.630301284036,18,0
17.894369900834842,30.723886630924422,2.4418577303619067,203.92609490374184,21652.4040589487,4,0
18.377089880870873,17.059622689647334,3.3860033634063083,135.01556832980333,27721.174087543714,9,0
36.087331137250125,40.02403672319211,2.9918568740516585,192.56205081964336,30959.476389302323,4,0
13.39010656720884,50.42638635510932,2.7960218040997136,254.53975005547366,17452.22544200288,18,0
30.231742124895817,56.14076612310758,3.08836973764401,398.49968699099344,17004.603834714566,3,0
10.304332458208929,37.6630422107991,4.879755030161265,172.96950256120752,27362.368144203443,5,0
23.018630153010335,35.894951076676705,2.1897847777300625,212.53700187383492,41336.82998163785,16,0
25.61968442670217,41.40989227044342,4.495274184522671,32.723243096007046,16390.935684131357,2,0
93.74215387878917,92.41050443253486,2.963917419473323,39.0394941491798,818.7961603768979,3,1
12.326177517735033,22.18013096466382,2.8699601503232195,19.036966111227137,47914.87535683096,5,0
36.576433193800874,39.338553944703975,3.5106233572027037,124.81019936185515,31151.927090609475,6,0
1.4081635809356463,43.18008092033488,4.516768081376609,169.50342523562236,49610.001335852656,8,0
34.74572079273736,72.9857201712064,7.131528952265037,62.98078127402306,6775.6307780246625,3,1
26.09137710352684,59.75013739761947,2.2927685420099593,313.2251050774204,4938.972034765839,18,0
26.710743093758428,57.957471073935736,4.654825700837405,436.1328849963645,48279.73804189598,19,0
5.035915849575949,50.293415970179794,4.487268321264185,400.5447639671664,47732.87238888313,3,0
38.43680801784756,25.58502881911715,4.345407077440474,122.5089037843639,45281.46034622856,2,0
91.77097694657984,87.33706239789181,3.3945983224457725,38.276476595834744,922.9284897165247,4,1
97.12503918549531,83.70689293862904,3.946343053597749,37.97159111450673,612.2929159845912,2,1
11.443657235706972,45.49666492488215,4.5363648029150525,210.48540909664695,21241.592512471347,2,0
23.950740004407578,36.33265353238163,2.6707895067995975,405.9812175102033,37454.8116715832,3,0
39.91228172741024,56.87249686410343,2.435187256276708,406.37939474378857,24458.301953700862,15,0
10.14185799282808,13.091775796592799,2.6713029182091224,351.08803097809806,48889.407090636705,17,0
15.574372431974407,49.516214777270385,3.5837608548445883,136.41847508303516,6082.458210612505,9,0
32.91335583610398,40.26478057926255,7.748931157277679,28.0971597166965,14248.335448587084,5,1
23.96770153133959,10.226594791176515,3.669522231268771,291.8453828122466,37263.613347675295,14,0
1.1267577264799966,49.2393546647134,4.70664301489553,469.02983280124425,14995.664086560151,12,0
37.87686315609154,14.149166880825605,4.637515753874708,214.7986672654206,3843.7963872948703,3,0
4.516510363038968,39.08065842873534,4.728012118545687,131.44729691630857,21198.778972913045,7,0
98.18858622742626,69.0358901892208,4.890206599654929,18061.46615587576,3981429.255582419,476,1
40.53397972540431,47.20154658046738,7.356239720952807,40.31361977562058,13488.916868100625,2,1
90.87732734429557,91.10941395363147,2.533864902022074,19.416448304713224,276.6006881086405,3,1
23.624429913995613,55.336118540026,3.2928073672400346,341.5086354326993,30106.13199325474,14,0
86.58697425058,79.51230176376377,4.400401947663411,8363.265089636596,4958914.593181478,489,1
8.025658473839758,36.20679821154047,3.9302865766813846,138.99556972726563,46265.17404275023,4,0
20.22523105809219,28.686445681500015,2.5651151320069454,460.56622417721525,41742.22621540601,14,0
90.30361914644983,82.27600680842261,2.6529858514501043,29.629944390237988,842.8350441604354,1,1
94.59240064346602,81.70587867810906,3.3300161965981454,11.398149854516737,42.75489262777399,4,1
13.334227919514078,39.70207842569127,3.6186678862480686,111.15415636590338,15558.243433111054,11,0
13.984866523180894,41.349722451639174,2.9185132752430767,412.54070747475185,15968.144189731715,2,0
13.254661807300856,29.704953849571925,3.6320938483394385,380.9285676951553,32462.26058721275,5,0
3.1872103230862114,28.157841034606598,4.633048229922144,272.5217990058952,9429.384516093756,2,0
39.022365819834064,40.733614154998975,2.619342339727893,175.48985401402126,13177.66001257094,13,0
14.178790634183386,37.46759563395406,3.266441083883029,128.63601347220524,35163.3082865419,8,0
52.41010922617246,79.83233425710004,7.274924330922681,87.98331208680617,16836.398350670046,2,1
26.167055568631223,34.687436469286254,2.195540209115456,404.21530647245527,1036.6887542580787,3,0
17.008968297492594,14.272929733633891,4.580545779183124,304.8221431690486,23373.910374908195,11,0
14.294494089218972,20.089696261808356,2.6870032913802224,441.6579646721384,13853.142047242833,5,0
33.41042640892645,52.85893728868991,3.593918008703828,164.28888087613487,29086.153226701732,8,0
7.660650912082754,49.72454034627719,3.356156538635351,494.52349857722163,9140.662288671145,3,0
26.4763046735008,35.836768388173596,2.191322407444481,28.315400651587336,21787.647019472068,5,0
36.41464007100462,34.02227302762262,2.891055716494262,204.71358360956233,22342.050433759847,12,0
8.026143332740752,35.223185811296894,3.25536011595189,60.215715036625646,16253.811609338754,19,0
82.08434365169002,74.28694940897341,4.679491726302283,17561.541175880222,1952165.553503232,675,1
1.8078778908339954,13.39616645730214,4.315797752513944,191.64288607472417,34717.3712380866,14,0
26.68809409642554,53.351030857388146,3.750775223223873,205.1291558218791,3641.469143493266,3,0
18.467137859718687,16.67825043550792,2.2226425596548216,235.38348167614143,42366.36588790344,12,0
36.12017034363702,40.200880694513316,4.804705125081128,92.32401161178727,45515.489665043766,14,0
0.03787891637229368,56.65232813056232,3.7890039575386574,329.8102471903433,25452.99616846557,9,0
39.85433705537834,56.97982572928289,4.685145640330001,121.74200103015579,27109.779959024363,18,0
16.763935853768718,55.03172828720723,2.7021814595185494,432.78897439686347,29632.329871035323,14,0
14.901666466955955,55.73535076159228,4.159798325940828,349.0551231881541,2535.3991250121217,15,0
39.24859143118188,38.21034433537728,2.82027273769213,296.890167349443,13182.088283604166,15,0
23.94420807487405,19.308070817083358,3.0575680281876414,368.6589155187749,11199.671394996378,14,0
96.27762019920127,82.45673974103272,2.829393865546565,1.5932831456608398,283.5422776806769,3,1
98.04742036814488,93.97689654389498,3.6250937449087592,20.474113205258863,224.0022517486576,1,1
0.4962643896552077,46.83837827401022,4.038726037897344,406.8375697017329,24362.8811732232,17,0
57.72492661249041,49.12882432768891,7.701172554204946,85.7614082859094,17685.712432978973,6,1
35.2176249448851,28.67403308503215,3.545747545291641,201.6405868400149,7065.092595293528,1,0
14.77379925223412,13.981380411950248,2.163075241661662,438.3652886040549,43211.510929081276,8,0
9.367168962657475,29.291910298004478,4.848676608009302,222.85152391966795,21107.48194809758,1,0
12.998125113400555,54.31928235099458,4.8011757415415754,134.0193247009047,29902.228027672812,17,0
6.264359785331992,16.73636983338382,2.16969419231984,269.9069783886501,18764.487144971506,1,0
85.74342105801388,77.44848553735875,3.2345266983584966,5913.359153713229,2144362.9784553247,352,1
22.372071141793022,29.743653718712988,2.301804516204396,343.12924209417923,15316.661740895846,1,0
23.682182243977337,43.486165609549204,3.013696215706606,86.87278035906694,46230.92192983412,1,0
3.0016516069369636,19.64171713341539,4.529879975978522,246.2650080575519,29381.980035770703,18,0
25.257195945701085,23.623829509956554,3.164189438592774,410.2226930129865,40163.220246508456,11,0
45.78722175238672,36.46397645012715,7.448341965007095,77.05286476563474,10381.365829405866,2,1
64.22823024067819,55.16213371111271,7.016261806230932,71.84084624830781,6687.33786811231,5,1
11.538099896195542,11.174301534530725,4.31411815900009,361.68523598586097,1642.1806424109154,17,0
17.37852011844996,29.364176021966067,4.923747191900157,157.06871256880592,9266.513777354347,8,0
94.61661141657899,88.58735386790553,4.661439876884851,12501.66993001087,4640420.255986287,786,1
81.4630102861076,56.11056259882586,3.2017451606951903,15322.739077839502,3240741.7800764623,213,1
7.601130749179763,57.89181848292141,4.8356244094219605,32.81448366214399,16859.370994720335,15,0
1.6612190547830652,33.299470668758445,3.9329428946228133,337.6265873777529,6097.8889280367,8,0
11.685117912405204,23.01934757374586,2.2145698310496975,288.04792911985356,46025.80073665704,7,0
97.414257682105,99.54847158629451,2.953966163006311,26.31164715339728,987.1236067628972,2,1
36.52919635731329,25.803159581678955,3.1372557105695646,267.34083035867945,10357.110423587046,6,0
4.995712744527494,33.325200155318804,3.6086701422997063,262.47208599507263,18349.773204500492,15,0
2.3310958041821372,59.67491028089081,3.0801091923919808,90.98278552199926,34705.63961880958,3,0
1.2946804225019237,41.54749147827542,3.2051867877040277,315.2305708026221,32111.918970610335,6,0
96.92125864750749,58.643059557007234,3.4015009183908678,13171.603394984286,1325559.6658955584,621,1
37.60834345605676,33.80257111821881,3.90079164411301,225.3031294388127,29750.969124142088,4,0
96.67416901553902,92.35535411153289,3.1846507361227947,7.808856180312157,447.7242260172868,4,1
26.355627208056916,15.264251880541941,3.657824150392562,308.9928384314378,35493.16088881853,15,0
91.9111564231568,79.67550242435065,4.511266629489032,7924.805462244884,1022506.4571345767,317,1
35.18130791444534,40.29082978624789,2.9736460211868563,30.473690232479225,31116.254333933633,6,0
4.397012963063105,56.9594760530091,2.7056525869681423,370.49151192775196,19636.44885380735,19,0
92.10131665807657,93.38859926722304,3.44204741057678,49.9466951212829,336.8051487174928,1,1
0.5966370810774846,20.80204836097409,3.670525907523955,318.1490671573383,33471.29589697263,12,0
37.84753557375944,40.56775401650678,7.011451795487332,17.282377987670728,10397.707957301558,8,1
34.66795179742916,26.52946945863132,3.6186250723543503,92.53128846545299,16204.64349292379,17,0
39.82141477285168,34.103422716823076,3.752308851983866,327.8193090352432,5092.527868750529,10,0
11.164775264102019,33.30287605880696,2.033926354426945,49.48709274603238,32627.633620907847,1,0
1.738429536365751,28.45026834593526,4.695872841108415,360.6224642117775,49081.019252805854,7,0
81.92353724186752,81.9232179012465,3.8895434662916797,17768.031135093544,3554326.650944998,520,1
36.56274126651608,54.48874487335549,3.1262391908620217,248.28184084337818,44258.426303232976,12,0
94.60410568877997,56.58245690286129,4.354128528384052,7960.22708607443,1156008.729395678,668,1
20.12656214815998,37.20120680667704,2.584698632604818,45.550348435147505,11663.38919970167,9,0
39.012227043617074,59.947176869161574,2.907364044566811,343.48384028039453,6900.224480081105,5,0
23.401440404889694,44.016112818550674,4.1301395860223575,193.43788426008027,20125.689707069087,13,0
86.0259390938809,63.623899005654245,4.211612680171855,8605.171151396078,1808119.7962058298,801,1
87.91521873779978,53.0219382615613,4.19395547408913,8809.529232884057,3435484.484416005,705,1
27.945208862782557,16.01918112556395,4.123594956476757,150.6721866356398,6107.756229314061,8,0
18.64650892096918,46.381652708469424,4.98202774043236,332.85906168755207,36722.44373252562,19,0
98.43904844614991,86.87235032182882,3.548057273724895,41.27318949084429,691.134427428,1,1
38.90439794733616,58.72499246820214,4.267756148053602,117.11349258820613,43579.56597946494,5,0
28.5331314151819,50.85467169461653,3.438605169618027,364.5747343112657,28381.69621565618,1,0
81.88880096687082,52.75712734628732,4.821250193922589,6991.880446878036,1149575.5846131868,375,1
85.71646624298143,64.40638708130646,4.761143480912918,16817.153934634498,2131821.013941882,533,1
16.376783697631375,52.052405142415516,3.9057892293645526,322.724050621712,32546.17795929164,7,0
7.593119733270064,30.929005808342595,2.691759676411218,231.19189505665116,3405.9542120625147,14,0
0.24672316000196926,37.13449872547427,4.487159024467383,159.97100742319964,22198.44161225102,8,0
21.557101556029355,39.80966092242558,4.158558016983868,262.87974482299046,19203.890910206814,2,0
19.644204892222774,48.26982830177412,2.480315531517234,471.8326468102517,44548.4858119367,10,0
36.850003830853254,39.56379511411029,7.257510192519417,60.06539965961847,12333.292418636614,7,1
0.6532516389324927,30.878723023851904,3.3683997612178613,141.39126129311478,1124.739950750349,15,0
34.69299726635008,23.30289510848341,2.591686173387729,299.6038337352258,23637.02966024148,14,0
13.67403017547602,10.07640560971453,4.277377051246771,210.4933327016251,1585.2434626229856,18,0
37.87834258878404,25.640097413920635,4.131343966227423,234.68525135784077,6313.591413111282,18,0
35.46809528830704,27.95457988622339,3.577999597655231,399.8497787561547,9888.416683771156,6,0
54.558622135055316,71.33547188514689,7.175222329664054,55.704188531599335,13202.03343535458,6,1
17.374699207146964,36.258102485442706,4.979842013225507,437.2499767797286,22390.884175316136,2,0
26.621222561790525,37.053551945887065,2.5874993611569685,191.8311761592445,15051.047551266107,8,0
9.76323832676632,20.529695456139414,4.315926052745099,165.08971220753546,35963.581897811404,10,0
37.49840647013081,36.74548356968117,4.565109427478971,304.9709146150618,44564.477153166175,6,0
15.436644663337278,32.85330633981313,4.063690290385556,203.1809045354015,37418.59405955889,3,0
87.16933200597101,61.17115891433617,3.6985373831967383,18031.790567795884,3280463.6241204743,306,1
29.879684369240067,19.597718484193695,4.756107578566035,329.46613632888307,13834.78669150079,9,0
16.845519328560027,51.89405137056909,3.9086511474028605,430.55567114455494,47848.59743884396,6,0
1.7948982957654103,32.89001620585286,3.50846389502805,244.41914393758015,48896.36261859517,19,0
19.052941418772946,48.830496550516905,2.072763726428103,38.89693397694396,29867.662458478135,7,0
30.705603090390248,49.19522499035343,3.5476546784173526,147.67854880466643,26498.589904003296,18,0
95.62821835212293,66.28803390000074,3.2976976357692176,12198.675881577004,2050181.3006790094,631,1
32.36241030433371,27.830474497572922,4.103203621572842,435.501867098031,48632.170476842184,18,0
51.99856502571677,73.90618967684398,7.683307861512234,32.69019663376142,7713.413827913481,1,1
29.21945494315461,18.675191953794354,4.899009414802602,65.52051631481746,32129.385106218786,3,0
30.628494072158546,45.71641169510072,2.542728223183278,141.81543416842385,30224.45847744949,7,0
26.739392184143668,28.054884078918427,3.2889958583455137,298.7053848981807,33880.98137836073,9,0
24.64447832312469,28.785742509052376,2.696812026122915,174.48935718640314,44395.85055988825,17,0
34.87587689488377,54.91201493282174,4.4625653077913485,252.40297190813482,27145.038345813955,4,0
3.796334583858205,57.59857142370449,4.26056711521746,164.56562440290554,38664.8904991755,10,0
83.49164949194315,55.419905608273524,3.1572462826418475,10723.733532190949,1919411.0587863713,893,1
14.733630045582156,19.789544363853068,3.4707977825262755,138.99338342258946,37364.48400570952,3,0
32.15355784882144,20.623656287629224,2.234114163381988,206.127602858893,38864.49825767514,17,0
30.03863896659158,42.98770720163457,2.8073815653146856,353.41329023637627,48150.966045174886,3,0
83.04669054177197,61.124296864227276,4.1076619929104625,17359.972325196915,2932703.7838983587,242,1
14.973695093919112,43.30912177379666,4.816426443392482,237.71499744186306,22698.666317710737,13,0
37.0988628289889,24.934342172755635,3.0630886728025515,366.8389341016353,21987.770631761556,9,0
17.14790049198621,35.36723253469161,3.4386482813748964,184.98010424129754,26147.918686202327,6,0
35.45370135945812,53.37225643181178,7.317837880220811,97.17287759650408,17065.67077113189,2,1
12.580284099101249,59.288642546994694,3.6613128352292197,476.7877789943723,37370.18194472134,1,0
35.20959871270608,45.861336154680735,2.031128687309543,402.1794895757363,36611.16295467419,15,0
99.76737241584385,77.56618586205519,4.673517004393833,5592.120581659783,1168142.3963147416,933,1
38.78193774005298,51.71394932787902,2.8640867737479097,19.6988844545958,33325.9818836653,4,0
53.73183242189775,78.46592749560295,7.217140624925565,77.2511158234192,9599.529179025703,3,1
19.502685508886554,53.54421707050602,4.315593066710755,393.17469856386924,49496.043137062035,3,0
81.10575671790764,57.539823682840584,3.3783986308941856,14904.846808732713,2735166.660884691,200,1
31.32830159648185,68.7422123662405,7.274052919647267,47.798220297133966,10033.249483525526,5,1
1.454631695335138,36.461122835573306,4.340347605986695,197.2534961833364,18603.033343913765,4,0
6.726098981750264,39.49910900144167,3.441003572838695,343.3094158500541,30768.644208057634,3,0
90.28619569981882,68.39630731924139,4.648326989105946,10331.374463231987,4950738.797124324,440,1
10.395095137209625,11.091931772209175,4.76699862235471,358.14318279321606,8675.48399956336,1,0
49.41875389574486,74.27826114446455,7.779384727445323,56.087180888088675,15490.186164671733,5,1
17.175325693392708,51.782527934210144,4.058602276796298,215.9586273748975,20557.483391323356,4,0
1.4328102371000906,23.795526424099286,4.279092057621648,288.1058580040178,31602.82379743969,7,0
2.2431442702157334,42.170529743608846,3.8407581877282304,299.4621679646291,37328.089593931465,16,0
30.68722729109423,38.987606838992875,2.386425911065153,429.60171116014834,11608.390660080637,15,0
33.517766782661504,57.55539513186051,7.723252960386574,45.012338812186634,11799.45590897106,1,1
22.209546954338837,40.27584465424972,3.3917518171974725,496.6003705673896,47414.29022800907,19,0
4.651393292345212,33.95057261482671,2.8293471935792125,295.48420906883734,43084.27580393956,16,0
7.336964268222621,19.40132908997926,2.7398489893989675,148.749891644329,7022.58810474917,14,0
2.5727671309264943,37.54855230449665,3.4055539150260437,247.5565477934622,45724.88804779624,1,0
28.217444067241708,22.69910663262487,2.5059884894871893,164.53277000923745,13698.352485652274,14,0
88.58568851739285,88.33703651400461,3.2602842349270276,11552.088981064575,2565592.0831905,378,1
30.48416191548639,47.212398356254575,4.992595064836182,173.50053797046542,15296.837105314858,10,0
35.8759652504483,24.474180188275234,3.5617952890546327,38.27374047901112,43049.25995613187,13,0
8.972634336171645,24.10293583918551,3.2919297100752014,229.86209905440424,29524.777773920494,17,0
31.071614763161463,26.326735577927842,3.3133996259979357,111.21313033490641,38339.98670820861,14,0
97.05744839629106,88.71459962390298,3.3031033108454126,31.530178935838837,155.15849660885684,3,1
94.84080151561845,89.25469258576082,2.303738118548146,32.66743198181338,991.7942476811927,1,1
19.461993301926665,18.522342145234234,3.5577387873928243,190.24525680432123,21018.06296664867,13,0
95.64270729206157,54.85470081732161,4.119618095809026,19260.314124578646,4975642.566742349,688,1
28.02276787984499,56.60739285698518,4.011532747476126,312.3416058731162,9030.899538122705,12,0
60.416735551310815,36.039048693101954,7.975666271687156,60.33484474386215,16667.520967640135,1,1
36.32132873124863,26.43479708692101,2.9636669435009466,245.5261034267174,24463.478343401905,3,0
33.036561604269586,33.44553154780773,3.221898738339682,425.8795950004271,22244.263123720873,9,0
85.5109278191519,88.69315356444176,4.959450875331597,18855.709394722056,4525308.16270965,633,1
17.55672371355751,16.864549957978422,4.20773027311944,16.809024825461236,3512.1437392682997,6,0
89.07730344457183,63.767058149205226,3.992285358806278,18618.41480153545,3178607.7189351977,102,1
82.20286564930495,61.03385581345006,3.1437593571187463,13689.4817052942,4340165.549992511,912,1
31.621804507414044,29.4562357360349,3.6216402262410514,298.3647547898077,21840.05908910278,8,0
4.679316504867392,48.62007145972511,2.351650833813037,404.2770486459914,31344.117252338965,16,0
50.10193172496263,40.43521874981967,7.353699344292165,12.152019614076721,7649.909098409388,9,1
93.92948802199169,88.36551875222403,3.78817831739861,13089.849667022603,4130322.944247362,970,1
11.393866187657036,12.981470593272512,4.445432892681428,144.3834420258421,46241.69346793778,4,0
92.69476833960799,71.8704524041448,3.624458303359081,10685.550077785643,1866274.0704822554,408,1
21.09522301285452,11.32430238678935,2.4561769352608533,35.906424750690654,48356.45134287021,8,0
5.254413607454174,58.70186827227986,4.2049395367473235,461.86949678306115,22813.157253547677,15,0
38.70882680851774,53.03441027320965,4.185919298551973,231.75338065795148,6100.836968305235,7,0
36.402511288783465,58.53981423874898,4.007406785601951,29.380008614071624,43759.531127756185,7,0
14.920707943828111,10.599293186939253,2.3661893634749815,352.06853367290205,49039.45213782308,9,0
35.14965737758915,37.48223009666735,3.9200474276358164,376.3653399802238,19174.66886814327,16,0
32.221201079973866,14.83216276706182,4.298996401996648,40.09461045298868,15157.889956396279,5,0
24.60467405896315,12.52172111468661,2.58567423107042,275.9746512457915,12507.448166690667,8,0
13.397270129157173,13.331693165945426,4.788520123387762,64.66400550973694,43975.68167304002,5,0
20.10015596245063,28.351071816050517,3.112943649651612,131.95837053655723,47138.80404963213,16,0
1.58548910262438,56.62481364969985,4.636744746158982,101.8275960697893,49099.793978994785,6,0
13.897279286461451,19.42231242568919,3.879993962360237,349.04485843328655,17745.020132579983,11,0
91.85778226375768,99.37062348973437,2.4276379271851636,24.74299223260101,133.97606843928955,2,1
21.228516328486297,39.43433695353494,4.954244484423771,373.49989592776853,34740.70974532675,1,0
19.09824353844359,36.28043720962944,2.421753231076117,456.3479487270363,44508.42890133645,14,0
32.88272248701165,10.073537968789832,2.9750200549052694,370.76079188057605,18318.677478144018,15,0
98.37830946499494,86.08591261338722,3.1578602265304268,11.385289575207725,683.1004328534211,1,1
88.35920387251339,62.28335240381305,3.9197309577098522,12391.687968218512,1579642.7491847118,847,1
3.712619067831393,10.976001231498557,2.282951844425125,494.0051084054908,20974.414799766073,16,0
88.69761564185369,84.42574080475924,3.2737849155314596,5602.162094071466,2860026.9517993415,624,1
26.236535253873775,38.828505762590225,2.332800363465518,186.88064744937873,33920.237422863545,16,0
89.11986135568229,64.13032529882062,3.311232973638731,8910.456842414438,1567648.5885860417,988,1
17.992176559394668,57.46690209752888,4.5962345822230475,96.2460658797031,6010.944389436522,4,0
30.001135890905065,55.17666303438559,2.787796508795002,444.0149359018489,22463.549193555493,7,0
38.669940994586945,47.409799938590005,2.789536200437363,317.93134938578487,34456.925827929386,5,0
14.87125645916802,54.99440211585884,2.2230133333467372,257.4309048353331,33939.9293992968,13,0
32.302192763506795,50.66630758203748,3.0826642917169402,109.13990208746125,43288.712195612155,18,0
11.522106687996644,34.240130326301426,3.404721724770592,290.897523379148,22142.223271231527,18,0
31.017270260794042,23.394309234373264,2.6610341637045227,363.2797998149374,23376.512648293367,12,0
32.78351180747534,11.267850495425455,4.993534114631068,385.7106922780804,9379.064653537442,3,0
95.48745904195593,85.44206064554402,2.5001890830341766,25.013877982047223,756.7597973800107,3,1
37.16425967772515,35.454327448817466,2.3953050034052503,76.98901777216922,18751.34833357176,19,0
98.84356971751927,82.83446482288569,4.826117588509589,7807.487940520792,2921538.0750693083,223,1
22.709840781050357,53.815431666691225,2.3768999478338255,174.40706882312398,23702.180370366244,13,0
0.5930318498154108,38.63176258527241,3.5157957124859167,107.27779218548619,11389.055705771798,18,0
96.94401884600403,56.82160482529199,4.133604459680337,8307.833395095593,4373353.44489271,252,1
6.741045877625944,13.770118094183639,2.105015857049854,204.26633200320455,27304.60892082351,13,0
81.09804258784695,74.66691927508741,4.267873240298487,7629.922753410494,3451047.921655574,700,1
1.2305457000564912,59.52307094432168,3.747440844382676,341.0625785061896,39322.6467447591,11,0
15.070312953394902,41.39611441340449,2.8020705107430066,217.80745783159875,32449.0733575037,11,0
35.13035627337151,27.800229778308502,4.829659732141268,217.69659869187984,13388.871016023555,16,0
85.50768507403447,76.96573939294102,3.635944157738476,6409.759959975797,2558679.4958895817,869,1
2.6425096163006634,14.130237531721004,4.825132816216789,385.6196044823474,10089.762307377001,13,0
96.13280887454192,93.91462244075659,2.1500824355799333,38.72581198628355,478.6477558119535,2,1
98.57898095047803,92.57107959465932,2.5832392854622395,2.490864989750036,549.9451101211046,4,1
85.13637188336361,88.52439849921765,4.202667499442576,14163.341091411661,2136148.307254567,982,1
37.001832923857314,50.18394190240507,3.331149507347688,267.9378376451483,36733.21868363022,18,0
21.45326616093689,14.290502274514902,2.620381160140553,145.66567338566836,23646.201876656465,14,0
81.01651750065977,69.04193696791955,4.783570733998973,7038.719572797135,1341137.5689445331,370,1
97.21706779900482,92.68553563046103,3.685230842804633,49.12160356277358,787.740254970556,1,1
60.67978990583312,60.1469324026603,7.307359469676606,92.24356236191757,9542.547481222755,3,1
16.438852746027834,23.469425062837992,3.0076293406950376,485.3792949290553,18145.36057658379,7,0
16.524597042283176,30.761444605435447,4.6582629238438145,80.15881165517106,26817.71333629115,17,0
30.50242654919213,13.752438627127013,2.7434675430173234,74.49947799568604,47083.685103082855,4,0
61.88911240161368,70.02505896835063,7.3309807946409755,97.933384339701,10896.019670485985,7,1
16.80266055693746,57.03074359185609,2.7735362057191546,277.8099401496267,18549.77566071246,10,0
17.610399426746866,41.78542580288307,2.9766115488856517,87.21200536368663,31733.537742227352,19,0
12.684592800974892,42.938884290431794,4.108530902156683,139.97777534709167,40876.579169045595,13,0
33.374695850126756,28.225014919545668,2.148333409487279,457.15724229551927,18017.81051679522,5,0
27.462143319899038,37.714149535703825,3.318942364597442,469.7538673994058,40898.97819403061,10,0
34.12766448229184,21.298311462008854,4.935557314697862,82.6214855567022,6498.2132607011445,10,0
34.69405230772993,45.437045372148944,3.7282771471821663,232.87666510399305,41207.933302519436,19,0
90.17777054840374,64.47473461627155,4.415063330113259,13263.5688599367,1389947.492311789,368,1
5.715998835087812,27.165913013089053,4.999111629473054,75.59509477915178,23108.511327385408,16,0
82.2581391306341,65.12248824719144,3.712083405026558,8393.143994018723,1593663.3190677306,898,1
67.07222462728492,63.44467126364476,7.700365672659673,58.193984879980626,10975.654879543068,6,1
10.650019139212352,53.08361431820433,2.6308252426430636,219.092221981988,30207.437847517256,2,0
23.908831653269807,46.715672138352566,3.0748330245298128,282.943671666585,33422.25281991523,14,0
19.43037648051611,46.82476569040456,4.3612296291807775,185.57115679287014,38724.427325230776,14,0
18.262265286263894,34.847150467971694,4.733261677452498,165.51282550642867,33689.66492593977,17,0
2.724599097757525,14.51858134703323,3.7968267583628994,177.35963237261618,13001.919392515627,1,0
14.287159882369886,54.455998439326535,4.555440093847331,275.856253824058,47464.734082154835,4,0
94.24675417850173,58.71963716942034,4.623344779185685,15349.613170039951,4527942.954297181,614,1
38.010055938336286,17.995549406806685,3.3939380934207555,40.5847085711017,29175.296013665564,5,0
91.67761118846485,77.84042515008875,3.146523814190478,19423.672987408114,3767641.6031676414,956,1
34.298703570319255,29.88468813641715,3.6040916314953098,463.51884066846986,6490.913399776961,9,0
44.607750495839696,51.17939240981441,7.981482901975861,79.44001787020905,12318.699722675206,7,1
8.923124171278264,54.86709863685943,2.615500611189352,38.372999323192545,47265.460463979936,19,0
91.84572562087477,73.51197896951714,3.2525095283177126,18020.560541713992,4952324.037424328,524,1
11.314295723819336,18.314017221930026,3.9106227375681843,80.06257368428359,14364.59055966172,5,0
97.14704491080249,86.08933831074845,4.888055336783625,7464.78334973408,4033329.1961161597,772,1
19.073152397815672,39.60329036705842,3.6045763888974163,203.64753019155881,26764.80236343292,9,0
91.30063800385693,99.72733775677887,3.5313940335808507,44.13790128955057,243.57470105751077,1,1
19.978019739315386,51.33460990972587,4.853700700898864,269.8371224650801,15286.441571261526,17,0
20.782350039243795,27.14906978829794,3.4300498086306845,384.523868309935,33751.07459669364,17,0
26.16216720745918,12.398961272214688,4.095970949122943,372.7087578094507,17042.78088353384,8,0
35.146681399166134,66.99903610499506,7.654139287023322,36.36330571396912,12184.82300226721,8,1
91.9127542675176,65.14429461668018,3.60759702771794,6323.443575223108,4642847.334852731,568,1
29.378527199822756,40.40249436190558,2.467248964680822,15.163184431224854,17768.202265374013,14,0
30.652232828259795,50.28864085951971,2.1763336930834614,206.66171545318994,23401.372395147995,15,0
39.63906137741425,41.275959147943354,7.8664934691755235,46.80042904459315,8303.703788285402,1,1
89.24516000169062,85.6019367823322,3.125017911537556,17823.81477358396,4455417.08352058,689,1
43.90982050228736,76.57867300444731,7.706853305387041,92.97379541906109,7229.003443027433,5,1
14.06512959407161,10.66532708437601,3.9219793992524896,315.40065733939787,13454.615753212312,18,0
93.72693253248886,88.12491836200086,3.7123114399438286,8498.183303093894,1336943.8314002662,533,1
11.302031133363993,32.359346195346106,2.496881987830724,427.59790483096845,48417.207252652355,7,0
31.072208501133936,25.709766677993514,2.8413284911308336,176.7400314207025,32314.351493619288,9,0
93.7682783138537,89.22585855461725,2.2011471767158146,27.16622826453875,311.79128344987174,3,1
92.91919778610806,89.29117505985013,3.4591824661578436,11831.171502502915,3037435.6404690472,674,1
93.40165568145207,84.27483474002155,2.3045722180467036,36.468756911967695,682.3488392848741,4,1
95.27041295723933,76.88438840645212,3.323668268356506,13598.636571060577,4911462.99930119,858,1
21.29366112730795,55.73795795577502,4.17993574224386,420.7419008493769,46331.64850069423,17,0
37.83571684121355,46.577886720419095,2.7666591233776314,300.6037381973546,30316.287180923933,17,0
64.76037291356687,34.48155524306137,7.878045637359077,77.37316034912389,5126.674427407126,7,1
17.563432414797845,41.26902480336684,2.8083885220808016,239.09621674284452,38797.13254341191,4,0
7.5846751736497176,13.997738421033453,4.3136869915487,170.25327165714432,2592.694125886793,4,0
33.02377367580662,49.56129584771869,4.611968749789104,15.537056969036295,24098.43053653847,18,0
0.15233228765467288,18.151604527939597,3.8447329319878376,142.86548125421075,47306.67774350847,7,0
1.9428758689299785,28.6655602984595,2.3024706185435466,255.6695165871981,29003.168055625014,4,0
5.1129751995387185,55.54195904125919,2.7145222638008826,273.01021286028856,12953.648063852685,14,0
62.35144914284057,31.748489164903212,7.349561822584924,85.40387811036557,19991.582118727132,8,1
9.702913279727241,22.06074174192198,2.1985993087385585,331.49188004758423,14027.368876948334,11,0
1.6542369579532812,50.06035660277717,4.792298653686715,26.631194787452092,27059.152838102164,17,0
35.094274032979285,31.545123085646498,7.68614063479391,83.43305527331125,11784.420400251354,2,1
23.174203856594197,26.4683417784853,2.9288905862223555,43.75252008839441,13239.009446329897,15,0
34.423031054461994,46.96468982818581,7.272949106443389,37.005950043701475,18723.86536439499,5,1
24.427703832455304,45.35984046999817,2.1069835351017736,150.6048097958586,47393.93480157731,1,0
15.319144270889012,10.564475703476381,4.521605456373184,126.73683992023435,26195.074913767643,6,0
37.230429077836796,37.6910541551766,4.363240862046737,340.04130429784095,15863.291832233208,17,0
56.599986926447706,52.149963980861585,7.439117243938297,44.443691876488835,7468.388353841878,1,1
15.660567673387163,43.271836780119,2.6388202342746068,302.08121895184695,17890.397888370662,8,0
35.90935585680799,74.83041212888483,7.689665444901796,45.99453542757208,18888.061672855394,5,1
83.61195712000763,61.19615198877362,4.355632230497003,11439.021756385406,1484685.0267197343,575,1
98.25692804963532,51.35845570762861,3.4240650591720385,10155.388530604483,2126757.0452829036,346,1
20.909347779028778,27.835177012013116,2.007387918845511,414.5258914829838,31301.953595155923,1,0
23.434881328393047,40.81967008631007,4.16969743097996,184.7381712966944,47800.8242130824,6,0
35.59872836914868,51.91307406804782,4.575122918631233,438.88834847951625,32688.969900818247,8,0
37.74511516066491,53.427085897731835,2.182390917433362,44.20939841899511,41079.70535513445,11,0
38.08517725320182,58.947225501770596,2.499034204061382,272.1800940441185,37622.75671779556,1,0
95.02608793743251,87.26876723794548,3.471400754829494,19610.092826781118,4332329.198650403,596,1
37.87102468012377,58.79630270241913,3.673261376968857,405.4943993212275,12955.430234832958,9,0
32.273304594520404,44.96623328063359,3.9072226132338073,341.9027703652343,8858.455021201898,6,0
31.525674279924377,16.405075700674658,3.25358583236293,383.67108794108714,31284.806687101383,6,0
30.566921190864882,23.576869948837896,4.41247723824878,319.5841056893495,29299.415842924853,16,0
11.700813362546306,45.42353750915906,3.9811056432739065,224.50376262867732,12321.49313012976,11,0
33.16041037740335,22.96961429546434,3.7611260610401955,24.635584526170135,36297.58777358447,8,0
93.2733181721459,91.55716955171236,2.0081395342455193,14.646623816503068,571.7040988865549,4,1
38.24203958920954,41.94788045471008,4.4423880710991215,150.515282871151,3038.7104413962224,13,0
82.95848757237732,81.28943316383007,3.028013500488599,16574.43584892212,1129124.470658295,323,1
1.7003857749979634,48.00203773862819,3.8231764798270733,347.85612878160293,47118.89936297578,3,0
86.8057071479041,79.73178377134391,4.88483670754974,5539.019444877217,4212439.050473426,560,1
34.1352880675009,19.857316999212777,4.051464514815788,210.92467554916152,48135.15628820649,7,0
21.280369561412268,34.04043735907247,2.1708188711747596,208.68906956018947,12639.156225502542,5,0
15.314744054554389,14.355403803133196,2.1937276793153373,259.88325592976236,15471.741157207667,4,0
39.840219000646314,31.986169652480246,3.5123118846008805,470.7866975284017,6498.722690244897,5,0
15.146489523498818,34.299223087777435,2.736360614616724,454.743660296484,18496.977016088473,18,0
8.786181549445553,25.863104570626128,3.7475358806787753,167.93349949561147,48473.35728483597,5,0
4.005736528100736,49.57093075709483,4.438625225249116,183.7996974480627,43650.36102150235,3,0
5.255112794561354,52.88371476251531,4.871107809715508,417.09701388530993,6024.02176933905,7,0
10.462213931272837,52.44775838002046,2.1629237670422032,386.57573446103737,42979.76303058306,4,0
30.018967878449672,51.71450886762657,2.1618070973206716,351.67234732162837,37761.89106282371,2,0
0.7273673415224646,32.92760662426266,2.713918613046042,495.99178764726105,9504.543032419118,1,0
11.701073103931883,48.13739620776792,3.9504611774036116,375.2080800500763,13224.760718021462,4,0
28.925128739789734,55.255289329449084,2.23199748390583,299.9779773228074,31076.531555838294,17,0
16.492464480029085,52.350036861097486,2.0436527913643405,264.0661485138776,27690.914625166177,1,0
37.457343727867524,25.22823885494627,3.549969672167463,336.1659398381536,18793.513730871968,18,0
26.830186386129498,22.53726006051108,2.2835476771996546,424.9400452286958,2525.08882812735,13,0
19.23033809756495,33.56803378477168,2.2370569947942833,484.89085521982145,18448.62088169334,5,0
33.482368240809855,49.880491187609444,4.785099330572667,193.38978311730688,19869.486256931727,13,0
41.31997869496334,34.99310309102624,7.587009163083313,45.46026574105282,15666.606526321128,1,1
81.80653692695802,68.73018676101862,3.5023109501538277,8934.554904126093,3115836.071283444,251,1
98.29826606966505,93.99047792510306,2.373281032085048,14.01947116347199,877.5544224024483,3,1
7.103066798053748,54.487550766793305,2.917011743274311,270.1630986036267,47550.37682108186,11,0
21.978201166780302,19.890910189836188,3.6714138507847425,60.40675331332744,27374.75608998964,18,0
22.458278691132662,28.988211357467673,3.4116186182418757,353.5636469501363,34405.2660017664,7,0
29.320399010767556,41.00989793957498,2.2313706970758065,206.2304227401063,1490.3865064453425,18,0
29.131454802647518,19.10813983173312,4.208941166931239,237.9527089544066,47391.23985122144,15,0
23.857067082234202,15.001667405479415,3.2355149296318433,341.48949137638147,40521.512925779854,11,0
17.286495326643315,54.664610724487055,2.675124315396384,150.69120223966095,43294.384052888294,5,0
94.30775156857605,96.68836152648268,2.982953600099584,39.6281641964175,761.7519085385579,2,1
96.15829009230765,96.36928701116716,3.3923471262129445,0.7812436309998116,600.9691517375452,3,1
82.47034838079716,64.90503373885429,3.6282532934334135,19234.31963462154,1536945.135204832,540,1
17.0098674780821,13.931004708843611,3.624907068891469,93.0960856371941,38129.12888112555,17,0
31.776529191013267,31.097297411996905,2.4241919373949874,25.50732320765652,5992.58239710285,9,0
13.082465518833303,41.01702028929151,4.301196340351172,371.6086751528853,31374.678177188973,9,0
94.69591266128671,97.69502721196594,3.7633330622839916,47.56266783276987,362.09714194930785,2,1
3.6587498031204957,47.793547241478706,3.1541542482824454,161.61276207722187,22082.25470994555,2,0
27.80351626984551,58.675625191828146,3.035496492915632,306.6285263294256,32714.27679529514,5,0
18.573270785748072,10.125655842066625,4.94552963388143,481.85723596539316,34757.65104449389,2,0
37.87582279360603,39.79982379473674,2.7519587960332474,209.97064039012955,18825.219453158563,17,0
20.210642166935703,39.76193299527503,2.4540099167144414,329.0755750593145,36950.17080941955,6,0
21.545946508468443,20.90492469946787,3.2319877233614407,60.51269496580843,39592.18407856301,5,0
62.74579075184476,63.062075714032524,7.807443717164292,37.198980443653845,14801.392567050698,5,1
23.57409969385276,50.05159174997846,4.856486685190756,43.35110375309305,41999.08085371164,1,0
98.34764162965493,78.45236606112795,4.67512108585265,15852.779925549328,3445962.357164415,222,1
26.284676862165455,23.001256684103566,2.2265393797027504,362.9950119988285,33725.72305935918,3,0
33.585337237854574,57.84202382927693,3.967958783352188,131.69556846590146,15642.09703722539,18,0
87.67659846747554,56.383071207942635,4.081238053692938,11554.587462548061,2357805.9236049377,914,1
28.92272184096154,54.0804356549978,2.956778913700525,414.32150621396863,44432.85005726145,14,0
32.40501711934009,33.253336419741885,3.277758220135902,253.51196470453988,3142.394661245758,10,0
91.7316262682752,85.90184515795754,3.217645510675505,43.0313743298572,390.6386379871906,2,1
31.74970895835243,30.49131575561498,3.392524511954689,492.98680442895693,39083.00204867883,15,0
33.783115364369245,26.952777253630146,3.8798071096210363,363.8702396246011,9595.449506403287,7,0
15.616078549156,22.783640048767126,2.879308405735855,301.85576307925277,9635.745375292772,19,0
26.776877267138218,27.01335997042547,4.27309129106764,34.91054728156767,13969.659421836504,19,0
94.34364278184124,94.71218872474458,2.3061670960675036,48.12695616418423,482.22572820141005,3,1
10.867069799764156,27.316631820746437,4.443619774577849,449.4124606516773,32779.53267008376,19,0
19.104470985219205,32.485902966286964,3.31845625955105,160.14985643460327,6205.571207312919,16,0
34.6571996154315,58.634818786008594,4.545324187879922,420.17909362553456,40494.03701410619,10,0
27.691545401898303,20.1461672765354,2.7655075086985415,259.11159810373266,8408.22226034147,8,0
96.53681444251256,97.39322952199359,3.8533173374853016,21.385710374630268,999.8606992176536,2,1
91.12763792049573,75.10149782393808,3.0726196504105454,14073.852536666565,3690895.371202029,297,1
9.973478786946766,59.19030936446111,2.255827133256852,492.1431987852484,23719.032036932786,15,0
7.463734683255581,56.97588219039438,3.568732245511969,46.85302758733834,5918.431268285453,3,0
9.322075998091677,45.188149882658564,3.1719222780126577,62.510922831004336,37528.28925058085,18,0
82.28603542252057,58.4253490535515,3.5435725128711795,19770.431391567246,2140802.306681564,194,1
4.802069109667726,19.366333184049964,4.811736324922856,29.70919616875445,10470.05060990461,19,0
34.9592957627451,52.35377318392221,3.3947644402792942,198.36793776613433,38661.21773638924,7,0
36.51426157484962,37.34680972838534,4.5701085393076735,464.39133818524425,12120.428290264586,18,0
39.04751152050811,54.86060463917024,3.019398890338491,10.848425633703243,23121.65991187241,8,0
10.965548802392524,31.40631518539655,2.6697375916579293,411.01251925231344,14746.312731923324,3,0
48.34005387573214,77.81983072209013,7.593931959570884,61.258335786835,11822.540364283332,1,1
20.37131085460601,55.83391662561965,3.480237737201084,109.89529878026305,28322.72072690571,1,0
92.19285256650069,96.62630318450813,2.885539625628061,19.931507015556495,96.52698702016949,4,1
9.628443546151114,11.67773019313101,4.973146185889938,288.8395708728239,3257.0714216175024,19,0
92.71340755528493,83.66620996181001,2.633678049348462,16.002421386852873,562.4147903124097,4,1
30.11940032222335,13.81616864725371,3.297988441490707,61.50094387150824,25103.910067871646,6,0
96.26254833491618,87.82392988498191,2.3361900127637716,40.722195187175274,813.1205814918819,2,1
22.221368850409476,24.18885065873163,4.755161594396019,360.89598627590846,15760.387420004627,15,0
65.12087136899476,56.921360681899415,7.357053291400462,51.20089947044577,13109.92619281906,9,1
29.997316951879892,25.690520289649918,4.074589542525539,214.1526204563024,30009.25677825279,9,0
22.556961152714404,50.47941888016639,2.5963128078162114,447.3315046468717,10240.59022197105,17,0
86.17534409474634,77.21073312018635,3.0798556901969985,8964.509964279345,1608814.895847055,675,1
0.9880917674911505,47.30244607093363,4.028210702593876,438.6820367439839,17827.277671657015,17,0
2.796717738150609,35.65526053339673,4.4054821817043015,13.573322242584087,11688.298252395409,5,0
2.2164481219989174,45.0552167814308,4.877904129522541,220.0970724237734,39700.458806864575,15,0
11.417275389393225,51.36745174243122,3.758920759360764,306.62217895910453,27752.395612445798,4,0
8.697549469992062,44.00500811184674,4.014758518349083,294.9491657140434,2255.3876657191304,17,0
23.63730278974011,44.65382460557374,4.268375269379215,205.07058741116626,36750.20731908791,11,0
30.376280799863835,44.23854235627899,2.318892415286369,441.93613357935305,6296.458910230751,11,0
38.67812633592219,40.79531112681198,4.403867939817702,113.80299534871394,17044.581674159126,9,0
80.66428591267972,50.49925742940279,3.7115797027923856,10614.544299742178,2100106.536861213,208,1
85.92664874451535,79.23108308373678,4.259890348425501,17804.71682947829,1964586.269112627,722,1
30.511050873967505,15.296246788069059,4.48149453416222,60.181960186676015,23955.650169704208,4,0
26.86779513901427,14.30875928805919,2.7813411290447205,73.02260822281298,26038.165392826,4,0
13.291143638749222,55.861547256928944,4.63001841620444,99.19072203466635,13422.29605421726,8,0
3.5623117768786905,46.27805494257272,3.3681138429727415,89.72035031383996,9661.416184599553,19,0
10.906821201501003,22.796552830217617,2.2137164195604635,228.1597936593733,42546.41758128291,4,0
24.77775579329169,12.381574783148931,4.802109746172936,499.81803133938433,10718.27522098603,2,0
39.05609704843053,35.374275155994475,4.38935542209551,352.17501975572355,1985.5206393817343,2,0
33.7157752672604,59.425478517999174,2.435676965590901,24.22620852907865,6600.027966136073,7,0
68.13181024077552,53.29737779814728,7.327627651290035,16.63841742500911,9050.968092547297,4,1
35.84719319808718,28.730056299368652,4.049062246251448,411.17183668558323,1640.9490290894937,7,0
97.26275894971164,80.6725086912582,2.457869300168264,4.8025905742287325,370.6599676567672,1,1
5.871583370580167,49.62805589884147,2.838024411090194,197.56159646582464,32720.09576751219,5,0
86.96902211518683,83.14471943847968,4.449240775611641,12349.691762978911,2372779.6777396956,265,1
19.619580848912644,17.975809272864677,2.060547943777421,192.34894483593257,8937.339090167943,9,0
1.8293359304110846,14.391328379355958,2.255277216478257,401.80335626583314,22214.526433815136,12,0
26.88064682912831,28.816116994312466,3.421624058599323,499.9706131633572,32299.095560686525,6,0
86.568303718236,66.286836514231,3.262262201641338,19023.362964387023,2350007.243326497,328,1
99.90089161053035,62.07241017797668,3.0206373749551485,6660.816521741235,2010936.4361177874,388,1
96.578987512693,89.08280741913616,3.143388827162724,10.018188105780347,729.9327008762268,2,1
7.039587131605898,24.24090749589,2.6446336602236884,215.73464612501851,33645.1941379387,11,0
94.71622430882991,60.841965701298136,4.583738995933323,7155.296613902063,1157087.9671697463,594,1
32.726176539712796,21.72900331092223,2.452422553395092,186.38817621082163,44952.17911387683,16,0
15.166699001204513,40.5503572035705,2.0689643196064074,338.2466675579367,25048.261218921823,9,0
22.61770064714391,17.615890632894526,2.4166406346063196,369.52076628473037,42671.320332589996,13,0
90.02028347188377,86.67656183322424,4.208275598906607,11148.20304235855,2868570.234072921,107,1
30.749936375461658,19.897549842780876,2.1530893504332673,361.6130103596732,27929.552083864353,19,0
25.47481159316442,32.635992480561086,2.145831644350695,100.35501403826987,42589.77484160338,19,0
97.67881617867259,79.42726357052514,4.447703163815108,10592.611165722472,4752956.44167513,473,1
4.91472610866166,59.054206727058464,4.922102576400698,193.50311195603572,13440.408289138188,4,0
1.2158039257886522,17.422738989259727,3.9019164837860023,181.50949153049154,21256.613834117707,7,0
33.11544654602179,47.13949606977372,4.625039305736053,417.1361328555606,31397.234564680602,5,0
89.35959213329514,72.47039235820174,3.2234613758153374,17114.49177551827,1218374.8408854832,548,1
31.659087459821123,20.22040098633753,3.383098076288877,135.26373226205925,2272.972197115011,7,0
17.552501061116423,40.02684233621342,3.256284048673823,199.9160999678153,13908.953293888982,7,0
65.72997134428766,30.649349701866196,7.06391138053841,82.48175879338173,8078.7116341542105,4,1
82.91455117896801,87.20742801875973,3.551136488857942,5908.358842313056,1230469.8323425555,173,1
94.56597322553947,99.56426764611788,2.418726644103554,44.77662441770779,438.15743320846013,4,1
29.78643900186833,44.025767713818134,2.0729290431150056,231.27309570423716,19275.522566420772,5,0
83.89065809265935,58.15144163196618,4.434149820116155,13598.064160720058,1130568.062380413,518,1
1.4092643258596738,46.78210356956317,3.869303013161306,451.8315356137604,2821.625626443351,4,0
84.63834733333962,55.884441444997165,4.796307851220436,10468.940421526673,4324288.167560138,313,1
15.157167588027658,41.65364706349449,4.663947133218265,24.140023941123637,41023.492349559034,8,0
9.518940495806568,54.27112476609196,3.45378486963789,144.36535157051122,29233.954177980664,10,0
97.31702975542083,90.13394725554151,2.4343059292160802,45.371863715646334,975.938589130173,2,1
38.86046627654942,23.928116684890746,4.221002505385423,410.7066303636675,21848.14319183207,11,0
2.821983413569593,42.61330903614508,2.555832026002907,231.21691123192772,32925.177376704945,19,0
32.51413153360862,12.371051537812342,4.742660992644699,214.93901834017345,49866.66723793029,9,0
65.17527186922659,49.570325720053354,7.695025528050528,99.54151930142172,8814.509630681092,9,1
93.0779628744671,80.58246065563488,2.1332050104220546,5.23918950034038,766.3450176355811,1,1
93.87499323702353,82.6331482688019,3.4408527739601276,9467.470514944518,2734289.0579665354,596,1
91.2203853009511,75.73042503043534,4.982654771942978,8875.970611230512,4922344.070935631,223,1
3.350806737707628,21.802969248385853,2.9754167353979755,213.44468212123428,1154.5796048021693,7,0
96.2820401435039,99.8706745381294,2.6830121179715496,32.549824392860785,14.341736690118623,3,1
9.902305114537505,59.695569464177055,2.092328250472664,250.56240141312088,14750.935286826394,3,0
41.61799330319333,62.78524071965411,7.422337361253331,55.69715218930678,19210.4683974667,6,1
90.40246923825995,90.2260455831945,3.991148563769885,38.07977808917967,384.4772501414878,3,1
21.23322480334113,15.072535932908806,2.1683701728419864,253.842954598191,13069.130448925878,4,0
24.269647091405343,29.809613354178797,4.295472961312296,349.90680412505213,9684.793547449983,18,0
17.775198160140153,51.29659095238698,2.9198484758850745,79.53169781948489,1976.107527141723,7,0
7.5643472989018345,18.37835880993086,2.028289590015296,132.7954708638643,10118.435260805763,17,0
15.5756721831929,43.638347606337824,2.631042126620951,143.63451898105492,16271.493141364688,18,0
86.43034972930559,54.688499587044426,3.930016526724139,17329.06986012649,4509623.537302686,541,1
83.95542792302194,84.82534737496759,3.8836907130420704,18574.764065932504,2294349.4275985463,414,1
5.432860955333281,48.62870493640146,3.3165021855366605,59.91537429808068,32937.76940487174,12,0
93.64925424305778,80.24730566157864,2.5941710774770987,15.650379836851025,215.2003620004579,1,1
16.43161319557452,52.53890667255268,3.882791500879594,116.5380359146099,43846.526624954364,1,0
4.238934836553705,51.820209606636794,2.384802605619303,139.00739638845084,10839.414134186954,6,0
5.715158084740639,44.28258559153455,2.660757803350439,191.27426207215106,23976.199244643594,18,0
3.892473892757131,57.412598840950686,3.9277970278560783,456.1420494311611,18971.279623817296,6,0
7.882632082927743,31.52446480249861,3.5521053643270633,232.7003059266307,45892.75642641532,4,0
17.597735788582884,19.875662036556996,3.2029915427307327,112.53310022629074,25300.53090040171,16,0
21.197173506359235,42.75451113295227,2.970750674415336,335.2596261855747,46529.8092744687,4,0
27.59294485453033,31.787491126538278,3.8466210610740275,265.46897929286627,37472.123479790804,1,0
92.41623571119585,96.92102019851872,2.211289074108186,47.827163821612686,386.87829745098213,1,1
29.723179732006248,42.02045791905118,2.8863695703624117,462.3664403175772,2310.330776918321,14,0
93.90125926201247,90.91968906840174,2.7103822665655546,35.42551635756075,536.6205245551171,3,1
3.580930103283162,57.20023296517909,2.5742367807992563,187.54606347663528,17405.1479431876,13,0
32.06930213958089,23.70107016369272,2.9112235671792663,381.51124871413873,25670.052484819116,10,0
56.77833318124794,61.0407093363867,7.01860747761962,14.905822750155863,15149.744937669848,6,1
20.16250250283342,55.965946588905815,4.634709361145793,478.8707982407563,44096.63727467639,13,0
91.62569266798009,63.10674317395001,3.0635578045677674,8801.495802205915,3887510.8004674898,166,1
9.516991823494031,36.24721693008687,3.1296508215618335,395.4685395179003,25898.515818521933,4,0
28.395027752192824,17.29741337625563,2.9035389817622024,41.606176648744324,2422.511774631392,17,0
97.34346282624406,83.38103318139439,2.325773133839558,18.292154663079174,649.5713359138311,4,1
36.20003609002113,13.756099271387441,4.204600342154344,34.92311767283013,13254.169690335833,16,0
92.05086610305865,83.23383558303586,2.0402065878794446,33.35670496369672,351.80727079395655,2,1
25.328806370122994,33.62699328611644,3.7653378444525467,162.6684532019219,11845.013295181432,13,0
8.048149413339484,12.128606909504043,3.4896054611514638,263.79403254942224,4840.618687919408,14,0
0.9672144103955826,47.33320557777568,3.619753271655132,436.8096959128066,42683.037098192726,19,0
23.739625679338708,36.669799961707966,2.231972373510276,405.4013016217521,19133.418787210267,10,0
92.2317603422196,63.579642031077455,4.879000695890849,16009.169757052776,4897989.40515475,987,1
35.79194006597136,15.48959617872517,2.2871252564020406,377.02833426283956,44832.571750778174,1,0
34.25196015094934,57.581906388425566,3.4876576398478,146.65349169978015,13957.99312684542,17,0
94.37116163377037,85.06976818346823,2.52814264846573,26.77926273962545,857.486824706223,2,1
33.09423739408793,39.89908865845258,7.866876969366037,27.163194167066422,19022.312845986577,1,1
92.04795918440591,99.2868533101667,3.488244327604363,21.70517382328429,299.77808033001406,1,1
7.077398896013567,45.175573892166,3.9039352540693475,106.28031377552051,37961.297170757854,8,0
27.36121905407465,34.20124230389636,3.9770664280908448,240.514080356495,47448.279186281274,1,0
12.65140169346498,51.96890416836956,4.320928518070726,307.2165949538223,16996.676197876815,12,0
23.915563447694424,30.431599049711757,3.205977910157719,105.25653785742982,11405.289305244396,14,0
32.01037971655307,23.933497299382985,2.087681415842246,154.73285902556918,40111.947441172946,14,0
66.21002977073721,47.057486318381734,7.054045260352616,19.572554428583373,6968.159995795955,1,1
24.10579184134412,22.02745354285653,3.8475319306518916,425.1094253052455,47962.87045548802,3,0
11.14682124968381,47.671580847334965,2.1973870650240133,285.2214485326525,37188.83112519354,5,0
91.93614458512958,85.39191280168477,2.9232160917523666,17.61837710087078,969.235421463654,1,1
91.80383685284532,92.45342884279447,3.372171996100395,2.728156173966789,425.3069315788928,1,1
22.67150586599119,23.1784880382522,4.839152805313629,54.26650487991239,15261.591185529767,11,0
17.90765918809095,17.713418948115553,2.4196121238901016,328.59717742148166,38637.81671057939,6,0
15.581629520318403,43.642066937161474,3.0533391752982375,156.38055814186066,10576.826151192767,15,0
28.594348364086457,16.495557641412457,4.85025389267588,400.8824933790522,1191.8654658450132,12,0
98.70052373872711,98.11034157966277,3.2717132875843213,3.20718653738627,932.5555318017613,2,1
26.401578943195105,51.699450450276,2.2408977946876094,367.5011205119758,23956.438012133505,16,0
15.385892210097172,15.154430454247871,3.2209180535647643,136.34553588782524,38506.014050550366,11,0
68.88983053818009,58.066995101559904,7.7669165640907,35.49270302510184,19314.397769516057,2,1
63.5263359038204,63.19072746915784,7.543483631502743,89.26988846271531,6534.676135781898,1,1
92.93785939671672,83.78677286093739,3.472069043534816,23.928211745383905,851.6619469908749,2,1
18.31953281633077,20.94076367088038,3.1661122387269027,397.6596121523796,3235.3565673757694,5,0
30.695337644816828,24.442831000094497,4.8224670319800875,400.3834520532883,14607.505694751626,18,0
10.002912088377652,11.495767055493486,2.610013414854321,363.71995703223797,45414.577418886256,2,0
8.322130312356633,58.2345014695869,2.4521881675302764,170.54959594073824,48206.476504081416,4,0
26.924420223521608,53.572127309986406,4.061114370441925,458.9681319891225,5418.047534520997,17,0
18.157199871660644,14.09703164060764,2.7275892543953275,252.6724235396228,43442.14622644734,6,0
16.98081711437153,35.132642002354444,3.617208944971628,55.33252824416668,6556.19635616979,19,0
96.9113611519157,86.86552782207457,2.914764967949032,15.654013816231426,595.1018765698899,1,1
98.48561596338197,82.62001120488164,4.961397012543581,13311.455791409006,4607984.356820764,895,1
96.96764289991224,87.88300934145225,3.0527224765307164,48.93433731101789,308.2716138331889,3,1
36.08537194071964,35.96521862887059,7.192188513033867,35.869792473307264,6289.73339146769,8,1
6.385759504252451,53.108325425513094,2.215718444613741,49.55385174787141,13134.009170862531,1,0
15.05988113490671,59.68289946342714,3.1515323180797044,366.94610058636374,23880.567936928655,12,0
31.867407790688492,22.332422900334585,3.132666434760959,282.2309380546286,9764.579483895046,14,0
2.1182072252510364,20.087747195393653,3.6806971604724517,399.5500923832029,25794.13239293742,8,0
19.06244796661827,52.54739218253374,4.182795703503926,205.66751697847198,1285.4830388163427,17,0
98.42035946579055,91.26177769562935,3.245596490770602,23.003080987711556,928.0500193689935,1,1
13.430244961371397,52.797108181187625,2.515829478898037,418.2859983684832,6867.61181392139,17,0
17.517291489574074,52.20946169288407,4.580921401972864,172.81161244606056,44169.911901123705,6,0
15.468362739202952,51.07898762799664,3.4621204793598763,293.91704485087337,5896.943065224378,16,0
96.05259887501612,82.33279193057744,3.470091590677094,45.57316731308577,672.9342639287734,2,1
36.077311031923955,53.72662513884043,4.0394386525481485,113.13691293459055,18852.117720734776,17,0
17.69602660635485,55.880770363485084,2.721529679533439,405.5199904700055,40682.83077608317,8,0
21.40948527073341,13.15248181739789,2.5206910018427875,92.4635229055978,23803.187191817233,5,0
94.91866536106629,98.1621090425599,2.2563650323893527,36.92387236185579,244.272770122543,1,1
28.218438486781004,43.97792785496583,4.731958025910036,484.61791857786744,24801.8771475915,10,0
33.559094909921086,31.379529333457924,2.367701467301254,363.2872903245962,35117.1327479267,12,0
35.83148226802025,47.573835845503744,3.1853845002424643,141.66235219821195,42611.326267260105,5,0
95.45561062435733,52.332243043748285,4.384048061574777,17556.87755891521,2424557.671478422,980,1
56.91474193553046,53.74217399890783,7.094292835331945,61.03315196765128,16658.50430285968,8,1
66.88940789208031,66.27231283921608,7.8698025152693045,38.87002123819929,6642.316081126247,1,1
43.87352625341855,38.45585425270959,7.261878305787084,22.122009317194134,9108.660977100742,3,1
27.356315352052917,16.618868075370376,3.3353237985622153,370.8968811536887,40898.250429940505,18,0
27.468256243623934,25.236754297043873,4.963929641919275,89.91236663472903,18133.919272948115,2,0
3.1268557630078053,52.07769228549221,3.817473746539456,180.15178414839644,3951.8047767962757,6,0
12.643551794168829,14.356877844774171,2.7070052172903436,498.5164025873046,21278.88088198105,16,0
11.600181092982847,15.207233525994104,3.7232088998308677,416.6059875120626,15993.087103575544,10,0
89.23364378416082,83.66738759777141,3.3335589646608113,19660.590223881212,1901669.4348827666,444,1
93.76005993698517,71.43263173444412,3.6362434114353617,11806.579485734466,2853745.8105907068,897,1
92.40740522574983,95.58732037571069,3.9847885204723963,8.536891649651235,723.2193499592901,3,1
39.6990636175905,22.42194146057974,2.7899918939505173,24.215626879751483,33866.406450534065,14,0
37.67784246415113,10.208377339310228,2.9518222540131807,436.09098534505443,39491.56718330272,11,0
93.73118763510801,77.0842639652453,3.773964726686657,7111.908415785012,1282579.7124923025,397,1
26.016657965373323,25.104093073559135,2.1835923579264436,335.14896184132255,10427.746931333957,2,0
39.06129455871228,47.6547737948991,4.9814286040126365,107.1503476599528,30223.478532552053,14,0
15.53718685401266,19.769308943655542,4.662592841264727,470.36495467723626,27544.93893630728,12,0
11.45119451062544,59.85371296530532,2.746224999164807,436.9613519678662,28062.605249289853,19,0
39.359112499154485,22.694319216109974,2.906726003897189,344.4975344531285,21128.53341501715,5,0
25.62958262085055,52.03345926853983,2.0162914321058265,244.38083751820986,11796.079633589321,19,0
52.36386232157997,77.64937281487391,7.372646509372723,24.092603286416235,16474.960981172997,6,1
24.17085938798094,43.946120245276305,4.306596948491512,87.17917819289266,39228.95434810413,3,0
98.95629769136542,88.23567317453617,2.573818281914971,44.29245749066084,162.54875553377667,1,1
30.782842799256205,57.58086593477538,3.8633113336824643,357.0364334435177,49318.570678057105,3,0
9.153200770441616,15.616894416315361,2.621570423308576,363.8106654551495,15642.977678492241,1,0
21.020311792426874,41.92389634917468,2.100656529799239,417.4875872841698,39431.449275896135,10,0
36.57043469637029,36.34243873671411,3.9158453735586893,103.11733341283039,40001.1036273491,6,0
24.838286421132317,54.50861301368724,3.369633824640884,489.27828991002696,48805.331311908,6,0
24.317062631315657,53.19117474154328,3.259763262049531,106.66787057851352,40713.59077080432,10,0
97.91154798608899,84.05401341194008,4.716548557394107,17865.342085016317,4128757.603248937,340,1
37.63086480336992,41.387906474406904,3.4198538705536015,27.455067116036453,19033.896693634135,6,0
0.6478763805412058,19.669004822781464,3.301213777613198,117.58995241756857,44645.52385542385,15,0
11.448827785955897,36.77113590505655,2.749369455294688,414.53499808635286,3924.189841068181,7,0
59.73360659044697,51.994443411182935,7.709932244217452,74.06781626606907,13067.334780152967,5,1
10.397487867672584,51.794096665788956,3.046238478979644,302.08209629439625,22870.188229658328,1,0
22.240145500307413,37.01664110617253,2.226569803126786,217.03184137934855,34344.38943159054,8,0
11.74160176037006,25.32251897023839,3.8996908532197274,141.6633095073399,13473.372960084418,19,0
90.43478642317596,93.84813878003074,3.3633531874627334,42.595452828018885,831.9683687237191,1,1
29.246302120086153,21.725513256385327,2.8082450261485237,472.80170696118535,2084.186720462345,13,0
97.4933973284267,66.4226254831467,4.026514798164195,14332.827438242792,2237680.4644134785,409,1
88.91449736757339,73.14578662368167,3.48450855548092,15850.458723265892,1357777.2218358333,970,1
16.284712574426635,50.418230113569905,2.4024145945957183,214.98164416506145,13264.700263155453,11,0
5.0078909425098495,37.89137773071066,2.0059976515105227,270.80278371346276,45586.281651981575,1,0
3.5698730927588906,59.18842049045742,2.5187611630387674,34.20700302486017,1382.951760516103,5,0
98.6996108254784,81.13886204885215,2.6721055162714755,36.14325600666559,669.9383358942965,4,1
6.160150409680063,59.4993441985773,3.225467947074349,94.35564896887682,22198.050763121424,8,0
34.64299302935737,22.494903045428842,4.004370266926561,246.45098624906663,18421.482631521263,2,0
32.94686108791173,39.85498258826607,4.71201044524828,234.44780073256072,34826.506919478685,16,0
13.540080669743674,36.157673068454926,2.1818985355596454,14.466553768448792,3805.305489532452,1,0
33.30365256569596,60.931994782025406,7.168092193134854,58.03093950309751,13010.5878377893,8,1
39.00948424439494,56.35613498290394,4.298320435774476,137.20716765153207,14050.339987873083,6,0
8.916993199460208,44.25662758056365,4.984141320156551,237.8546963011688,44408.01374377359,15,0
30.38410879917025,31.798107597986437,3.8391484376336455,231.19169428612588,11533.223426144421,17,0
24.599382681053605,36.5256052268557,3.604712753535745,444.84684491706184,42864.36098679413,6,0
89.29426005483454,50.22723237817015,3.6958269101501378,11119.103280235886,2884980.4460791075,272,1
91.93081149834975,96.80768805523577,3.583360072592895,28.81119502355129,520.8367770265207,2,1
12.466392281353027,11.926262290898434,4.426241486319082,251.95712786232465,34312.256600140856,13,0
12.181908347829618,52.94402084457334,4.228131521588638,233.42181634238295,12264.400743625141,2,0
4.725612349274266,52.97655750736989,3.3258992536913192,29.033260748919275,22618.639387143678,4,0
59.01433013256938,54.68141671977751,7.70792910548222,20.328970469574706,13381.375758822296,2,1
1.4927706071075253,47.15428678423439,4.868654349078602,300.5477588627823,21962.714756746947,12,0
5.436277559701312,46.86413769852116,3.498548391329687,478.5376577699868,3098.26785618985,7,0
84.78890321313172,88.07150187509777,4.611584623136163,8385.908182184412,4496140.388703421,163,1
1.5781157760613729,55.23896539230458,2.5719429767072683,354.0701830469554,38765.232363153744,5,0
25.161590555640668,26.549032022882454,4.087438504958478,72.10544113264048,36852.34847273185,14,0
28.523607805572595,58.04657110495765,3.100614499512026,128.0046464109478,17024.478207178086,11,0
31.80164275852508,48.058616582558734,3.947331021216982,351.40427990972364,40960.545729862286,14,0
98.99523181651709,92.55303141656866,2.4156627689353343,11.025898750876777,866.8323889568587,1,1
17.826475821884404,11.865904435959425,2.5520999536722875,171.4155324187488,2147.7577466265247,18,0
58.97299525223745,51.632929680246434,7.660119641060923,88.95465874467746,10242.030504934726,9,1
17.40725092045888,43.73467042906744,2.0473181060775216,38.90590054966277,30050.294595305404,11,0
0.9361125237919632,26.79583089204813,3.0174106160849665,48.76752386217942,30036.27372917829,16,0
20.996122286127875,58.368213311759725,2.2428611106233505,111.33310395375321,46122.965135556566,18,0
92.50786144179399,98.75247185399671,3.496835243000448,9.967705974698477,176.26992688670418,3,1
17.355359296943792,40.073420774848756,4.994121201102644,285.33678790925615,37350.07827445191,6,0
86.02783572400836,83.1271871012929,4.746749787531943,6651.211653856446,2123011.822677819,371,1
5.780105968672413,41.54453129721038,3.7755264660200076,217.31374498548166,19024.019337268222,17,0
83.69975427279466,56.64867396722914,4.152054811689282,5807.998704479656,4668617.030850025,877,1
9.957538267308017,33.6776730691832,4.17146784012431,471.38802754473863,47736.87286979992,2,0
97.77787186095992,59.35508179451453,3.5061214566774384,18121.23500911912,1920777.8076664375,719,1
28.57475157485354,45.76664035084309,3.812573349662105,482.39404767419694,16180.049214265002,18,0
23.113814696739226,57.6762722041204,2.1052683624704205,106.90160562860105,39088.47155560186,4,0
0.42727525035747504,10.495266973502329,3.8788515850339453,55.00775119563582,12085.760038372217,7,0
4.196217831561326,49.68224371202281,2.4657037599249,64.07270616585924,24336.529966720187,7,0
14.088016354350664,23.55671822210789,3.1658566645387243,69.12334422659751,46056.27541866909,18,0
33.16734935919681,34.32822450052964,4.678213192354379,285.32837180566463,16972.935827789952,9,0
22.065752974515686,24.805606749763466,3.835037698199109,74.54818950338428,41875.591254573985,12,0
32.10352502066725,50.647125587073994,3.549615777877413,222.9629252485906,18566.36854661444,12,0
31.30646032584545,57.53366428365632,3.6144000602751465,321.537546133431,42777.19924373219,3,0
5.362189812849745,38.06759093808776,3.8229702071207217,424.60198080013436,17166.81289975417,13,0
4.130990038504363,32.1970616316162,4.075014649051529,31.58831542589096,16150.99207941706,1,0
51.6272111158968,44.14561142450899,7.71168539482859,25.409107708288566,16396.836985084377,8,1
87.20207817612928,52.193877024913135,4.880647145180001,9159.682120299658,2124938.3776539676,582,1
91.49987894003215,87.76718673804163,2.414531762968771,14.984108445544402,65.68342397529447,3,1
8.886139332071302,31.540894763058272,4.657373529098635,445.00153149662776,24676.834383849262,16,0
90.7116688505595,70.79965478565536,3.5634917641050485,14249.44175366803,2457761.5710258456,437,1
22.73708862257795,43.036807394685354,4.906584875804231,102.20992980683559,11727.6208901043,5,0
32.8415613893393,55.584138350700464,4.053561931865696,77.1366434386104,17852.80646361621,3,0
27.271010756364017,54.843062792580916,2.0009167869338476,335.81462961076215,24634.66663414459,10,0
4.831516507115983,27.240948907326764,2.269995047331898,282.3803701114852,10954.334917720347,16,0
99.53987226417667,74.04882767879492,3.5853542863477346,19342.130946167206,1330302.7724449916,263,1
28.233838103906702,31.506707285703097,4.2906359262321025,454.5965138561677,13289.927103149392,5,0
21.562219590407917,15.536100846687631,4.007825970097536,256.65979059766426,43543.42354165481,16,0
95.60657276138878,98.87524908575844,2.7361133631061785,25.165763896726865,138.53476928102637,2,1
3.124782418451737,10.188382601283621,2.902415896469404,444.48668257094965,48655.65128166604,5,0
30.888308724903336,12.981529818247036,3.6355382987982914,271.1123563891584,1466.1130162843294,14,0
14.900447307634703,53.77691652350955,3.274179525336987,198.68371193246978,22712.314136055567,1,0
14.975129828744862,55.26031366277642,2.8974047601419426,17.03749274057549,21886.918917575593,9,0
53.84175623447241,66.00463544528012,7.994603162184529,67.70799571227484,18427.44008446352,2,1
18.12621872272856,46.39933281669936,2.7069765680526383,364.74949113328,9113.720425305251,14,0
17.514970284124722,44.94964469445636,4.442295135837315,121.20651294744765,41883.60131016375,15,0
99.91805609152607,88.56175120096121,2.286458568694857,26.494075079373978,784.8518192457466,4,1
39.13844424885965,23.739884357530414,2.258516723643793,33.1879421957229,35028.4917759604,2,0
0.12799376117771377,26.145271134685064,4.00015695894316,48.07274162524588,5756.823552214585,4,0
38.7391231781136,49.509411611383705,7.679287577727519,92.11013457448023,10571.377586620287,3,1
17.517544859184714,17.778296372406352,3.0173725091082693,390.78634320656,1732.1258482862759,10,0
92.45528921293057,65.0346936663883,3.8482893651560746,15695.631108163381,4067848.2896677325,994,1
17.358710984343297,15.974450412269178,3.803783772868736,98.73285958798195,8251.071103704333,15,0
91.80843929667886,80.11084699623531,2.39588740407547,14.986368292327622,695.674386677545,2,1
22.544032339109407,39.88267882234338,4.148722971614502,323.6328954848891,40607.27500661914,6,0
17.04444696604262,19.781410510131415,2.2288662907360006,280.3177619940261,7869.65234237253,19,0
34.46655733020716,50.21684222017619,7.408309381679208,40.823358539780834,12656.367537068027,4,1
4.879545404579186,35.35251708841366,2.8009291784242976,378.83874630575207,46169.47271723385,18,0
10.92042850404821,11.308341733302393,2.052268979142706,337.90684446188976,21497.133282093266,2,0
32.07627020947524,21.409205068836407,2.6576963961245568,312.2028272661093,23940.586507954198,15,0
31.393716723549446,53.53925866671338,3.881456332665336,171.67315790412812,41247.80678222409,9,0
33.717044235891926,32.07625247591878,3.838250735342463,259.1537089911049,8231.928315949117,4,0
10.592668030749305,31.742721604275822,2.1685728974781764,25.8483264545262,13842.622534388931,3,0
92.35354736133408,81.29200834258326,2.9794844958755293,13.344666181031355,38.89801216256805,3,1
7.34470867377492,23.155030247814913,3.22264238086744,453.1141291939811,24530.775849627556,8,0
6.360976320656566,25.50288457510845,3.481467044879348,464.36407200201074,43710.96309166411,4,0
20.050416913784517,29.826761300327245,3.6611118062575945,359.00314974143447,34037.16419851429,2,0
95.95430320520084,99.37137907603031,3.714921524963752,7.3867579586652905,290.6214555239548,4,1
29.31266327539898,53.21933074190259,2.4784230103532647,64.6643334306373,25552.157480573205,9,0
85.98745730058559,53.61288928226451,3.873733036921,12291.776841958788,3155240.884613198,334,1
69.19397541088833,74.10457713513432,7.469776113767921,71.14616774860161,12387.582382223367,5,1
56.841124490774035,55.88256477885754,7.179515722367636,22.275436378607118,16410.903848138514,1,1
8.569526106106974,47.230526895912156,4.19116761571242,45.080235126892894,38993.27967032674,16,0
37.58115724063626,28.02674331184546,4.931588348695593,255.56883555367148,8528.210963288628,12,0
29.425825875095487,48.95033781107613,4.2876970142519255,225.58298407801436,17426.421391077536,16,0
6.330342802072604,12.066594955049794,4.547873587017146,368.75497024151366,24794.884451964444,19,0
16.79449097170867,35.00267248617672,2.1433270001466624,360.04948782235334,29961.500479435825,17,0
30.160851110629352,31.986581051479842,3.434202276392293,323.12410913561104,35537.836017284804,12,0
5.688451780826229,52.22721833527275,4.0055996941598355,303.96687526714754,30767.44837642069,1,0
40.52284088841813,40.902419361654225,7.317634037914142,80.9299093413544,11676.065999022876,3,1
2.180282753264433,17.395795745618287,2.1531827882587042,97.00282086171974,17337.470401197126,18,0
38.768929833525625,46.32139906100528,3.884406962757004,347.4717392332211,3770.1076278135965,18,0
36.56010803383106,27.55747226833287,2.7111390608123065,471.4073498353305,17032.58646531737,7,0
21.1139959045312,47.274734065428675,3.559431307618488,359.6235409935245,32973.01995693463,1,0
18.046436851232954,23.661911403401696,3.10336049025567,332.294325258537,10003.00225733936,11,0
93.7733754937833,63.94916282543514,4.576726168748894,7486.782538792213,3753170.1521166954,330,1
91.7192210026103,66.15789627113281,4.468633143201169,7338.884171390244,2097029.8219729178,616,1
9.210131420099259,10.255878059803221,2.4081836088017883,412.1366250115232,6009.664956282248,19,0
1.5943344556246775,43.921638931481155,3.870386244633198,110.04384104701529,12896.018736831575,15,0
35.30126754069439,51.15068848720616,4.063264988114026,204.4069827763333,30052.70015991048,2,0
97.51392926868382,70.0787611003728,3.933684836456262,11123.76798414683,1787032.115701606,520,1
36.429880386981715,56.219399982724475,2.341247230403486,26.261541246180084,22430.53441416393,12,0
93.85886343710789,95.86697873858164,3.2429188551500756,7.702134175798269,743.1327101549402,1,1
33.30814049515117,18.132935351589076,2.6034332495225807,314.7227983857923,23646.06796411446,5,0
5.495502610378971,11.3234404582809,2.449307545949475,265.92374475411594,33812.268189596594,8,0
2.9480372902305563,17.07704245615289,2.6306902695987215,479.6330205587802,25556.766585664198,9,0
97.69398669018409,75.98661170884733,4.14716540683633,11493.560203523322,1414431.2702759984,101,1
34.26309528298344,58.58881577180614,4.226997420359014,74.76489617590403,47858.37166819326,5,0
88.58364512827477,52.65080623328868,4.950993367128609,19662.627954438598,1161824.2637587523,114,1
39.93283476173721,38.476976223553926,7.6196925960788136,61.555989584630325,16531.39487456993,1,1
6.650779660379973,41.04606231470093,2.8171003657417124,256.66137889459264,27795.42430150971,7,0
24.31033740931031,31.7676837477001,4.5999644491276985,204.97268761273082,33909.299965882914,5,0
7.876293215916399,58.360964995890704,2.5598752789474792,403.9272956411515,3839.7183887667693,2,0
6.728543366686837,36.02576891760485,2.630527846118062,25.568216550100942,24938.810291392798,19,0
27.643341597854352,12.071834312883952,2.2219736744313607,296.4309869022739,12609.577289714096,16,0
19.118538673899522,47.28811622861245,2.7532915090313255,319.2573975913321,47031.910533479706,12,0
0.1541380424687766,25.242405988145514,2.9595990020856404,76.7035305622905,33389.35573182279,9,0
80.02951783106171,60.73074317584775,3.8557497376322707,9371.841334415229,1619606.9318614819,596,1
35.95450957779031,36.58948385577709,4.821924823591453,11.244134113573772,37305.45651819692,19,0
22.934276791994655,56.467358622432506,3.941938810864,427.43192015174657,21268.823346872796,6,0
10.820209729676309,20.001625207757385,4.697098022920207,480.64540493807635,6596.3687556621635,12,0
22.93356379242123,54.142947867758856,4.248350416065256,278.97459558033887,26220.46571025179,19,0
20.20164550983843,29.68063341982805,3.083503241054305,216.18936148092433,43429.87190157148,9,0
97.0818680555317,81.25244370128902,2.2808396128461794,40.621972592703855,707.7527813545787,4,1
93.06103243766111,64.31391769197481,3.653185014907944,10043.726630346522,4962698.9326233985,250,1
49.52171096539191,32.80404726987771,7.37858918488439,21.515775069373838,7239.567732546939,1,1
9.495881103146377,40.26947861744375,4.090101837224449,401.7386136690145,44382.305450817395,17,0
0.7750060462567188,21.21236236052089,2.7577805726434463,290.58930046123106,48874.897401619084,15,0
98.45952726053335,84.7657607604746,4.840655292294013,13165.454808246337,2779368.8202591306,116,1
36.712443302999844,38.34014276008381,3.9890874448138867,121.96012340644022,22273.919865509724,18,0
33.793538256187745,34.7752162500587,3.8675917133857878,99.77999218731954,17662.199149627784,18,0
22.071726662305373,56.66240152152527,3.949717587455644,191.64715919737787,11844.4711521034,10,0
90.0489081727806,92.98656452845806,2.1086916399976823,17.831078081561554,938.016687631732,3,1
95.93656604051213,50.955716011037325,3.110376850180303,10217.846196670616,2287221.8064669482,644,1
44.39298467949349,43.92448439253872,7.426443343487775,46.01330906258713,13773.77194692895,6,1
10.413852988637355,55.62132956870353,2.001786487815825,18.100799647679978,37394.16675748002,3,0
99.25574132102216,96.37459353582057,2.9247026733116512,43.734590102109465,494.2892128256061,1,1
32.75980589827695,42.62699561641472,2.624492144681751,465.1965436278672,47956.18130429548,19,0
82.3860060690441,74.18550854239331,3.2993829232887615,7443.722378230828,1432527.179091409,585,1
2.5750641004318675,18.224134936131822,2.5449337486323618,264.73534583712103,7982.140377079126,17,0
24.427712209969595,10.007688347749635,3.100144131778497,15.905566531663652,13837.976649332455,16,0
81.78610859940702,71.31291198217106,3.9882325972445987,5552.9436842433,3748766.1600719574,359,1
26.118135028121678,13.768127389583492,3.4869908008908497,295.78276668661795,20001.301478134294,8,0
51.52313703880888,34.58256950972847,7.225713522782456,22.33496649211057,6059.899284305919,3,1
93.41696812303664,62.41240422297431,3.2984942740729184,16015.630005423818,2546605.533450854,103,1
87.13737003444707,78.66156574657577,3.166150562176446,11844.894130168987,2929747.9136057664,735,1
34.088296255245446,13.61949402049614,3.6563096771319006,495.4020127537976,24578.120228385935,12,0
7.608419791614569,11.834367772936451,3.5853260953485284,489.6320610548913,34841.5705828056,10,0
87.69004762954607,66.39635335581991,4.2040092248259295,7800.357827640744,3221031.1308019888,435,1
9.346902936424062,36.126523671767686,3.4993759276582113,61.50745594620417,25575.319637066368,5,0
15.923778476407398,19.416775168533103,4.386757798292498,306.71061785209304,27887.153428734233,5,0
31.062666417645744,25.895309654988022,2.5541476064175033,296.7737135079538,3985.9590458916673,13,0
28.602897288877273,55.690848885529704,3.3557439431353715,238.7064948109906,34018.894201743096,6,0
30.463063541080636,25.013310805414953,3.8284027420266904,336.6771686053535,9856.362426798554,1,0
36.55419458384046,32.683445377214284,4.2163697286507915,450.3048708959587,21274.038227973535,13,0
31.0863192806248,74.4834776989648,7.228529322194451,32.953794640408056,18714.37866403976,6,1
97.73442524564537,74.85863409364367,3.133139589362104,13389.640988511108,2163168.7078552805,830,1
27.464496317154463,22.39955510517023,4.283767771259755,420.0018794031489,42594.57698911299,9,0
22.965016003809176,47.23761018176702,3.7288180099865347,154.30169589806331,32925.6042785266,5,0
17.16173621824082,53.187446082953734,2.5621072108781138,323.02863014032187,7433.7103496670425,7,0
99.41104546968941,80.83325145351006,3.3405787759326206,13.457987616876022,779.3052430887104,2,1
35.894313137164175,72.08345764631645,7.739444189476947,46.593440526564976,9036.931200383346,5,1
3.435659619260898,22.682644724755104,3.293071839321765,393.07045648911327,13215.387405344945,16,0
4.436169541860222,20.228096113368068,3.1388468466950066,71.87882615688913,3810.5720523281907,5,0
13.261748628297546,23.187625702868456,4.1954820537540565,140.5736957785058,5501.965258161457,3,0
32.7908565867853,54.66998576573098,4.632456037721038,384.2079182542062,49514.43019256519,2,0
91.55062215497502,86.23067601651734,3.889170342802172,28.460263446505984,912.3807106831039,2,1
61.35053947905032,57.88115216445664,7.514926781224897,97.12864636517912,9949.833370371132,7,1
22.335580369108527,40.675479572771124,2.757572043876721,388.10635756841407,8973.765770630896,13,0
87.0237556146306,52.32525933342596,3.3920854240611966,11550.322207760553,3969641.658215483,866,1
23.443151446538273,51.006788612160975,2.5821627790151616,435.5386248510192,24394.638527356692,9,0
40.20918201528397,51.07272843949251,7.880022172485833,25.08387617579111,8491.894380165588,1,1
22.067320283343328,42.275088329813876,2.632944887391455,78.02067213223107,13102.913532656896,7,0
90.75073816806885,96.516684836501,3.141253590192941,28.310843626982606,15.568245890026478,1,1
33.54433435615451,45.144381465136185,3.5699816540414,483.8298329348289,24517.25721909114,6,0
4.727817245120423,20.198242345363532,3.932606714145399,121.71173596879949,29072.890683561818,7,0
92.8977983490549,93.4365671548389,3.2639694940474175,49.51023403906385,149.30213288951379,3,1
94.19351515823186,84.180261057467,2.3745365825090037,5.712911254002462,444.74923871330265,1,1
16.5518876244153,49.2703242743926,4.032980865120956,478.84854078729313,43950.59812855815,5,0
33.537479357923125,42.96362681661092,3.475268119658166,305.5909474612725,30806.9273663554,5,0
92.64412915975066,62.93741702020276,4.4580388873824415,12843.726640106563,2075731.94244305,672,1
28.144246611834948,19.153394807472594,2.7203425505968335,368.6816820699188,23222.52233239384,12,0
39.65225254283953,47.90532680668351,2.3153490320034265,332.6806368144026,29227.105641657625,18,0
88.84828634473186,52.31463254629195,3.577398479128316,9081.456827929669,3366238.0313135125,230,1
44.86985729277689,46.99977972181756,7.268463427601742,57.51432700562148,6492.232077309132,8,1
98.76790391036982,61.43730287744294,4.4977948795067135,18919.330521637727,3135486.2483870843,426,1
98.05032097635929,67.72796730571675,4.1923203800613305,10508.404732725794,3910339.3773775026,521,1
4.039073817269494,17.1346181693281,4.170838422596629,188.5301370292256,41921.065247634004,8,0
25.282087644113666,32.38645526278657,3.845149885432859,360.85993164361895,6694.485949509929,17,0
22.172611653944315,32.85029215801541,2.6924966834678368,327.2846708378727,43226.573009051936,19,0
8.395715896807747,47.2546314003569,3.3351734057943894,92.66376601277037,1987.0934213794394,7,0
2.6239725476760567,36.32073999986174,3.8121004346589613,444.9308016396557,42605.43244158277,9,0
27.714468959168936,42.22543998583537,4.2444001087803445,37.077507470462336,42152.63570055105,16,0
4.534546525171126,33.499858534420085,2.1414244098703263,212.9960944709889,22334.27477887692,3,0
92.99658362715037,53.99680018094556,4.613583962803371,19907.53616025012,3332084.816462006,567,1
36.680939094361065,52.02233162114216,2.5319720447985925,323.23835803473526,19163.299646150244,13,0
37.855518984334246,31.86508067098081,3.8274124633435016,457.1029582502642,41959.854157002366,4,0
22.16419802067337,54.708142338098554,2.5852200820726194,226.19771629534037,31446.22986184458,8,0
34.222356853685895,43.42284858763621,3.710468146821544,492.16037290467347,1758.4845302460365,11,0
6.454589492018261,49.407633974947565,2.844076228256455,422.82486988544565,16423.479837198054,9,0
25.00355817153149,11.65726081903841,2.9343667185456432,379.6755306635646,8697.062477530959,2,0
18.099794491506746,50.058716401565114,3.360135851879284,158.27770876467497,20118.992560129336,11,0
81.97253484724496,55.375262256197395,4.216137625035998,16539.003836031967,3927127.5666228165,334,1
93.44493831351848,80.58731536201668,3.2982215213296087,8320.491618204875,4705274.614006642,363,1
38.19099348758188,39.27840835796824,3.335828421821584,171.33286571123085,13383.891515121495,2,0
91.16179158387283,84.29862120240797,2.0213748526291733,1.2700510924140263,841.1877664375048,3,1
15.523713825229809,51.063756032565564,3.660943745488508,165.1201784848417,7883.942407420307,1,0
47.16332020991038,60.668459747138826,7.70807443177257,62.353665617260326,12462.355253222628,4,1
23.232385236245598,41.99264413889472,4.057595670949484,271.64797089721077,37012.170779834,1,0
5.359774867184628,22.224376650469225,3.524402441432354,115.35620139758456,16448.803816124775,12,0
28.690809408097415,12.788159044708998,3.2425120373798193,480.1443321229701,15897.811848952108,5,0
5.821995864519911,14.236127703175224,2.963924456959981,362.4555851783143,43885.575107841745,7,0
15.81109526338821,38.872174738282965,2.619516299483725,381.4901969104326,49668.134983485754,16,0
6.242758683068135,44.631678080490246,2.8653287188921834,82.97378062911416,2780.9324911903595,3,0
96.17267753294111,88.1197001071411,2.4290851798526862,39.8847147257367,818.056152005262,4,1
8.716790228512972,52.485762067920696,4.928256403337825,455.5115261854693,43572.91658409776,17,0
41.91026032227903,65.77905844004104,7.291770328774164,40.46387812489957,8863.933396705137,1,1
87.95760253541759,73.32464190160017,4.931360320063966,14998.288391791943,2336102.4584033825,830,1
0.4054698390855682,59.60085786119132,3.3684224039106305,309.51661417920707,12211.786037519249,7,0
89.57828599248313,79.69569363696344,3.385402047725856,18779.549728300648,1225363.942758356,732,1
25.119172487188763,29.93728203208959,4.986357339910541,334.9071584653923,27390.605343453717,5,0
20.61474812165711,12.924976504301885,2.23106211132376,96.6140627721168,43234.98469478717,4,0
15.312881183341705,27.221711875803656,3.5181943341832858,224.16027881428977,4603.864455807904,15,0
31.095809399028926,20.986653354060454,2.6877947160439857,469.628828746909,15944.180580779237,9,0
46.897341635970406,64.35656412087542,7.3198663690836465,75.34036878629912,19551.882833856158,1,1
90.92382222157731,84.93867516656294,3.9431395388214403,10.875782538982676,216.39594922732863,1,1
93.55894642342686,81.90512145248175,3.9722690690879077,44.93997654933029,762.5339191625621,3,1
10.450321061745754,28.554118498596228,4.776608115405232,321.6655010640255,31870.242278918788,18,0
14.909667090492267,35.56033477735893,4.856034842872498,196.83545730357088,37187.262435396304,3,0
94.80696805353543,90.79062159695849,3.720251757683195,16.89448770660477,208.4743335842616,3,1
7.821270065987078,17.99363259157507,2.9476407630809347,209.97622276095407,42948.567287634905,8,0
8.093646690018442,42.71894732834145,3.7176316349509975,317.6360207944556,45121.18091547128,6,0
28.529221346204125,18.312060070499697,4.458539071744618,344.92674828075656,25506.244435953293,4,0
82.29585085104853,54.76766766099684,3.774944238352521,17625.133971611394,2140262.9045553934,268,1
80.78469606800714,69.63919980061397,3.4058961949754245,19122.03313562579,2149655.370648171,882,1
35.774230195888855,40.378401661161234,3.2501020320150134,447.36810276994015,3602.592833418136,16,0
37.99720126818408,30.52011293270025,4.163936949657007,90.02855832740818,11733.06066895248,19,0
94.38785173600289,81.42694417961353,3.2306475188541546,12.68820953211799,19.08262129924454,1,1
37.43543506817743,33.02966598947546,3.5471095982744316,322.9018665559032,19586.80796429097,17,0
35.39632502374853,28.782631168656206,4.3204667470632785,222.876517815839,41068.4140757656,11,0
95.96609755869429,69.76060438136797,3.7521590679145795,10602.21150401199,4551731.79649375,532,1
19.815427262670212,13.45312190327422,4.881955604715963,394.94881898377724,30824.467286068997,11,0
96.00497648923404,80.03662911731298,2.5415412753379147,27.30534215360354,247.53984299571297,2,1
96.24451989981156,89.72462989313841,3.5919088596653532,35.8791305247867,694.417793457512,1,1
30.376934518576526,57.38869267341704,3.937060884546437,386.8861592545401,33437.78820978486,13,0
5.325239365996488,51.7541873964639,3.0129465510995956,66.21163192691363,34434.92132777484,3,0
11.61147771921749,14.44604143208896,2.9849417125658517,159.20149200343337,3720.222544331908,3,0
37.47775668961232,40.43254366805866,3.341898960553751,499.3392052064746,16193.806774776704,9,0
2.117857002069976,56.43242136942949,2.0604578056789977,155.7167711579735,34634.716151097186,14,0
33.35333026289956,35.71543216977355,4.735002075361943,254.9098543452944,34229.49266794342,7,0
24.33151332338022,44.51610770710413,2.1007788837326027,394.15083018641127,23681.166272647355,7,0
15.404819002275204,33.89069179360311,4.668466441498106,361.94279664641465,21181.224501515426,5,0
18.321534996265765,30.768238068450266,4.91603348407661,399.11786152966584,39824.356342107494,5,0
17.294932887630566,32.60866694655243,2.433137501342543,404.0618511610032,28930.2836448349,4,0
99.80431150014476,82.22847838834177,2.634816240597233,40.278520093495416,194.55110938147314,2,1
31.201729438422625,55.675274196617856,4.632951306479742,103.42240612153026,15618.384031140466,4,0
0.011344735850786769,29.523897889727888,4.406546597988394,325.6168795846623,32717.429953715106,2,0
81.5738722401093,72.57446323615991,3.614585824310483,5661.771428666501,3730347.1650362937,457,1
24.774654833529386,56.62656787550979,3.3106624966132956,74.89089393177075,15827.866182534755,11,0
7.421184306377455,48.224385300336785,3.202488525119394,172.13161382210782,48961.857153756726,5,0
32.38222619082156,47.32090295558581,3.4827901285200733,393.1852771061884,39609.836099049746,4,0
37.77934877952924,53.88906064427879,3.984359003984466,46.89305264090732,31811.326335841164,4,0
33.30162541241999,39.00128055523416,4.595431774698333,336.05146523034057,24915.240858188652,1,0
17.92997272811327,27.79233512934968,3.713116858278755,395.830637593817,7345.737253423827,15,0
3.995175409024867,42.820479059314515,4.771747649616337,239.3217934411912,39794.54278374148,10,0
24.14330534886298,30.898014121405005,3.013873489450371,194.14084629740057,33723.91703506249,11,0
98.59366136078185,95.58687966340855,2.8765344277145797,31.608353113682764,846.9809964863625,3,1
2.0730488197565666,20.709011150922606,3.7911928062195503,157.0348074452852,27867.251201212333,14,0
27.444990805523148,12.960751942303997,4.319444710301038,400.6717977424648,38785.8236102673,2,0
31.264417790850597,10.016704579676908,3.5757592900647373,482.68538216278637,48120.34279566161,14,0
61.9180668526163,55.892889938918216,7.926196477370294,52.36249467503225,13522.979398795489,9,1
93.98059453295772,85.84665184628633,2.1334597957159325,29.263241758345877,244.49807404583856,3,1
91.69995502213506,90.90274696266854,2.0011717818205064,17.31570520230326,260.644945584897,4,1
27.458102278801956,55.53092329653404,2.045315442084807,291.72903482481627,9277.687232298893,18,0
95.5401021674891,73.33620196538523,3.4719125327806024,10047.309209076175,2958951.5188408955,393,1
18.27069769630842,25.419503849404407,2.027406278891214,399.04633366936184,31574.681196066245,16,0
30.015848281507814,41.446787672997246,3.329485738922476,377.790017269324,38308.42281564166,14,0
32.47808076992605,59.142896049685056,3.6392889135411224,403.2930249023254,34193.506992583025,13,0
9.358319310468044,43.41058633829851,3.093208774586483,270.3500365089456,10761.836921653161,13,0
4.171858074317307,19.505368119187438,3.1335395102098493,431.8437876693785,37995.61299295973,7,0
32.53181606505106,33.43105772904061,2.5686184858192584,155.36477135331089,20273.089354224256,6,0
86.77590300013577,80.236401075094,4.47917701290955,7437.643184998844,4059418.8769786186,948,1
38.656894266583905,40.89913354605794,7.709425414342859,81.33497360241428,18278.2869933096,6,1
27.279658173707265,20.372728446010115,4.243263289418682,207.2886953496256,19440.101683797206,6,0
34.040481547905415,42.01199847956768,3.170487790331953,376.693244925912,34499.85727013595,15,0
5.680839975847021,45.83512145459674,3.5918824408951617,234.6553183195181,30957.316937973887,12,0
9.212943330738433,24.35161630379143,2.999060618098575,370.24764286261126,2010.646903671265,10,0
13.78038012498591,52.56594012189201,4.286506077506849,254.8044016669401,47861.98446546793,7,0
24.770227260835036,44.62661553266806,2.8828186933449187,361.9362712551987,36828.98293939279,13,0
31.680245745195244,25.705031104173905,3.2935222469620706,280.8785329128987,46750.74657976741,18,0
14.924238136212406,49.90898749790407,4.037601400168603,65.06336639443042,32619.187802164564,9,0
25.58994480553965,11.670029641107446,3.2853251272307227,189.14342840334368,33284.79979134966,4,0
6.728675893069402,28.698959461668714,4.687413086558855,41.82431208430732,28801.068958514385,9,0
21.84735768362136,31.39165289796972,3.8089770651876957,411.91426966262253,40348.127192944645,16,0
17.99779940449071,24.005277709108288,4.541928550599394,18.330062826362113,2405.6893920898883,9,0
35.849999765726075,58.352278167397536,3.035099731602429,446.03375307687884,31761.50656138337,8,0
66.32486936823747,58.46840642973587,7.631522581456197,99.62199394195841,10894.931640191917,6,1
34.82135587245088,54.753958744324834,3.4334762442553335,466.8418406412788,23448.765248827298,1,0
22.25911285928127,38.99343078379023,4.951676291756986,21.961674266528195,46391.10307437261,4,0
10.282176581787198,21.485357137220326,3.128663627736906,33.22471372556341,36032.87077431532,9,0
82.609418682182,53.58857065416424,4.4374635617636775,8722.62616736032,1314871.8304934497,139,1
11.749057001044307,13.734318347974664,3.59300353933253,173.62464036063787,44953.721176947554,8,0
14.583438412938058,42.77171357507325,3.6962678952144783,37.93321391771403,20544.344885900355,7,0
20.67233470681883,25.672000873884535,3.6236768480733774,495.56599300468264,19021.441083627877,14,0
15.520162597611126,19.305552393079875,3.1013218306370174,442.6496449002354,9399.321382026983,6,0
34.47779875039063,41.83473133215284,4.588228393643793,92.40973725172582,10219.961636020947,14,0
26.023271272790932,11.206505892443023,3.0296813215381446,287.2158503326804,8153.002725613187,1,0
4.388741535486935,50.352078046524596,4.929494267562838,401.5387767966283,18579.154729111866,7,0
97.45090623882076,96.84534282276121,2.868517047066571,23.85687126138974,384.7376197399368,1,1
39.14713593742112,39.54216224715374,3.9491711180614706,409.09140817056607,9343.456507673971,16,0
4.662837037423531,36.204296690181344,2.0635978986452486,80.1121319584368,46560.62185322183,16,0
10.689074999158606,16.922722592456402,2.2074733846046453,359.4595537777741,29251.669799708074,16,0
7.686993196018679,50.36902934888385,3.93467601292389,108.21806422359259,45592.93256730136,18,0
29.961558720739067,12.324832040018766,2.2515876010321376,126.22424565443957,3962.8712102784802,13,0
8.80300043845034,37.106825292539924,2.6113102474569208,45.24694166208415,33468.25699367451,1,0
4.465711752177217,28.5307765813025,4.751047118960017,314.6556521394047,5885.24470596044,3,0
28.027359430208257,34.22351798427728,4.814287479161962,487.21258915368855,20366.187826517093,5,0
11.483629393980515,47.2791931232478,4.537640850966287,326.8594758300127,21413.662506415203,15,0
10.280466565653299,16.516308213268356,3.421857548914481,246.95662413970413,48596.16541969081,12,0
44.58583820016635,66.9126237371087,7.768411976404964,31.59283956683426,15472.028979554827,6,1
18.25882099627135,26.10541234043002,3.7688194769053234,247.12802718954308,1521.7817210846583,14,0
10.175295111932478,16.905949769522035,4.785227517191435,440.1014608501414,22867.75858895071,1,0
17.116524510225084,50.83262141213218,4.8223272751053,88.54260865972367,24876.809627838422,17,0
34.898484401482136,57.742767241193334,3.7151662219858093,259.83655329194596,5877.228281116856,6,0
16.886797820315532,18.63207597475239,2.9491211034546616,46.390747076129216,21825.787221490962,5,0
88.78620700577417,80.06153855820043,4.497834939077167,14330.087204334874,4524308.183945697,965,1
99.54782197014919,80.18214639393236,3.6531987940272157,1.5327198861761981,857.5878221695737,3,1
9.029341550615175,23.11453942187914,4.867850055211608,381.7623122881225,42146.0253327755,5,0
52.738984351021216,66.17395369087066,7.246080524310861,45.15528971444091,9931.425824529171,3,1
99.0137878509619,83.73618052227633,4.165915668446073,11672.071018885752,2354526.792813792,323,1
19.257865898511568,14.021451093732125,2.3287092271176055,257.2301780919293,13684.801741788662,4,0
26.21030076970397,47.84157134667067,2.392070975586917,167.8701747741491,49724.577524379616,4,0
10.472018234776783,36.034055936123856,2.391073187428701,82.70772871357683,31235.334942555586,13,0
97.49638032233203,85.26339408928725,3.2081206539211085,49.4441454365697,532.2272439971686,1,1
37.19372019734768,40.912598649202735,2.5012010061773475,31.996080920167262,41550.22370972451,6,0
82.5499802512784,69.64720003539986,3.045912813933395,5705.176620754606,2163954.496254289,870,1
35.516679298313825,36.35628964728032,7.543471260327842,75.73984528445759,16219.959339303497,5,1
82.6485414438545,69.22413799006816,4.9522535085054615,9052.28896344196,3606504.060453117,890,1
14.850934310303558,37.52326381434672,3.513823399475698,167.01309983185425,40603.33221708628,18,0
64.17962328283,43.30514754801788,7.227984704093661,28.998684339325187,18582.63572053561,8,1
26.79436640862407,46.7141682593775,3.1511716893587955,379.4838254131503,45356.02483953068,15,0
3.154944245874076,54.27476727324368,3.780262175932116,74.73509193947378,4874.250742907103,15,0
19.86842554809001,12.776227078308574,2.681986927697102,479.27740181697897,25110.711575758978,2,0
89.81218742797034,65.65323354154906,4.427193765742188,18859.139362621754,3459811.532107654,338,1
0.09761013319352863,15.896640384233187,3.735763397765836,160.3405539857297,29326.674099551892,19,0
49.33823436599623,78.04508494309974,7.691181276366191,41.91712208189928,14948.291516300449,3,1
11.040484055385589,54.98871153750673,2.2863849834043974,181.03363667530468,13220.818225137358,15,0
20.976133978491998,10.774284111803924,3.995808330153086,464.07195793806164,29626.32854234567,18,0
23.742047978741514,49.56791092909053,4.517659780117175,446.305599518608,19835.146651488867,2,0
21.512937152352606,30.024688906088013,4.40876256814045,431.82321617618567,21333.211838483217,3,0
99.44564020534952,77.18238302650471,4.928943764023872,17101.542151918962,1705331.7616454475,607,1
13.208764683933216,46.492033648956394,3.4064381693054693,311.75956333588795,12241.63157221074,19,0
5.006767689926752,39.8478281968506,4.507562052513128,110.74007850161706,31034.03388680347,1,0
97.49398134377225,84.89868980133737,3.90850053166036,4.5660481535246875,199.95879098902935,1,1
27.977534865352954,32.446995747625536,3.3446746123925766,25.87838352239568,14126.277615273286,8,0
35.252734846309,50.81736949158618,3.8670375811659645,325.6205842310471,25907.646863768045,2,0
91.19952875218121,88.42431522119612,2.1802782740713345,4.408724092708638,452.17828570873553,4,1
33.80016216331638,48.37912361785578,3.527644593920354,259.7921422955566,25511.99524658025,6,0
7.979892420699994,16.20875469229442,2.2935900537192264,354.02704438340265,23740.065724639768,13,0
34.40199510569035,56.23573852479114,2.76731805853899,66.23890000804931,29911.82785807186,6,0
46.956508693975465,75.630139427756,7.630933206609478,65.1829483569377,5308.9288051206,3,1
31.032318796564734,40.48926666343209,2.0420919407346414,494.50282359102795,23577.80252211843,17,0
8.356624906452868,40.944902750585825,3.284727778279831,403.0092353689209,28702.058055770787,11,0
5.9797477935712795,53.56749955445813,2.5114259412333566,399.20852554551044,47151.12158838255,16,0
11.282976700460097,20.573215043772777,2.2207644195612355,469.6879709184343,29410.897957982936,1,0
28.307611703738523,18.300979692668257,3.0274727071960505,269.70488237608885,17318.041526788635,9,0
31.11691841770899,19.855105872154844,2.2570869370192757,436.1086786951063,17583.48356656926,1,0
2.4712724112236506,35.870054288652526,2.593433206299376,196.76283442664624,20656.51611929878,1,0
20.721626990657462,43.954078391566696,3.921997175092298,472.62027793438733,46568.71332569364,6,0
7.496880929304495,10.902613416799985,2.3081267778723564,90.16014557529839,36147.41662183884,9,0
28.923365034398838,11.290212973446508,4.239907030464117,478.2291483301348,40520.57362085298,3,0
15.516671068453274,43.36539346051619,4.142873949298594,59.55924125663239,45754.27397579411,8,0
39.73613574432204,11.854619120095496,3.535617937149239,79.34849763392204,34732.01733859183,1,0
87.58938085136413,53.2332420345723,3.3128559597160367,15932.913952580942,1012056.2345901339,312,1
22.603042838060013,33.94036949902315,2.3657237183806767,37.93379604743049,34064.540342969965,18,0
34.36935281803562,47.834435599456846,3.7919788001161967,273.9464596497226,11585.979628291181,17,0
25.478957333191673,31.937693336549653,3.1005924322490146,10.855160600218687,37640.84288433328,2,0
32.35850252685333,14.988311282150153,4.238146714043085,415.94147824219345,14606.581120627838,11,0
21.052306144145767,58.97565174302357,2.0933115375806017,411.44999201524297,24930.116578454094,11,0
22.124064821746565,10.750883738709163,2.849049158408681,283.5572714610708,17683.79070458573,3,0
35.68472683041513,41.176204605373684,3.1898070400843572,188.63979312290948,37660.486706206095,9,0
38.57685570153258,36.048077561224524,7.790315605425305,78.32305214912735,7773.632667603359,5,1
25.5353537518341,52.24507197085039,3.540786530045387,163.7174318954464,39334.023101421815,16,0
37.518781802011965,29.31440412473017,2.358487163117639,409.05329530007987,46475.514055566025,12,0
90.3958326073417,89.54054974951637,2.3650119471892563,5.743008591394555,374.04561511684165,1,1
25.69747671193426,51.89621781452198,3.16806458941479,35.28321607832262,28324.18127541348,12,0
38.901753856973464,28.6610583318576,2.96553118352321,474.40163977300216,5395.954169477927,8,0
99.442625958177,55.081355270140556,3.454382879654499,7561.902190559449,4450572.454705559,791,1
89.19718197046436,52.0695295992701,3.06510142905397,13845.818140343052,3020638.063447261,812,1
32.35500349479162,48.200799031834734,2.2868560819741304,71.18276580617756,7423.936586475651,4,0
38.152372117231586,30.638132050616942,3.5481184108360173,32.542705873361385,29364.38505886352,6,0
25.65071137276803,11.67104683685046,4.963062844037481,150.88609275509867,21598.408313654432,1,0
4.6311085756877635,11.887414034525808,3.1035579691542323,355.7207262244684,41562.367400150244,2,0
95.2523251426407,75.54751888249929,4.80659733909776,19676.948243950414,2150505.829122543,939,1
30.497973933779665,10.45781092913671,2.1344204263338646,221.35248372173672,18722.148971568753,19,0
11.31953471184843,29.570159498388172,3.5152022647046257,441.18569153557894,18555.229481046696,19,0
67.80359069565611,66.03622549638484,7.884757218236416,85.06573851645842,14565.877004504486,2,1
24.584289584970115,27.846328992875655,3.7463245378240266,418.8600025922838,35569.25318623043,7,0
20.777176528482745,24.442467375843705,3.99313406081532,66.7597155556203,32384.213243933067,4,0
35.13861287573435,27.24404198148653,4.970051390526393,322.1613522621704,26036.87828849168,3,0
85.80262689740093,69.45869754067797,4.244662247292169,15474.498780003798,4810946.790935775,862,1
3.3754060843447586,46.02693792341283,3.2202234380004935,87.46240298535477,15726.516947927263,16,0
12.23005624392449,43.39580527961995,4.449750386642545,213.30899720637362,15337.966796911558,17,0
14.0027116514201,13.463354622350483,2.969026961681449,100.12780951348543,38845.86805558345,17,0
23.77870659852136,24.794159243946616,2.995309576115344,158.30901863181035,20305.19129586784,11,0
93.17534625603524,98.38547570720124,2.866079322379806,6.465291409880624,911.7889621259748,3,1
33.336314299947844,75.3910554770369,7.193880115331926,12.470063409989313,6251.6127143926315,4,1
80.54243942932301,64.68318320213537,3.948059964066452,12591.49345017627,4699468.703755099,562,1
14.152591510394332,24.252751852229366,2.7879155992090237,250.2914441659797,15514.108672232196,11,0
19.005275704730053,49.3727907339932,3.1758881594743658,66.17426924353964,41097.36260470778,2,0
27.026317702508535,16.24974154666546,2.0390533047325086,35.27721721192074,48687.34156635062,3,0
13.113732867053805,23.00513480496418,3.6318799147225187,71.45354716840026,29249.78723871543,2,0
38.543851767292445,13.508343897705545,2.4744245053752216,300.9742715657514,27283.69720031892,8,0
38.32069912134504,44.47262245170704,4.554413318014308,24.137842580162285,23672.885748068715,16,0
11.219473299810527,17.093393120317913,2.0229830437511964,295.67540993200146,7330.825492750176,16,0
30.669482378085938,52.64295766252839,2.843665414861382,125.68458923380017,8685.454523702978,2,0
85.90304167969339,66.17837502740915,4.380953644381393,10662.552196240733,2783789.3016953496,523,1
89.13465933008182,87.04362252464684,4.667861408584014,6648.116081192865,3979723.204655452,868,1
96.81705810227993,94.73039431759304,2.8979930039888955,7.084851732440345,124.67566696949228,3,1
5.539453215914856,41.97088009896714,4.629638758271717,315.4603236009104,34161.81406178022,16,0
24.19479828117567,47.924436515259075,2.007226502658221,150.26213531852167,35531.472729196845,16,0
14.801336873876597,10.895205274031657,4.694156830006392,456.29653209202525,9552.621320105049,7,0
30.938631893156053,33.60315691372243,3.6181168726008304,391.1281411341548,3150.300806669539,10,0
24.699150690740513,35.02721785966288,4.526154587821905,281.78402332386827,33660.564193123784,5,0
38.45032013431109,42.96118483722248,7.450169899997796,16.482185916341002,10865.305576568757,3,1
39.36150819456701,14.418341757273996,2.4668510462296447,442.1858788821438,10602.938168201172,14,0
37.98090688680594,38.16822937339991,3.56852313261557,90.47765349189216,42753.157348356006,6,0
5.427009078224327,41.52184509351627,3.5886963496899478,111.17938087299521,1522.093143509886,9,0
31.801243696547857,53.95005685789026,3.3565318067603815,330.57429738520517,26551.716623981036,8,0
8.243344059651045,31.22553023653026,2.990285955259574,231.38139758751169,33881.33269187693,3,0
50.43031780013051,31.402580951651533,7.740306863166606,36.93110595636908,6830.582222305046,3,1
80.95525567705393,86.00647441044217,3.8468987974586057,9095.342058316617,4519070.527008608,332,1
37.214218800390896,47.45039468526596,2.6922016790182104,55.00386168820849,43609.530603211686,5,0
37.39727018767503,50.55251525135726,3.591205646808505,463.8630251830389,31132.458597913293,19,0
6.262145190913757,29.234082884534875,3.960121654598168,379.2156716151409,22956.102887978523,2,0
11.125118898753673,41.75475922458088,2.817050063471778,407.92930909585056,39306.06026515744,4,0
14.777342988743651,31.031564889044574,4.735332868746111,70.66943557470077,3457.7115640453826,14,0
27.706860320988056,23.32172778122127,2.2974808726062217,131.1051032222469,2128.6179876219,4,0
27.623070370599706,28.696797437556583,3.0142345091991007,484.1826682466388,5447.936318321649,19,0
5.618077790813856,38.70392376039594,2.485588607074174,354.53846913522165,8755.476565858575,13,0
16.080346694832027,43.444253211262684,4.240949109546187,428.34821917989916,35337.06201590759,4,0
85.880030239829,81.17176974342254,4.676214086933817,18064.73583678388,2446036.015551351,551,1
6.157967738682073,17.025625092387294,2.60575679298985,105.96884279751467,43948.73934841895,8,0
0.602006935855055,51.54295919372292,2.110269126263476,155.0842323923874,46044.13511900356,5,0
8.461713309727976,14.812255215105733,4.125904083227244,21.864267559646272,9977.465213238098,8,0
90.47789082041909,76.55006754393023,4.08420151596142,7966.92620535284,3896918.6851537693,121,1
85.41797993547723,80.6507886904339,4.183223171962517,5057.925430092371,2916576.4480234496,341,1
98.43530777945283,58.09444488492883,4.574610305127145,14893.496269477035,1117569.645147796,369,1
92.30880375624956,85.78530142624481,4.327928650888407,8557.147924579374,4767207.525564046,922,1
2.4157176858894047,35.9671669494877,4.598030707880548,232.90348178268871,24170.859770968484,15,0
24.50457162965147,41.06289255566297,4.4988344021468905,254.89895835773183,44300.54788099303,9,0
97.12119088211881,82.7033865587237,3.140646612742099,25.25373173728494,847.5978579438529,1,1
32.10919917957363,47.6589029163724,3.6402634296832055,178.06111724789915,28317.31053816362,16,0
37.03680311772865,42.01817490902229,3.894393110273414,333.8369950062138,42503.85350673835,3,0
32.53676115587037,52.535243618506925,3.423837701510921,165.95814786973867,29669.924247557625,14,0
39.92891742458518,72.63090433760132,7.287325390786998,39.846238031936316,19707.000984447164,6,1
34.055595166894875,35.254362655688325,3.5946218779538635,452.6961090335112,47924.190307723664,12,0
23.337957721970138,37.79561904814021,3.254003499411692,132.86677168341816,1543.65538179934,5,0
39.308531543334375,39.13677748267999,3.2907034951568983,475.21404362166163,13054.644575007973,11,0
80.73575748447342,83.06509267213349,4.904810043317981,9751.580974865563,2771335.3992213635,717,1
9.738819110967544,24.4778570376752,2.0378158831698983,69.29975172255038,12723.452155303177,18,0
14.771701211635872,58.82490846070732,4.32274309385765,437.1828007600456,40755.28006844893,15,0
32.06211936901527,36.716700738855494,4.070019559312101,331.7162229099053,49178.343408151835,14,0
24.311918325194913,17.714867030753965,4.587399953751975,147.17505376443924,28414.828871587273,9,0
38.079857343632796,44.4341629599286,7.900297101063128,21.046873111967148,12952.071182480187,5,1
86.79492328252668,63.29842859530287,3.743711304080889,12672.40760819187,2280190.0359277874,968,1
93.20139782581387,97.26338961153002,2.401739487334879,33.832993516001586,900.4559468656627,3,1
81.23119344344941,81.23099562895908,3.7115183256472113,9115.131935410434,4012483.0365989194,350,1
36.94066159711114,29.09050095789595,4.754881166287375,222.24851556283554,40444.0356270213,1,0
98.92997558060024,73.49302154567384,3.6477098992211046,9627.905478060904,3523335.8559918925,434,1
42.246008880292415,74.74140997463378,7.173857782358061,40.808103181912955,11859.235783471902,5,1
35.468638204275294,27.741584522174648,4.553947675040448,282.60536837765295,8444.446837570169,1,0
37.844455719040596,39.52838933557373,4.150032124742304,343.22937581745623,34381.16800222583,9,0
40.475582999198224,74.27941069599893,7.6818426460446405,42.271708929801726,16260.973949311701,1,1
35.01639491688715,59.4917065445307,2.6305715708658415,130.66711990818794,7526.806446195467,2,0
12.362260930934902,21.43849696703344,2.4461741401566686,195.4186653883382,3050.0198236073156,1,0
33.701527343806326,20.559146943218305,2.831161718322308,250.62822108715636,26886.772653947413,11,0
90.83969140688785,65.32423764369642,4.016154658226806,6200.647001957593,4125470.715269347,903,1
31.717231344122045,19.270106997838816,2.497367397610931,139.72209071953048,26891.780127816597,4,0
15.973396704741791,27.92079225071396,4.1152691871066835,55.65753209263709,35544.50631558338,6,0
39.24245780949674,31.403245630989936,2.638975347595524,404.01908592359956,26677.493219659682,8,0
33.26266570430566,48.71603714320959,3.5199032936632575,482.2268552663544,35350.70695590454,9,0
38.99469926051965,49.99178620288736,2.334661430026262,167.2922102858219,20136.71839170019,12,0
21.926245818924762,40.056549026821756,2.96389440961689,178.13263708644735,4939.947027321252,17,0
4.181940023779309,34.43951174875468,2.6835562995382483,78.77301736244405,37611.92903000047,7,0
82.49092146001107,53.44945758532545,3.6358631292397545,8908.979398684516,3472785.297545561,634,1
83.99359422038167,61.380293858316975,3.3203509746987665,12178.014838384943,1318645.9835054837,215,1
3.63163846245782,22.161454260415127,4.275129862345517,330.6439116774603,1752.0619503220937,16,0
13.49343580194843,40.64073713224705,2.4138918211990723,456.8636002755097,39906.40354876759,2,0
34.4392780977345,29.408362232414657,3.499119500535514,425.7685942151839,45363.694899038324,9,0
24.556579514076002,15.90668606556214,4.314993902922701,255.54620755421436,4382.529515744121,3,0
28.31643843956276,50.70682938462517,3.0535223270494214,333.9795507603015,41392.54520377947,11,0
95.63850865294577,65.8715969962145,3.8453974507608333,17880.85200924499,3148221.966924,785,1
13.399252172002779,25.255892368124343,2.4155592377867796,273.85046230829875,39976.47440624974,8,0
22.83232327320921,34.60004331032803,2.5788410146144995,24.5115128639439,36115.3196968004,2,0
15.50467213491222,22.74356691743113,4.26504165528341,471.2647958195116,45779.044173175214,2,0
65.73088036275809,75.46736827353956,7.069823324544361,23.521106312925703,15816.00740782233,3,1
69.76535883413523,56.9617137184553,7.02702518842776,89.22597187969812,5881.328560273123,6,1
6.711986710051523,58.7171768383791,2.3347291040119726,35.60389647081956,31039.289545567844,4,0
96.35048760176147,60.072405698254556,4.737693655062138,15200.715272494168,1641079.373653694,503,1
37.657943926247704,52.438423223084,2.971453645849227,117.12102454515629,41232.82298606262,1,0
1.046458227150997,14.963846314606796,3.983652406114678,246.4322089262333,48313.86806291753,15,0
28.628292746692804,19.06445303848421,2.5032082891963325,358.94234729070143,7567.335738695666,11,0
19.86496283267192,48.16421234787347,3.4283945559837448,251.77421905953815,21913.41503015075,8,0
53.94852281553945,33.15629878806555,7.930871427267867,93.05397104606068,15941.481134562568,8,1
63.84912076218072,53.35523286648903,7.061171946449618,68.87047848911206,15587.711352737178,2,1
92.97062690343273,95.99625629261375,3.125401574567322,18.26601564743641,24.84548894467775,3,1
33.49605479471727,27.034193505467144,3.5876387618189147,386.1645220790625,39109.60923535448,4,0
91.16980441866194,81.92661901469663,3.3051236851089336,44.399850663656125,727.2048031889412,3,1
6.473445663532127,56.62072839278683,2.41570448998367,129.21912833338996,33072.9150873453,16,0
24.272332782964344,41.99029179995482,2.8459452880186444,411.9114485493634,1110.232985932404,3,0
15.475741986440443,15.755394289124732,4.335902845426677,428.58060939892977,42799.91036097821,2,0
87.43179836174892,61.729336883670356,4.520135286024413,9684.741678527702,1186290.8449830862,713,1
15.88849686494298,26.506548689413126,4.165638475230083,238.5385306001293,22158.97644390766,3,0
30.852553171049788,31.110294336517928,3.3379453280573923,267.21734914491236,4249.526358411698,5,0
24.84282241730234,34.00437971058432,3.0505341176538106,213.63829721821145,26720.46802091174,11,0
24.45148837950191,26.764732448920324,3.3889646208570903,324.80397158749344,28256.011391580418,2,0
6.783516900569206,53.268946629275526,3.0659535460135867,320.5792399599923,22773.63743548975,10,0
34.25725518007337,12.209604200435844,2.9842625695405425,198.37783729054846,4627.866909831733,2,0
6.390264226708746,28.57382509195668,2.7639899274022994,175.36156614401588,30023.4661052729,4,0
10.591684558627135,55.23237091438082,3.7531924830540713,105.53415059369689,2668.0901923072793,10,0
25.42720620927724,26.387693853717533,2.0190199128152035,207.20349872753837,48248.953348007475,18,0
49.95007220517962,44.303139913866524,7.046209527940562,39.23004457334932,17527.048870537346,5,1
0.9604216683385092,17.016280080955728,2.3617765080742283,313.07475097825596,2333.288328312341,5,0
33.033647900689616,40.413656182473545,4.552451234610717,150.05989842937927,9844.283356874821,3,0
13.60795324406813,53.82641724631407,4.611553780642511,343.7843079254096,3474.55180536126,17,0
87.98939160014552,54.836873949653196,3.724054526833452,5785.9217215919925,2029652.1668054336,754,1
11.883183594257126,32.088246066379,3.7346071777835577,492.42430099896893,46099.09261201942,8,0
95.97460765634473,83.66425557720524,2.3748317476636682,13.173252059534468,955.2772982660111,4,1
18.196842155654434,59.86154944005147,2.592641087012299,479.9022227205138,16972.695727382765,15,0
2.1661246888677654,38.597264496234956,3.2010208091015055,31.913491139682364,20543.071295462516,2,0
23.420754775437214,11.624601872173608,4.032713138599206,159.98682634357306,34571.11764367947,12,0
7.169152759969659,56.996356632468675,3.3372463555721437,119.53158035773804,42774.45716690634,14,0
33.478826739359,26.369185981705638,2.6321332805665545,18.468886150530885,37098.31634526211,6,0
13.416693836261935,12.786918614795503,4.451837414087089,204.44498474737583,36071.683906233615,3,0
6.965981606086564,23.204155264286292,3.5155943719329983,493.59773815168035,20095.403903905113,4,0
5.5589847430845785,13.69368376265804,3.2872790897742883,218.09170064336712,48655.70141695875,13,0
36.568114355522034,49.07979993670694,2.8441996558959963,387.1905688089503,6929.768634384627,5,0
92.16131645509223,95.18569982155587,2.560106531787305,46.847116255521854,43.42577446668183,2,1
37.34942477802774,10.393469867397684,3.2951442330896947,140.8592202619489,41007.498343267005,7,0
81.13380349230773,80.57655843055858,4.12551275018643,6885.446855287844,4138425.1215198715,709,1
30.373948052144087,55.14878111652458,4.090237430743794,350.3768059892259,49996.29811689097,6,0
6.615991709454918,48.17248058314791,2.1574922005884045,392.3585193171854,38770.83746265128,3,0
91.87402756945556,97.34117442665618,3.633349187438149,48.67924999941842,677.0321578905387,3,1
10.565509184890995,50.244237899492354,4.555460305737767,498.2950241942163,47926.2218809901,4,0
0.27881520353079114,48.381541028863985,4.952351564072754,366.0181942347421,26074.084217378066,3,0
5.970916926273118,55.18610405711044,3.807872739408194,301.1923873298543,41580.37398166175,9,0
19.348054809541864,36.76404551082631,3.977535257739814,23.935801579265046,45132.056246046595,8,0
88.40920643366495,58.85167306642515,3.2602547431090967,19675.23151683437,3902760.086721069,740,1
91.42876748229693,99.22765043575606,2.389898602421477,6.603728084370919,348.1471780625327,4,1
28.698670391318775,18.6869484602954,4.8086747428540155,460.2514107147141,38771.54922519979,5,0
31.37994289978216,37.06940015107182,7.397089464971032,54.20268286142651,5266.125272723519,1,1
5.621530398813155,51.15280499032475,4.95053329422208,324.9742079066078,26272.98025071822,2,0
19.87612657820236,28.941682539125015,3.952955978490465,205.4994518792702,40740.97465970697,1,0
32.89953552807566,51.93424447310499,2.747389591095613,338.37267232519764,41373.57299502977,19,0
17.060509176509125,29.031596730678253,2.577473346550107,115.1673402202757,38744.47066630723,12,0
32.87400587662291,30.679690719172534,7.980000581566056,98.78746933501846,16179.287747376147,7,1
81.05448634674912,79.68758687141403,4.775038446522809,11972.859606530208,2883318.491265837,769,1
38.61330546213385,59.98329042174729,2.058968665546659,237.4078283058735,43008.46084610373,1,0
87.51079023982047,68.98063427190537,3.1938772262532993,11006.041987811594,1593614.5549984872,141,1
7.9658679046939085,21.754038363951263,2.0310338201252116,321.5698774189081,35967.70006738159,8,0
16.264735993052973,42.25752548439062,3.5510047697168963,226.51898718744047,2048.9972275010755,19,0
38.66825194653414,26.116102217850507,4.406669046496685,432.1418617726047,25113.287981543155,9,0
18.670457475012153,40.734220814477425,3.3098760998126298,426.13086015139874,36213.25547880976,5,0
8.433743454671587,58.982980064230986,2.0503466018823318,487.77554172144386,4227.0514556045655,13,0
99.1267484339764,88.58299092982668,2.4751805257270183,8.816121267162735,679.151038019455,3,1
24.121389021071966,23.429194095354745,3.4171577850619346,366.1946700744772,16214.588250895144,18,0
56.09390955665097,43.253172387423405,7.701063762723197,94.4036325668661,18725.385547314603,8,1
93.58027008718688,92.80348830339499,2.9765988021636725,17.697019637077542,669.0652851896805,3,1
36.53204779036272,26.722456479218213,4.712785032661204,348.4621921124404,10881.493531383972,13,0
30.497378578793366,25.263474992252767,2.4024325059155864,426.20277681218596,9119.93136422124,11,0
32.602879764656564,50.81294188843857,3.3958860276028955,94.61225264597101,3155.166555808065,12,0
94.49100165648078,91.06175354440842,3.453005781467144,11.69900881570599,62.41512498172774,1,1
35.654299156110966,15.317240633702708,2.915954814183952,333.94370648680626,38970.82263376391,13,0
60.60487067552056,54.08633938175142,7.852645472557022,21.451272595305795,17278.989513933986,8,1
30.230377274540757,41.02223057941586,2.8573330542163133,445.0083881158901,20869.157603629978,18,0
54.699207136622505,75.7494348585065,7.060080008012781,95.62118375129977,17426.05507906747,4,1
47.1212880185295,61.77671081098963,7.802962164535234,65.69441057757277,15126.419704061353,5,1
24.80648516892623,56.666292560726056,2.6330996450740503,143.53620658815709,6669.89826437226,18,0
1.0899130458688644,46.60684241372977,2.4891211623556764,223.63966714161447,16210.840575614318,8,0
5.201160863983456,57.70323960700177,4.706992371859446,256.22619102003966,10142.559723912194,9,0
99.67037188102887,50.26869075410803,4.308966075357187,10716.78106533855,2386445.239988417,131,1
47.50489451992772,76.32684972378946,7.775156751566157,75.84322516050439,12765.223176636606,3,1
35.97598790378787,34.54191451518251,7.119388799026974,64.15472185694111,16618.49554536778,5,1
14.215165200065908,38.58815561714755,4.849179819211368,63.709129292809905,2147.429269123557,11,0
91.10087816591734,87.3241259491926,2.5696324681693516,9.324913344911373,745.7815576142862,3,1
36.191534523147965,55.56333531389507,4.489383155418691,114.36107060600118,24385.44313179239,18,0
6.9233227539054765,50.32263698129196,3.987747789962786,252.61962225117568,29451.97080652832,6,0
39.689730931495745,11.563643638371781,2.080244551645162,368.02857709457624,37591.70993786931,5,0
26.233461351690053,15.226758416400806,4.546474115284772,150.45591465329267,29845.230561480363,17,0
44.99148062904233,42.75358142620237,7.512889008297497,32.34831471784495,5100.286316720656,2,1
16.2375378931237,17.305089882703058,3.917448775399031,382.6400728073253,26336.89423621022,6,0
99.17390262651857,80.28822295733615,4.381076328065671,19944.651416567183,2853663.1430911357,941,1
25.17127871911789,24.3665752748285,2.6019475324975736,313.62961350021334,11982.163812893496,7,0
81.04363212164584,79.24424470754701,4.179400721334122,15525.265630413112,1384116.402384031,464,1
21.197356383863767,26.000450308457566,4.670518024563939,210.18341853517057,24556.92718345988,2,0
36.80459644980922,11.9627602840747,4.773824493562348,403.8354580958734,20654.53725179354,18,0
23.770836535894805,48.60433982103878,3.4422299192541526,285.19809866272664,10796.862070553603,1,0
3.745860455549752,15.702380604075596,4.3012037241658305,155.39428962644197,49113.32523147063,8,0
30.767201320530084,35.77823328822471,2.973975631647221,486.851758101458,30334.739199176878,11,0
14.55052386234222,11.124903773437063,2.9053817061924745,132.83672162783972,21205.12201642518,6,0
13.101472498622408,57.544795772306024,4.665656836137372,247.0458389217943,13199.402369514939,18,0
7.736241199947922,48.08416645237691,3.9318157480919784,53.79814635695502,11535.992040484782,13,0
15.7013682143893,13.318949142504396,4.893890064335272,436.322590853877,3568.1316165238345,15,0
20.141267644755988,40.40543821742315,4.521756321408551,440.5892211819449,10872.31513977914,1,0
38.37443920616539,43.839989437583654,7.92820275001807,92.17338316995227,14923.54822612779,8,1
35.31106503051846,44.46902221288716,2.8025324697512946,320.7891912179225,48356.06238006904,7,0
37.07408501108016,57.400183257003626,3.585979439566314,128.72342052514347,9925.010862270112,10,0
20.61697394274621,22.208492036597022,3.473627749048833,384.62764649860645,13811.21286815519,7,0
19.334761466278458,47.52036750338147,2.498975598960345,346.06553526294624,31014.998620613642,12,0
16.364215643829574,18.010022658357187,3.4879491212637053,24.340632440771707,10948.226056117213,15,0
15.934745309819718,39.152540514842855,3.5939730364469744,492.09311682283794,2145.172291116666,14,0
31.82458401786759,16.581825940601732,2.1083798002210132,277.4735545040276,44361.18759957992,16,0
10.717315963484829,51.19701775269529,4.951529667756392,66.70843885422252,40202.12070486816,6,0
25.378042995897843,28.687313026554282,3.891830398553129,226.4049658979934,39437.09714546133,7,0
23.99665739541106,44.29446194797159,4.582504313502841,252.1182713310655,21301.551164985423,18,0
94.72518394032495,87.6834706368427,3.4292511307130638,23.52907049294946,196.6519899138829,4,1
22.809321597595797,30.33749509370601,4.0362843939523545,249.92040417711695,42661.527476568794,15,0
82.2831749395236,86.91578182203587,3.882862340504169,7468.8075239227,3063976.6791131776,391,1
4.241059870278883,37.90170102328534,3.024960742915484,102.45006557089877,10337.380130704953,13,0
21.410389047268374,54.28722212215175,3.4886346092787526,194.34692612046254,39544.26644231645,2,0
27.824361012925976,39.99562545111651,4.388612650060222,283.7389754263302,11955.262593490956,10,0
5.870714031141757,36.80378056811206,3.2003897955856586,164.2537268100587,9985.853672757525,8,0
0.5778873888246183,28.9816786487982,4.562230660915526,86.6552285656905,18173.392898821734,14,0
27.086172768921276,43.412353926710836,3.895404650618327,245.01267586913946,28466.75012422905,5,0
95.06370208427428,84.54659582177516,2.387449160635698,11.150615548423781,170.72739503609347,2,1
15.274763210417216,39.155411871734756,2.8368510407326526,92.03215907487508,45847.31043909054,3,0
9.95699320711212,29.112596833841565,2.9839240093915187,103.59834967652023,44914.56985318157,8,0
2.8568173827088916,50.10956566694935,2.777965455999872,480.74583656618165,17528.71052429352,2,0
33.22038358227999,38.574714903854726,2.2215497177500714,282.3202118312308,16990.039984569936,1,0
14.927599683911037,59.293809441828486,4.057538581861259,392.5999841122409,7879.381212515358,1,0
91.49977212868237,94.88568841148995,2.397955000252149,6.120990419341993,532.2705484903039,2,1
14.245484870647847,58.745841938024355,4.469493874456839,314.88273764265557,14130.883050809643,6,0
32.105612490095496,30.189673335318414,7.53496957207159,99.82446494465414,14861.951734002609,5,1
97.45609954695814,51.77375870460468,4.521700994746509,5985.536765805184,4716556.7103139125,241,1
96.03655931054384,95.01058767867163,3.175105909176799,31.66167904423774,366.27248934193415,1,1
36.076045532950914,43.06091193515769,4.742408288013017,264.7388961989619,13681.090059662898,1,0
5.665415560107503,27.12761828982447,3.746406213047948,461.3753391700354,10024.45872333769,3,0
20.374089733061645,21.390841550100518,4.424445745417465,199.89959484850627,21671.99913915905,5,0
94.56456726941195,58.01462622385111,3.5704495560884633,6448.705995330222,4810718.173262622,401,1
87.1301248456497,84.4529448652442,3.6245156813420243,14150.931296328694,4107122.057247738,996,1
10.59526641429477,52.77580533342309,3.8813604559291974,227.95886231746678,41332.85281128936,17,0
35.63990550631918,33.8177273899794,3.7893450667270825,444.3592790966318,9723.006531028932,1,0
34.67570167124191,23.622418075912883,4.350714965007408,208.22559691542313,31564.91133724736,4,0
26.769626117634523,57.700036800296076,3.326046956130372,256.62509473987734,22199.00744330099,3,0
1.346815442858924,31.389517779255247,4.5801869150626455,462.6603727792393,13775.328124795038,4,0
22.861923855271215,51.20091972395484,2.4748616547403746,65.3398473839823,41019.281451378774,5,0
90.81262543906651,75.37296477152044,3.1823076756836723,5561.883176861514,2328773.903239214,305,1
11.492765166347695,46.30838793750348,3.671689819239307,343.2334198149034,4031.622415689164,19,0
20.83624077858375,44.49399887446148,3.2718154282432326,61.12308823381444,49284.33535828498,13,0
15.918372890724793,39.53383512121443,2.8034862616359923,229.43080294826174,16812.85169445815,4,0
2.1998825978641445,50.35767702866265,2.5584404418352906,104.9620913980209,5298.840280770709,6,0
15.748676774899835,46.718350190856476,3.426769111846445,414.0750994079273,45252.05285533804,18,0
15.864800747493955,23.51615232830526,4.489641420322947,74.96679400113693,1841.111464061156,2,0
15.01254850680712,43.15089431669021,3.730696424146904,391.91772515270776,21429.57264962349,8,0
35.48068042081103,64.96368163330092,7.198400032295302,68.26976263459039,7270.909025623283,5,1
17.348336017625478,13.715333902237745,4.942398522355846,121.17218225190354,29605.381875051182,9,0
10.959516012512251,33.06877876278108,3.0360644751838546,240.64748702692464,49492.708852221615,16,0
43.26191399793437,42.14187639688059,7.252989773804205,23.38779765790322,11641.130622194209,8,1
19.14362122800202,47.27842905597798,4.4801554763433655,455.13929878479377,45489.543463128786,16,0
13.74545523571578,36.62302154691249,3.516150246988703,360.27662221247044,33841.33167870564,10,0
38.84725953723412,49.84848363530213,4.761012741077155,269.4397981382365,36123.8777818196,6,0
26.372103366014255,48.667924038775176,3.3181861064164226,60.1259546541194,41303.68778977032,18,0
33.374934792191496,23.12638257772388,2.592273344860183,369.33470190352995,13068.676994273626,19,0
28.7627211271427,39.41476159946973,4.689241051118809,227.8013292005212,26321.455073947083,7,0
33.19977692677074,11.61705793988452,4.030035438360045,88.84321989022565,17721.47078229213,15,0
0.2021003828379797,49.13209319379501,3.835112985150188,339.79819916726217,36350.35523531407,2,0
32.07657245000571,45.910875266827965,7.278108804366662,64.45244659631271,19905.63409194113,8,1
24.67362227327325,15.764159159645699,2.697691331846686,186.771507600809,28012.979190733153,7,0
97.99080203476223,97.28586919976702,2.8243505720542856,23.52991079296361,960.3913350742735,3,1
14.902520459766336,12.858007425461533,4.010984262407641,200.7038171687393,47104.89109324953,18,0
6.0823155312929345,34.46039387516148,2.3754987409091406,337.1256911544066,3121.5440938692577,12,0
34.184473371500374,54.85059899714113,2.6537384325599307,437.46779153729426,46663.12571449267,12,0
11.608330524643096,51.57922718609676,3.901460859576226,371.47490764911447,39948.100802592184,2,0
96.82106933330547,91.05647482829954,2.6211974218374277,0.18499923582246391,605.6658202009822,2,1
17.424059209455194,59.96175441847711,2.1962550813256154,65.4960991871507,11670.003437143858,1,0
36.78794248833085,46.88889033793032,2.2137281796379957,148.7492215060295,23544.654099226507,16,0
30.991196077755493,23.38638705989373,4.79571230355781,415.47153090871177,30281.47849383627,4,0
83.36614995250443,50.87006158033344,3.6931516354919287,17625.321161243653,1221437.3747491462,966,1
27.90018483902275,52.48646299338596,2.262985116296907,61.66443899425514,46346.55877644806,13,0
46.36468608561289,68.39402799045038,7.96966353334069,88.39496890742217,15201.250982281883,4,1
13.083938734707846,43.16992403381753,2.7503003123309853,460.1395550196819,31871.35183513007,10,0
38.12333806898519,32.42297177251832,4.764004035547684,80.84138425467088,18885.7761719408,7,0
34.639741840948915,56.34946230939219,3.7317373841380768,167.1958134980221,19169.23830206419,19,0
83.64569887842643,86.71590311136436,3.764863487150141,6811.031396684831,3212810.488507885,736,1
90.01924233202513,75.05899404665836,4.1513530641913565,7868.436322667629,4850304.124917852,349,1
99.93418609462204,68.02307259715863,3.6486248569446578,13309.946552680398,4200221.807898391,568,1
27.94332518296836,39.38889125613353,2.3635054388122247,108.09318793226495,29943.9660592874,8,0
14.932027899734512,17.471503798515233,2.9483218992175173,243.61989732840448,12926.451444530938,8,0
32.81303760138615,57.42742557480026,4.180255245503169,348.19958985827066,13509.593212916767,18,0
21.782066508652026,47.599352134083,2.8042678401451764,66.72626056330135,47576.73395494721,8,0
50.919084115262464,42.81541705961449,7.821695700258171,64.11835615687119,16980.095251768587,8,1
22.76629498387845,18.32764173385518,4.186979530947898,26.663712337729056,10961.639460027309,18,0
68.25227141655995,63.37892492488705,7.9439947434338185,20.96934585624557,18959.15184128488,5,1
33.5610927521858,15.402078429689228,3.6000628844308977,288.71349713901327,14855.386409890985,10,0
18.42178300952829,21.532537486211126,3.4651906089972666,226.17860328908682,31893.706435053184,10,0
28.064774180096403,17.548806339446845,2.6425745788954185,132.90472031158765,25622.503874552498,12,0
23.88607131846249,23.450327550220507,4.494777556128669,301.6097089919,44026.87867900675,8,0
25.430487338251616,31.50515463866778,3.0002351495000883,180.0234424504644,8937.25462899532,2,0
19.451209450309705,17.817080739196314,3.5716222513576033,262.932451759657,35306.68360432437,3,0
90.52932176194932,63.78995782697161,3.627501096033845,13799.966851007634,2420623.425578269,620,1
3.0798042503538614,40.71066246889675,2.8628162709749785,180.24558957382038,12422.5027815789,1,0
11.107698561112711,23.409237185809005,4.910721372301749,396.03966818281395,25092.376410609675,16,0
48.624637300030756,59.59234987335796,7.080519823873464,84.48449657053646,10678.46056253013,2,1
93.94535907487253,71.13346517048723,4.890124375324591,11042.772123571493,2323610.9108433463,265,1
91.08689664638214,82.5245604849917,4.799063617520829,15639.616507065786,1793606.464445352,822,1
39.911376383374986,41.89914173431253,7.48261888890565,38.274861893041546,15320.044337588128,9,1
17.48502522747803,57.8732196381609,4.057250445349433,164.63677614333403,12002.495392671575,14,0
59.6127926230728,37.56334237514143,7.000737383892757,86.86960058187763,14133.06001019405,4,1
26.065111282683525,36.67378904240775,4.522139530617062,488.3094654558061,20174.77841725849,19,0
19.144571681010678,46.43335174738405,2.5990799238618125,374.0805524893562,7969.864349388357,8,0
25.183503882471932,18.045080225786492,3.8422573653836953,252.98007019299996,13230.785785738251,5,0
7.938594006108164,48.19695117404688,3.2866654991812054,20.01696938366063,46360.692639967645,2,0
14.188358832840482,20.589627613164094,4.633339057841862,304.5710341597085,26601.245459579655,18,0
31.8035488850656,57.15488370121778,3.2661145313134767,82.25293985461325,2937.16567004164,4,0
14.189157569525609,58.32648757430022,3.9525436306104154,231.06247435295978,42255.11505419728,15,0
35.780622684617114,36.02023926817262,3.4322787597564504,64.69600329098076,25785.83451569883,9,0
6.902413653438382,28.00710997550759,2.4954704617200587,173.71465962024945,3206.4651996492735,1,0
22.316787164523852,42.10982731839323,2.2908480159137676,386.6248935410249,34531.90916867344,14,0
24.079991292404443,37.01401673153556,4.028589972104169,479.3683453197669,27726.61608201726,2,0
3.5605020454457925,39.27965985370362,3.489346776336909,400.0014012989354,31077.75836906321,19,0
33.99284599643021,40.224465199595556,3.9581248943612763,497.44089738191815,29859.359479111485,14,0
95.13496728698317,87.23289313964106,3.4584467852310694,28.79942163442772,317.4938884591948,3,1
27.7034106992461,38.631344227158955,3.8952776670448945,276.2902055965212,33541.65552666504,17,0
12.11199002013764,15.673994755628748,4.513156516000345,181.23145047547172,40936.59973873373,12,0
94.33719876157551,61.95360055939945,3.939046113551339,8803.10445515484,3047222.6712797936,773,1
87.40178364272668,85.867712678194,3.6393191606994053,19209.637017078487,2471317.5223185755,361,1
8.012902186456046,36.69725284827727,2.0856301711609424,163.51638281638466,3638.8577727913907,6,0
10.322000353131733,22.714102752025788,3.848237858444354,309.306518947921,36321.525132891526,3,0
20.18180440097694,23.95476986447597,3.8133877738277393,439.5152333355312,48192.05908558329,15,0
29.005981477072858,20.375421667932592,4.778234007754815,70.01175110034094,12254.758663910676,12,0
22.807294546018788,48.980325175956935,4.066462048712017,300.05498570301137,33797.390186060315,19,0
66.32515953820536,53.6753768249351,7.973633849552664,56.47974589070049,12577.530328366749,5,1
29.078684518603527,13.622431553238698,3.826943005654509,144.70447764661375,49216.337343378866,18,0
96.62959256119302,82.8806902592604,3.8714564389716744,23.179018366277663,456.58627286113716,2,1
5.969373758130385,47.391905927238675,3.412957101796349,144.9546903961229,3389.5733248523115,14,0
32.53699653737645,27.28908816757116,2.5705382421762457,494.4087283412151,14013.817876590318,16,0
20.394211671098226,27.671733882164904,2.0263679021213545,418.2063116146607,49545.353527218314,9,0
15.48991709342307,17.358071099195424,2.0350486914820203,270.8272770599288,20552.667535750454,5,0
57.666464734507684,42.924868690870014,7.845639642197159,76.66091081760791,16130.75560106237,1,1
12.15116644730089,39.80946372856491,3.604139875728186,59.33162614176626,11823.094149601375,14,0
90.55994116823028,78.59261263207905,3.413163283914341,13894.55386597227,2863025.6550591807,204,1
38.70875170694135,18.431845093518575,2.049485707211768,204.42696512576225,25788.302858303738,10,0
38.8105508546655,19.19696523199669,4.270998014695895,422.7010696696629,37114.140136230344,3,0
35.800265809826534,16.840185014000273,3.266874727160976,378.98816524140113,33923.35976141631,2,0
81.46407449299664,51.97417743785377,4.997992730136302,5025.002607779303,2439077.2496057414,845,1
21.74898252601565,35.288655430898984,4.357611831481233,307.24949660392565,30719.592012681354,11,0
3.4279603993653396,47.22677663007266,3.826785917071004,301.6986769070027,44134.2942253486,10,0
58.58991858197243,50.99291866729726,7.316551525963986,64.53446756460852,14024.846127972014,5,1
0.8479280577872395,54.332801576212795,4.56606755036559,109.43364634717831,40128.36957065211,15,0
25.766309729127464,30.530885725585758,2.9580350050749606,44.39496223499981,9774.032969735095,7,0
1.6646045862432768,11.28685191629478,3.5332132800130807,121.68970535078195,18925.164245720905,4,0
38.59062744842434,26.48501476457836,4.1515394472437075,192.50505559270732,27123.640619953356,15,0
0.3948429463589598,49.74001811376988,2.5853360698309564,105.31753914894954,18195.159676846273,5,0
3.2042021922475206,38.56833757745282,2.129065193306734,436.68501149308344,28468.672867896763,15,0
24.080543519099365,16.48024307471114,4.8969616402550376,151.3986804486975,28340.38514748216,1,0
91.22028456027937,93.48483535160271,3.8147865937026038,19.092405631496728,997.6063915010443,4,1
19.202930567027433,27.531571714906065,3.6914069152400466,60.45874894646314,32778.162126682655,11,0
36.02406283588555,24.955992363471736,4.87729966985035,286.7531076079954,6313.8873528768045,1,0
31.347815048958367,18.884968814032717,3.2443212605030096,201.72381084306164,8895.649439099529,19,0
24.234936167516828,11.8175167751611,2.647174928329294,22.246734775812286,34913.87804274356,1,0
32.84697789598283,19.304909039803633,2.386057154134487,491.8678246097833,8312.75787082243,3,0
88.02737316414945,89.4494378893049,3.142742702364348,5770.209544804513,3615360.105779955,718,1
19.378867773331933,19.975269814663324,3.433945474122167,201.74997180294073,25989.912543107428,4,0
6.395176922707537,32.757805675272785,2.900872061874971,436.0324656744797,25980.218721173598,9,0
12.574334785445469,42.37929898777108,4.631244388941942,160.04004324000596,32067.363650938594,4,0
31.63909526433999,17.7162656548815,3.728947916228243,342.42482350830767,1398.3920762310945,4,0
20.0661004962857,33.24649402429796,3.0862146173253473,204.52971383276196,40332.30937162707,7,0
31.268802327591274,59.01408509783511,2.9278162429938526,200.8404759735295,19984.502573247217,10,0
91.89734853346846,92.76548670595302,3.0441976570280533,34.828163948835126,923.4745914622943,1,1
38.776714434921274,38.503041433028116,4.694663796092467,210.44907694706095,10505.43329860048,19,0
30.45009492131479,54.31386069265589,2.545273449467392,362.4995686541977,5198.873078009529,4,0
10.984400951781165,14.728697215459121,3.7117418495317303,145.1374275549993,49358.25092838516,8,0
24.612752430793385,19.545731375796016,4.287929791522554,416.19068939371175,12813.04405124256,8,0
8.23088198265177,24.925507474303153,3.0334667968874,299.21875638486375,24424.258611472946,10,0
20.217195800132508,34.51556396144615,3.73399141601497,493.7537295883525,42379.84179914131,16,0
16.2798033999061,50.554644188390775,4.803247556640317,76.75083725155076,45996.379426682026,6,0
91.43838037494955,87.82866521664343,2.5557033051788776,41.581990833789426,80.82398141242042,3,1
3.2205337793123867,18.515683198264504,4.8540396817455775,401.4627638213464,24745.018499165264,1,0
92.50858320416506,86.78135157245177,3.959943023594537,6493.715424154465,3303990.6282514455,273,1
32.59011279526801,27.52339755602342,2.647529394807631,423.2499496637925,43785.7340413728,3,0
12.039897509528025,34.178199773777244,2.6670855700317966,213.28816693040827,8646.69195584636,13,0
21.852865681078445,32.881428959098784,4.106164254557221,165.72569898267815,36277.52696969227,15,0
5.188530403243221,24.82434855582445,2.2743540387793786,165.86343197632314,29355.00322419254,18,0
16.69124686921705,16.427657249139557,4.43253696135274,368.3036653649119,23801.928926771885,7,0
11.678189863651664,41.57212427874961,3.549586375742273,324.7628882711933,33478.50985175127,13,0
40.51831124366443,73.49018844901286,7.379193116770887,73.80771090817794,9169.655849375671,1,1
22.835625920090997,13.338304720095492,2.0890701637461717,76.56895922562703,40542.371316263074,5,0
13.00472404452572,46.53602272851009,3.2427320323054114,88.06524347018978,44549.392156396774,7,0
33.57521150129058,59.8727047914819,2.364459995917307,243.8880471061679,26821.556596627564,9,0
21.610518412890855,49.209375005189656,4.427084908416203,446.019332361778,6493.807859763316,12,0
89.01536259229431,64.38857841685015,4.972104042853882,15390.913240910239,2935081.2873945357,759,1
19.045349749172704,14.3304319033044,2.034371166533693,332.57769378025563,45381.852630704416,1,0
83.3316856622871,73.44492681170622,4.939975919887549,19086.558853658065,1257930.0110131274,225,1
11.55787851427769,39.30197362065226,4.718446615536617,417.71127317708203,29766.497586168614,13,0
17.86230629755797,45.56372452390632,2.4435191298789922,217.14695083247727,1540.6233064302987,14,0
3.641386309179264,22.232438469146338,2.843324463981797,471.6966473694562,13997.972698955475,12,0
30.635634250726174,43.88219369281306,2.4290792160096255,355.68657641440456,2575.851427505224,5,0
28.058487633416544,31.06649777783261,2.4782842109934085,310.3027680838531,45191.685229886556,14,0
83.57047595707992,81.44871127562492,4.169318716023904,16146.222844345662,2524362.9795269705,148,1
29.110644757874464,34.62041645400336,4.6959005145845945,321.3725735694602,25647.25660665242,10,0
5.772407370666577,31.825516731663757,4.110684756360588,13.904478339097638,23275.368925553455,15,0
37.90860243892557,14.461250504536224,2.893221450041736,117.18013243227453,4027.0513328093075,2,0
25.970793393103385,27.70446974151576,4.542527218843808,47.769803932767196,49186.07356724785,7,0
23.022077700447554,43.700260409755444,4.599489777420067,444.8520111171481,39605.40846029648,1,0
38.17608371786954,22.15013060471545,3.43256506991537,293.563057865321,27784.792727386608,7,0
34.617927940013466,30.546415660356498,2.1688162759210607,73.3767248697111,44291.372911942715,14,0
0.07007147415486248,55.367396151716,2.8875687699797985,423.60429077383793,22199.61363055559,13,0
27.853038122264962,14.927329093456695,4.412794333116123,192.25710240433912,5291.138736596195,7,0
97.71194957006846,80.22192792056559,2.4661472894857095,48.423542193130224,272.5634937864142,3,1
18.26931293303,37.820018322647286,3.2922084260170927,224.12924016363027,37996.913012194505,5,0
28.85467902253135,44.94748087291339,2.564305502528468,118.56357467024108,40501.88144888547,6,0
6.480991358313597,50.542348935677744,3.086462725574812,232.45962879751346,12709.093577826423,17,0
30.84981762304322,10.17854394892166,3.012617178183449,291.82875466533307,39226.002233739215,2,0
92.21281535045863,85.22112768685699,2.7131280497074854,14.310521352773875,596.7631755290067,4,1
14.647056139986518,43.58263540715285,2.0297883757209183,318.12478472544535,10793.944304294608,8,0
54.637113090424634,43.6093395642914,7.32748183370796,50.40240592130388,12743.688924761645,3,1
11.205344402290338,11.459350862992375,3.6295413835359303,345.61110507485085,8362.5605539546,12,0
83.26771226480547,89.3415759031912,3.333168217403932,13832.32726638651,3388599.5873974776,907,1
49.18729208760965,60.76776596838036,7.523835000675501,57.01766501238923,10397.81468467396,2,1
2.1501896444112667,20.141949764580552,3.802130096750346,220.90516118972633,44222.51999351748,3,0
29.05526591299983,23.959905519596504,2.266868590232634,161.06128039775498,21821.40302911181,3,0
37.98050251070087,16.678628704215406,2.3184977540988974,410.09662426019696,24117.859826590782,18,0
1.5206387744841754,45.840243935210495,3.245744728759742,261.2857942186956,1079.6272467043034,15,0
84.05609946219778,72.5880834007616,4.587524146287864,16426.446941374692,1948887.1945862751,400,1
14.221105360414303,12.68841827179454,4.6449249155394785,485.26445863855264,47557.184731234316,11,0
24.028191359875354,40.14930983369392,2.896275049321537,489.82139880190203,37325.52207518721,1,0
39.48185667072012,36.70758739821797,2.9224878491783546,168.31416527133266,11857.33040491287,13,0
34.14094473374136,15.909255303841643,4.030586987151256,122.92434259410777,10832.320849109787,9,0
97.93081979821032,83.68143491648627,2.7424830868818644,26.44178767761921,764.3983703521008,4,1
36.449463311003726,67.15121467209448,7.486180804476901,78.76764046673952,11537.176677497966,1,1
18.031331678858045,22.694270702655245,2.300659250437022,78.68194721010981,43987.195418229545,4,0
91.03166375704126,81.90340900052625,2.130243413927162,21.830703877639618,252.70479941434775,4,1
93.89917291473145,51.78118449149093,3.8846672313736956,8638.860610300915,4330298.652652769,480,1
37.6432029806991,10.424635853881572,3.6446255617918975,83.56401062692056,48624.53115465482,11,0
98.5038764308036,81.44998414747442,4.538973179697764,10814.13430301628,2990653.5228222115,370,1
54.34907548361714,73.27908471764796,7.831357836229458,39.438906611483965,11958.442732144995,5,1
0.6760996975662614,38.24229586744079,4.036530597056737,347.3769979553905,6198.473743193032,12,0
95.64773166900468,80.25832711588276,2.121130413694024,24.17642456360073,114.46448972860523,1,1
24.35311256693749,28.62255087771347,3.656575639913287,191.33076050713316,30507.642628477148,3,0
2.0203622091294893,56.80057939782126,3.8553772968901905,497.86831276160456,7312.620965564303,2,0
96.82194164804527,53.55119020454606,3.9749752163080276,19651.908112967158,4898249.666331526,237,1
29.617491522739826,19.042103239305465,3.658358603410997,358.6062195589801,35197.79900239945,4,0
95.57571888612043,86.45474644470814,3.7478834797656675,40.29887120268801,576.7154553244496,4,1
11.945594340714205,15.847375239219215,4.62681788590285,148.34806786637182,8114.222613650643,6,0
19.189248181397154,33.02126488399712,2.4127313411101605,284.87292567264933,8055.460282108325,4,0
24.062966007255998,44.20374250057663,2.8495953462017343,352.2957590602158,29127.151905747523,10,0
82.23616545768328,77.73840959366271,3.8652662004238434,14465.575303599364,2154441.3324191906,616,1
18.94384819753599,14.387246889567177,4.243209642614872,112.66119394049477,29013.696436146434,5,0
99.10433677992837,74.78121617905306,3.287726711594784,6008.9257922317765,2523011.723198018,590,1
16.375079556273306,45.70675084993678,4.300396951611257,438.90269815984936,41524.89836928054,17,0
25.44616762826542,11.573713281834815,2.912552786410288,407.08331265151344,30689.307699685025,4,0
8.435469786463926,40.546049030652725,4.935864432324188,258.48591747010045,28715.09740773725,8,0
27.748561301141805,17.82861728432828,2.1417118765151213,144.2578711201893,14168.3102548531,6,0
99.21109865789167,85.89536773404626,2.9352191992802155,2.4147698975578615,453.42577845308676,3,1
34.829792647043256,49.91318153959743,3.073191186303874,486.751909891812,39174.672307186556,2,0
7.286653372732874,11.653133579287907,2.079665355285946,222.1284930849555,12570.141816266627,17,0
13.936754228188803,36.574340804481395,2.1830134849648433,332.31964775396176,39918.664130928904,11,0
12.532682532730202,35.3196337001039,3.8958859359126,168.0497988346456,26416.601145351513,2,0
4.863925221154042,12.03330242390392,3.032743090428649,95.73958303225275,5884.495261716729,19,0
15.039302383977532,49.818450400506926,3.7199294582436218,280.01058065589007,29354.612374488956,5,0
93.20362879003348,81.99555412145175,4.080296269245199,14619.33212585009,3663763.4275075714,291,1
90.99597439225963,82.599895041252,3.3497257189534064,19.14443313637717,922.4584988238772,3,1
99.99340790955162,90.04535170165393,2.3590553834165062,28.03611976282163,462.0351764089454,4,1
30.381535017408492,45.26406589301446,2.5434759270817855,375.49742931413346,14446.818773742716,5,0
19.844212433543444,41.39703755015157,3.313065517710453,219.8605025803567,20709.798224616716,7,0
23.788054587151983,26.671786310742597,2.1488496259069785,237.69337484083954,14504.963742163545,5,0
26.58688888177977,15.174130783253823,4.35265521688191,315.9678470350928,42727.24816357131,12,0
27.58515068422083,12.014074709973757,2.9957393853092,495.6113036368364,2925.5669575206975,19,0
99.23548277508087,91.24076839634452,2.1734999003315263,9.936533436053535,831.3172037198217,4,1
88.79393152387965,59.06328863476287,3.4780028961116853,13529.775730137235,2872846.2423430257,634,1
20.190508636519226,15.61210199961275,2.0927575021270792,152.78666697684096,20715.622122852226,13,0
80.11412782705638,63.760638450098526,3.59529827887944,19194.976243506222,3792836.4929066333,228,1
87.39450436649939,64.16329476010758,4.493986757675526,19578.600425839722,2649068.096692387,637,1
41.41557154855096,56.885885970443525,7.930960678591643,60.91074922995278,18505.618796421768,1,1
36.041796990968315,15.008495481244474,2.5792254205348804,62.440966117857194,25180.443154595698,17,0
90.11662438103932,73.00368576411287,4.003955677231469,11200.708511820765,1093819.388716982,236,1
1.1276986841265968,22.33350178523373,2.962551361988097,349.30792708232485,2664.8792066739225,1,0
22.735660989009617,37.95555052540407,2.124148837330874,397.9314054050114,49757.623483874435,18,0
31.964810208185547,38.07782508704271,2.025906371775692,442.72549457058614,31434.26563763232,11,0
32.9510534214955,35.02436253418825,2.2408523825519446,386.74724264897856,47217.03098902763,19,0
91.6020705367816,87.6621316637781,2.4579727932453483,42.40558564618812,128.1265435091422,3,1
82.05218572609725,59.478203516897516,3.5535614027579494,13271.900061119424,3360708.7803636547,488,1
34.66509154471562,47.5233255049101,4.33522791944292,137.5268103299784,33100.07549831629,18,0
36.2601735103549,29.21064254371846,2.427311412462425,372.24222476928855,11385.127140388282,19,0
87.09283108963253,80.97004590963394,3.6841280088770256,18361.5278943312,2957535.0213304264,839,1
92.60925732683026,80.6814608267893,2.5519535010832035,37.18462952253792,832.0727008810798,4,1
24.203138433637307,28.264538087185855,3.448641856082777,312.36340707186514,16647.90365975442,5,0
14.538206389918242,40.736762410986756,2.9092525100099205,499.43114365131396,31667.49505878653,17,0
92.41677123085442,98.57871138311637,3.3043514546553254,5.889428679066877,775.7030006974423,3,1
19.71882572488457,45.50895987966386,2.565384692508063,243.0578016881375,38007.52487919952,3,0
7.755308082953496,30.26835054465214,2.7088156831680372,189.8359033623924,3373.270386612295,11,0
10.394644015654709,26.994087069909614,4.807722923652486,364.13290192671315,30670.06522790518,1,0
35.61817036260058,10.631213348720916,2.1060042475548495,280.71965447465124,34994.9095158751,14,0
31.79755701575539,36.98650351486961,4.134609263343034,281.5733298061345,3997.4114046708096,12,0
37.944287870689145,38.07933281162401,4.617932918193635,241.24451858132971,47373.72485313882,19,0
20.95716464127741,59.9234992853218,2.5343796339688236,236.390504221606,28903.48474193934,7,0
36.32173022705729,53.74220170240141,4.031357689245826,227.56645025839344,10278.693179936403,3,0
39.66074799855846,30.85376014069863,7.277633638285697,40.39506001833187,12696.040869719585,1,1
31.05096882368342,38.45261972566099,3.929143160271806,172.9518509865141,21792.689540307598,14,0
6.068569472177665,41.32864372858236,2.0851990073989235,220.02307677512346,12844.134078404226,2,0
35.04719633746223,17.58258313235207,4.942795770548657,37.10854102348162,45338.74574545041,9,0
56.1568564657295,61.14718484065691,7.1662329223354035,87.13759340876018,19439.318208586705,7,1
18.827543647640866,58.95737566338038,3.4712219295869575,406.73919592689737,39349.358916604484,3,0
92.71592941557188,77.05046033819215,4.198500085954548,12694.3017010002,4888304.387037049,219,1
87.77251187598864,83.08982080736877,3.5781686670126307,9245.85016688305,4628811.493450106,723,1
45.4973786534319,33.19656653047768,7.973789301681252,11.351017649410132,19938.464822927195,6,1
10.016225954019355,41.70422952405756,4.564275098806707,68.93909819716386,30336.85235000402,19,0
32.21571961937738,37.723736403690445,4.676071700426585,29.663108355687026,7346.82458183252,15,0
1.2515763672942404,41.18131560376618,2.5753201402081225,298.2427748072857,24915.348719415095,5,0
20.729594039335183,47.0314485447229,2.235377078381891,136.69293351131574,22277.601656339823,8,0
34.151233553683376,39.0484935325307,2.570146781697889,375.8876352950533,22761.481579421867,17,0
2.8450079855635435,31.28057837619202,3.361730283257181,60.65021895331361,47753.90178778373,8,0
51.24495777280241,48.044778931058964,7.879601742338769,79.91564428558553,11628.220165219831,4,1
86.2376182673348,75.1364774567277,4.882737092618921,15900.481789430383,1868932.1293894635,776,1
87.5796139346121,65.78454920284584,4.271781089252747,14674.026434412932,2852114.8859347817,868,1
30.83666866085952,36.49815923723533,2.010518185633278,255.72671619755852,19583.224270330906,11,0
36.07407832081657,42.12751945275685,4.966249215714669,199.12971720687017,35801.325205760564,11,0
22.521785209387097,10.298023968009737,3.3788574625758465,147.08225972619576,40908.69050802594,1,0
97.67336842026135,81.95383421682592,2.5843654462589067,42.27214753150634,172.7316418494853,4,1
1.917316008174672,59.191156663583364,2.8743925904076533,50.62339765235639,22406.104021981722,15,0
98.12365594581331,88.8607703437987,2.736976459353184,36.08348261928834,267.6420183589435,3,1
14.096480427907467,35.34233242103679,2.7561807730902776,417.8065282371911,1348.977502684768,1,0
27.551478187297754,33.945669103850136,2.9340761377616813,409.81314619398967,32160.649227078917,14,0
5.9054526598532675,34.91742935674028,2.952493240228669,412.06961364478184,8493.421377257431,15,0
9.484591753689916,14.825738235956994,3.3688260440875766,56.56857138863469,41711.46404098841,7,0
1.1314954474158911,45.416538758576635,4.204510211955023,380.30519590098385,12223.261111820662,2,0
27.21016654289114,10.141400815437315,2.5102753682666568,147.72077874932043,21857.84004865595,7,0
12.953767271834682,28.769278695202356,4.828227826388096,318.0442888424033,2106.484182508746,3,0
9.517624462362729,20.402655990876212,2.8693243159851134,75.44344589831486,4006.9586236004643,5,0
91.38546951162755,93.89039469679079,3.156583265755046,0.509954688344999,782.8298387746737,2,1
40.19759557867932,66.3763066745231,7.917177088153077,35.8075200193976,9396.21030514839,4,1
23.90201204501759,49.30261225949682,3.788912425057678,120.57040109844249,20168.131727575772,1,0
28.389301875966517,52.92754354752338,4.400958796019779,345.6951368924702,30361.331193043396,2,0
17.22841835942825,59.48426956255368,4.37790846033901,272.03444902483415,28584.08124809705,2,0
90.44660639846674,93.09296482090404,3.5623527551281624,15.027897790591316,178.52779330147428,2,1
21.52631916380347,44.854939241752675,2.559891185713394,104.41784887738126,23468.442731013096,8,0
67.60635078379066,32.342852678042306,7.096769191388191,82.23894213297116,18891.705124526758,3,1
8.884201827675135,24.91157787160856,4.25868296454321,78.02667622285836,24307.027545368364,19,0
17.312866562726473,30.453243387220933,3.7740070828012167,444.40895541421685,27463.647446414776,7,0
52.19549541021442,46.93601284396087,7.232539198436662,52.22381688050455,18019.57984190186,2,1
15.38969925715357,30.102259263908472,2.356529340604247,364.25085858081144,25313.15157977219,7,0
15.650140537673254,14.184632503421609,3.778745760709882,207.78147049590058,1421.928909897102,14,0
36.03236027471545,35.28314727493347,4.050343044861075,207.55887493571248,9558.184076330204,15,0
29.407183169027835,52.33027438114651,4.884022867762135,342.7416953702082,21613.463567285857,13,0
92.28145758156548,54.725108408445074,4.119377653431887,10686.776567775723,4983320.175679352,736,1
37.965530951844016,16.248674313443164,2.7798458790046823,22.857958870300262,31820.543368855222,8,0
21.099575179961725,41.70505590860793,3.334954900509387,57.68510221045425,46105.17944853336,1,0
39.16436798199931,32.114898365344246,3.189374062491381,82.49648734589012,23778.807195229492,11,0
30.376157501907898,29.795546945756758,2.771577422107948,233.98465213322123,41297.706295415286,8,0
11.300087242430067,21.806448455387997,3.406204614727243,53.95753255027466,48966.36002764888,14,0
38.3348979406165,68.97918837623996,7.92956274527683,49.09446506956839,6298.895807316186,3,1
4.592420896370841,21.85357591745673,4.269729505436461,401.1295129090407,19099.732408494343,19,0
19.875087008294937,55.85626557512267,3.8837288044206177,274.23560580390836,28226.52407593049,8,0
25.497096961045408,42.917315530022535,4.6043513031552985,183.04333122731302,13748.484807060793,9,0
27.1699296601127,57.56986375185784,2.417770404066018,499.4309556797452,17572.91760424917,13,0
4.7035054616300265,21.744200991102815,3.7588974739129997,448.3021989887627,43391.19407610612,9,0
22.35325698229292,37.149055571641085,4.902527067676915,155.4480667799772,19942.04475131207,1,0
18.97594604660942,57.86469322307251,2.664061456750175,71.51811667280566,36788.82065652262,5,0
18.34267895134387,46.00755145540181,4.738116827837812,145.73979573840148,30976.95489002342,12,0
10.04767340782692,15.519024392614952,2.037785635397265,450.9052071936082,44612.2826571096,1,0
22.0389956209859,40.154802556526604,4.114011854288977,211.93501519845194,44612.23402856805,5,0
50.43048282305861,63.10829557104253,7.491260135879329,76.77288419628317,19299.974684353096,5,1
20.40692848436575,38.67506106239871,2.0499781590479507,371.5505841904287,24169.22092335727,8,0
30.26003121086169,48.4066800522512,2.0941348003492615,144.97827967821496,45716.523666550864,5,0
39.64844246987412,58.03457223842307,4.416297372552816,428.08159408588097,7919.430267694956,11,0
14.677889965335567,41.50380063873718,4.6940344927611255,336.26963881742944,17211.588433838995,10,0
92.17358728112823,94.87583773688432,3.943206916790074,48.179876244782356,873.279022169314,4,1
29.07791629553958,54.168084352579704,2.4099837225366465,20.226091033017514,22446.95035253937,14,0
39.41933433501574,57.65978262933753,2.0721122770014566,392.16034121614337,24342.62617626861,6,0
24.85835884163171,37.0587861347147,3.8061637847257557,153.0217942974064,35188.89375277123,18,0
91.16203308868691,91.65933772999426,2.0191808245396814,17.321167312124803,809.6684798885568,1,1
22.930690791105302,40.753026376891306,2.8254254542953636,132.3817800118416,30878.859249270805,5,0
63.301453129928774,59.336816913617625,7.831546448617529,59.466736871254945,17775.033516632433,3,1
91.50340567047132,84.95488011856864,4.427471503994907,17176.69579204014,4341707.791823568,895,1
83.87296749867787,54.399310738126886,3.601837020015437,14203.279866864734,1143668.4481094214,932,1
15.132339323437304,29.866394249614284,2.773608830379917,327.00614916825043,2335.7180080026624,7,0
11.587745431892857,52.094232931912444,3.0800139447531074,134.25511028545452,26242.62209993161,9,0
39.940307301773274,57.03008451588968,2.3930873582103755,81.8140437838049,5304.247163056758,13,0
33.85154661184378,63.48016769370539,7.6225201763021895,83.73988386940705,15969.879417612432,5,1
23.807397427649203,24.83730578865535,4.205619806265025,192.7569610473842,21999.451174043126,9,0
2.725943735330767,50.92457529434003,4.858004668103751,43.25241990442143,39268.420498584375,6,0
25.625180839268438,25.985947024225595,4.526791906999531,294.844355783722,14272.931444373222,17,0
97.54394121004927,92.23480716301728,2.7500427947748536,25.809174193773387,69.5386416562498,3,1
38.128865622961186,41.91118859494727,4.9795057549865405,482.7084817917693,23340.78363735056,8,0
38.764801259772234,23.60599984766856,4.700308990170056,415.65552191866885,44912.75712121699,8,0
34.233388011649616,59.437191618288125,3.62268779127612,42.09874106407461,5215.082041903531,7,0
21.49270272434064,43.907325302986315,4.345835169150952,102.45031180414483,29936.97126708411,1,0
22.114144929224672,25.586309343166178,3.4594457588699696,200.32476031030197,39776.371719277646,14,0
39.64107970526455,15.794790797022703,2.1025779373415023,265.5024112381817,21205.526355233418,18,0
64.64106086296991,59.10268812852756,7.500705618405225,95.17937954526296,13422.36447592925,9,1
85.12417036240633,67.0561449189539,4.892408453565743,7428.347588680741,1011939.38289616,867,1
6.970787235934659,24.08420830833807,2.658989958860415,483.5959052072601,49354.683153832964,2,0
98.80748862659246,53.482733741340425,3.9766298503622046,12764.477353986353,1835957.8877689466,623,1
38.972072079155325,43.73054653127966,7.120823366353442,68.62302351033725,18163.484011483903,9,1
29.498733469073805,45.39826153720808,2.8530759140250836,184.8981904671181,37887.9595797122,3,0
91.11316725444313,89.01216869096706,3.856465150353057,35.00467025164157,342.8840511483908,1,1
15.455748229415125,28.96065640111089,2.6189893315129984,224.82297739401653,19995.102304514243,17,0
48.53750150866093,67.16904000011547,7.90853730192279,53.495517499165544,13844.831938040663,9,1
33.23394470964131,37.99687626177982,4.697071198980909,16.74650430222238,11633.27277393103,9,0
25.547272480822944,12.557454950093092,2.114219991779096,455.1289445324223,36554.06102940914,9,0
87.79965611385323,78.63658754754385,3.076113791465077,8663.39181702843,4962574.990142416,475,1
14.924900539469421,56.54385950629445,3.4644331440299148,443.82501292509124,40283.30186548809,17,0
89.31531744185448,82.63743597092508,4.168757386934033,19265.955744685703,1415133.3451950988,182,1
24.547846728741018,43.02222139775983,3.4650627823760836,92.61512585729925,47376.99031607856,15,0
11.572904271073984,12.200156451180934,4.605334557526532,156.30108742761226,27895.297422458418,5,0
25.526550909231872,14.354306664977347,3.6146712272246817,451.55175807937877,15140.3444020657,9,0
30.51195740403677,10.057431773693173,4.328899794775408,353.0514927206845,46952.98380795704,3,0
0.2846542157341503,44.440425108009414,4.162391026466492,65.7751639469569,45910.59441814464,13,0
92.70405470846215,74.74005039553008,4.106985534004892,19076.958991233027,1778039.9364343835,879,1
14.104683494130317,21.984621607117425,4.088703873553145,300.5090578945629,18216.970562813673,9,0
5.20110226698228,37.87955313365255,3.437212341389145,441.0180881898782,34995.549784197814,19,0
39.52864757320029,47.246741719373034,3.6157077293330055,170.71303624546758,44485.32364433855,9,0
16.4734013668461,19.452000958497223,4.176352891069136,486.58190302081675,38418.1494193341,7,0
32.12523258053085,16.936089615265534,2.250620012637531,70.32937285536272,22245.69516881225,6,0
97.83706713376014,81.18301745430703,3.0018242037462004,5478.072084801482,4941528.120284273,122,1
90.38929997058163,85.70197601228506,2.130109960804559,20.271854640034732,288.79429171561765,3,1
11.074815863984288,54.38778326133451,3.7658385991812757,190.9047267819333,13786.698275297947,2,0
68.95537764983324,71.93572197625944,7.435513385723288,53.94937007646805,10779.747837676872,4,1
90.65516919815408,89.79838447861972,3.675647677905072,24.06935929883678,587.707132594287,4,1
87.38914273495622,69.61359806190463,3.4047373336231486,10728.283600022347,3318285.5253491737,846,1
38.15795943298773,29.03162539017157,3.6875994205274982,90.78521781176083,36221.54210033277,11,0
28.847931638376142,20.692633296774968,2.3256451784963623,175.7458926104304,27695.816877999576,5,0
10.002400720477578,17.89393302361442,2.4602176351678535,316.94537671040075,12801.974954506517,19,0
1.0416411329268582,28.10156049559792,2.205576395567455,433.3110658553983,46524.77124958706,4,0
39.54777183314507,17.03721146663852,2.340292643014529,195.45316017378087,39049.21007087955,15,0
28.040361519523472,39.382144994182504,2.9936891890897805,52.997578172674196,38378.508661591906,3,0
8.573296739249932,37.01798392205711,2.9600664407869286,115.29799985903365,12444.685613061785,13,0
95.97429445780531,77.12496955111828,3.5180986766778397,6239.418390238548,4393342.713548177,882,1
91.49886109457289,76.97914393121141,4.979632897794745,17354.68844705612,2327736.2474390278,271,1
90.84486608038478,94.01866000668898,3.376073201205757,36.617342200336154,232.6063065221532,4,1
99.15301311314677,99.83553992320478,2.771330285463306,31.241955074880583,80.30429407034023,2,1
18.323346797129823,22.716505757136105,4.902013198157881,390.9944593254949,37342.30447387893,16,0
12.656653570309082,34.53531643546455,3.8375750806446125,226.33000002355064,21449.91720309465,19,0
27.410756137254097,43.67001118832527,2.763417488113253,155.8748927792521,45948.29968574899,2,0
5.385604313786017,39.65216817397454,3.606549104914298,378.0305195017098,22891.199130363944,3,0
94.71470732971486,80.51099468916325,3.3161542717711776,26.724135334113537,221.26540235840287,4,1
31.652961149747544,38.6979069007483,4.754940535744772,459.77876715186966,24193.24888370672,5,0
6.609387272370504,56.0484104132997,3.4881116475601037,121.28195092525372,47209.49267432614,16,0
26.315461904326916,17.563469457288345,3.3951326118291183,72.90342995652941,26548.75186464475,17,0
32.422526843548255,12.379985718098315,3.7564265957803276,458.8107741638794,30360.84638247309,13,0
11.021363667352468,17.16409679492088,2.3775705475645386,422.1228438757055,40341.07864402602,14,0
5.77159739173239,15.323550359663153,4.688056300061166,475.517013705604,36065.62058294498,16,0
0.6003311402854772,19.8055425964627,3.1008843257019927,87.7366367625592,13345.932554775725,15,0
33.29655443874803,35.734192633068,3.19816003493176,381.21195018262364,22171.547222116744,18,0
39.29407850050994,35.834950778004355,3.4404429558440723,385.2740546198511,27352.27175947291,9,0
83.65919112488446,67.77280002427102,4.865152754938809,5124.4309004253255,1950517.194556629,137,1
29.11227707472236,53.66486446426855,4.631389761876955,165.3130362768846,35682.08107091911,2,0
3.5418622520995324,42.25860169900025,2.8707041734452274,289.01581658180686,12592.160537959442,14,0
1.2388252041094239,31.163213039548406,3.6791106973074346,66.32534681449965,42448.63613185353,5,0
3.1028906059171657,21.348447186486183,4.734608998980494,226.72351210061527,12165.966391857397,19,0
90.40875308284025,69.10722603676712,4.5278778979116,8275.6807813251,4705951.480759235,265,1
29.37591081214225,41.381350607233344,2.5892709274980628,336.4394949671735,27042.43345509776,6,0
37.504046954440334,33.50340218698542,2.785549414929167,238.10861540208143,27213.530855743837,5,0
32.36891388393357,47.093827666348545,4.832863035163749,313.3702432689434,1396.316446904017,14,0
89.48500061334279,75.8732583128842,3.428393463916073,7338.257366042024,1677581.7121201386,471,1
22.682954794978244,57.91733926500055,2.9702807138983793,352.8254186607632,44405.25846215442,13,0
20.71960136765545,33.64229253933735,2.032553727988154,449.76856677632946,42108.52670534394,19,0
22.640964869806474,11.5329426088659,2.7666184662126807,496.4153469695899,22730.796868671485,5,0
67.29870442693361,61.30460156748818,7.760807416715643,87.40040389230656,11755.294874875035,6,1
5.725724626155877,53.838257097108986,3.5230046483791937,239.64679474481437,6047.56372869985,16,0
84.36020241077102,74.22874668569742,3.9402503945696434,11070.779812018238,2442488.084109745,907,1
38.95367619370174,15.295073570377163,4.067135491825061,211.55093640834602,12401.790972039978,16,0
94.33144928484299,98.19088660057238,3.1204903915033295,37.41119788334066,377.2402087363906,1,1
88.06459405157742,57.67573470178177,4.1459775357424595,10592.4505092256,4916824.23415712,741,1
43.14570977519131,65.11898743174652,7.869665066401234,26.13008110010116,12853.07666809502,7,1
31.233289520672653,26.512753931540875,3.7264841472923047,78.33080511653873,36711.12718205358,19,0
18.260649642535157,43.779891017856066,2.696966900203135,479.8933486699248,16264.770004839287,1,0
99.27635008743239,87.16381906268813,4.271994559422577,10987.22877943977,2477078.5628641224,581,1
88.6750412525553,88.1325179799347,4.287634646989576,11147.319444347759,3510146.1174427215,918,1
92.10291241329895,80.05224922731333,3.3016537749524772,22.239225444384164,808.7497752474312,2,1
16.31928161735714,45.3729757596352,3.965971068019093,303.0325779990683,28531.04856971444,17,0
34.38584875675843,25.001851999307814,4.272920800811066,34.42206944301675,41438.11147167523,11,0
5.191935101430967,28.97063919979895,3.7721122048904046,277.53520012501957,13555.199215169752,8,0
9.600662969582391,37.7588808371269,2.1739197209349355,173.40724848408493,39746.14396714802,3,0
5.9189884537248405,38.40164974056637,4.332634883899394,316.0931891197729,27538.815656185197,16,0
25.883806820160498,25.300229244972044,2.499407230067197,249.7526555862152,6169.290318434939,14,0
39.62893316488856,54.30883808469511,2.0237958592221434,226.4402531689475,39362.171801074415,4,0
39.81826436774108,39.58741323690663,3.592021474314362,329.3110842885167,38929.794562510455,8,0
29.663635738721613,34.01858547571008,3.5678967986712466,324.13414826402476,45715.28775660334,15,0
97.71060407844902,54.86402219343155,4.673500317494428,6220.6592728649375,3145002.511897463,783,1
84.59225678270516,89.07401209080643,3.381848268284041,10364.82900787452,1296355.5988025868,915,1
2.7212474954652466,58.32542394612234,3.72320756721664,141.86094631078893,40099.80910171679,6,0
11.35610521816524,49.513128053792066,3.237510474189582,246.07622106168304,29061.313943790097,1,0
91.26118771781802,81.59939545403181,4.4370734416461834,5481.5089295666085,1035888.83286616,254,1
12.669332829137549,31.312761859102153,3.9287362482560804,108.49924562499261,20197.898751936144,4,0
20.862306223452933,18.8727420080293,2.9909299131087232,244.07944739516168,32471.296500304084,7,0
18.153583690663858,18.940967094832452,2.4516123705369735,429.96486167050455,49734.45640938151,4,0
12.02466620450048,36.19326865082803,3.2183290261667925,303.8656598147648,33726.53612132576,7,0
1.7932101648936305,51.70925604519333,3.455422076406651,256.78644950597777,34498.86358401876,18,0
35.50142948536342,16.991697586668288,4.7466942151080715,371.18311949700836,10188.626095534988,16,0
95.50407770489556,58.24827496449647,4.587428185742495,14461.245371379326,4860888.867757723,790,1
28.201574516226454,30.983122028082228,3.956998987526099,282.76747236485386,3346.9696159557307,16,0
28.178583612433698,31.380750058553886,4.0543983562089245,332.4061197862717,40247.45532702419,3,0
17.541445682243832,30.986922174977217,4.5264348289374325,92.397634628203,8729.010925610492,12,0
95.00807276988489,84.77173947425176,3.5239140887665235,37.11194955209397,151.9859887412427,3,1
36.86288035853466,13.383242161579354,2.800295600988459,131.8619219194485,16038.53809685732,7,0
22.004623185369216,12.446219235878411,3.19745385945396,287.1701928652965,36117.32132746863,8,0
32.07241862965794,12.18775037271659,2.188677984476038,325.80265764134595,38593.81969517619,12,0
1.4274748324668662,20.703979439999365,4.033865504176534,141.29425782917494,12954.941681471311,13,0
29.96927035781589,27.666063839441055,3.814677392201569,416.355656554024,19401.458738398433,14,0
24.406206782201462,41.11035781990635,3.6436861805654615,448.0133684849905,45960.78791922159,6,0
9.233041791056568,43.03458776946172,3.1253847998390265,426.8735340215246,38683.93514264703,6,0
2.470606783446505,23.878850045801762,2.7586301085762956,14.247028836414671,34090.2956389515,1,0
92.79597638440448,77.5660903321574,4.271475972128298,6123.797614454997,2040724.4510109993,258,1
22.11771216322213,51.70192677928811,3.906254722589962,403.6326535571317,2070.7531366938656,9,0
29.017880451488093,23.80778024778721,3.941602236622353,344.0599212507263,42336.546432168994,1,0
32.80448040765725,13.950829334971989,4.905133303145332,40.33070418863255,21404.605446007474,18,0
20.20322612632114,11.009374736460744,3.669771931573928,23.716307237101773,19911.31653400305,16,0
27.983667798491748,14.5826422378,2.4985356128920566,143.64353231363916,1958.2505484370304,3,0
7.48210324215123,25.035226256685135,4.45347399570403,248.80135904722937,42806.31137857741,8,0
89.02008742076667,77.16643204736619,3.186403638660436,8404.998014244997,4587341.657195917,313,1
98.41949178835225,94.35692127250643,3.3975883397742574,38.658103746504935,27.014696018415773,1,1
18.47250526414408,15.922096952149907,2.019067015683563,259.8379492399496,26056.952476994862,19,0
13.059749524853355,46.18986957955029,3.964709714439726,480.5001632152415,35540.043040211494,9,0
6.466544260434985,36.20915447569138,2.9030719110588166,174.65854841030185,10111.919468503505,11,0
98.56472368048637,95.85107246074686,3.8727476075220095,44.63689057281689,102.43588085994004,3,1
8.642545953731823,12.58090568370516,4.580902125832376,359.7376752860823,3285.488692489386,11,0
4.815700122346729,21.583615112663804,2.742679627119765,490.891289027896,29251.456846117213,7,0
66.71267652528202,63.674266316761084,7.734309323994136,94.3673125716689,12214.185945778772,8,1
9.738659286645252,45.15675116121906,2.7945125066739944,121.8526949445227,22913.78554966702,14,0
16.989979216740053,12.295607407121425,2.8537389544065936,341.8912946707567,10064.689121623493,6,0
13.825601943787738,36.47000943464869,2.1216010053168,120.38371078184716,14744.675431257645,5,0
96.78057815025241,62.90396235693672,4.284803017023103,10058.782321838866,3879091.737873585,410,1
93.73091509102616,98.95632049295848,2.209552832481057,29.40258271149358,896.9233693502915,4,1
31.437753845784776,37.56808844293463,4.084483349259239,250.35142809399406,49733.98808731937,3,0
32.70110844236755,14.772737699927148,2.584742982432268,259.41667361043005,9501.593707464373,7,0
28.752161960584168,19.758689837071053,4.8074728961148985,246.1024550558529,20035.368588845784,17,0
36.828965162105376,26.014395918929157,3.1715750462076167,154.42394001090233,1218.260590164652,10,0
28.49058155177073,20.300371054029544,2.496019145361804,405.54082093924023,41770.59201488081,18,0
20.6740194694842,13.79136110983238,3.440265981610849,82.18434518689071,33395.83759709521,13,0
20.546457432008825,43.22388353996409,2.219891182788642,91.0690027183138,10087.672175645575,5,0
88.00379450877753,70.84370434109469,4.127093145590614,8799.27716683704,1351169.4175668475,687,1
12.495773083518632,16.219848213021308,2.368810523347852,198.65095962009886,11127.430657596913,15,0
3.7933344115262857,52.227605811432525,2.3848999885192406,322.4588478663302,2105.9258777583814,13,0
32.181463230717064,55.89249645090911,7.476946751663119,44.112254126327834,12710.038828960824,4,1
13.790670276575812,22.000556247500874,4.5889307060628,241.34242225566103,28179.278812875917,8,0
19.470207518607936,32.55268671137648,3.290877426016346,401.80003991810474,3130.865779926668,7,0
92.11896033768997,96.01181149821927,3.299297882333815,36.65401056612979,497.8930599044186,3,1
22.143473478203774,31.78590482771654,3.9777271656075235,198.94318185605118,43011.34111771301,8,0
39.31612829945302,47.92565436310794,4.8293709458879555,486.9124989858912,47840.75708042087,9,0
13.20242698286056,14.827961402425634,3.590622176431016,299.890003955309,31013.08132835719,3,0
88.50677176346761,75.57104962186781,3.352815173754945,6056.774006722186,1108408.3975905853,851,1
21.613716161845986,18.2897945604905,4.639625872980293,405.15752533380476,20179.60402983335,18,0
18.15200680062151,33.80413955386375,2.2836627853304834,228.06460190531607,8487.049984612679,14,0
90.55153534085503,72.19093217060708,4.531335503313209,16193.208466765927,3905884.195488403,506,1
96.78056449181807,74.64782691131487,4.822267340596241,18332.544800231673,1415116.1275352596,533,1
26.683773088838837,21.95677229774205,2.096423165506061,201.37676211130633,16784.871955934934,13,0
66.1102029668132,52.50944385029663,7.120658272633864,92.37804637653522,10188.9986681384,7,1
9.912574698046516,34.455177310483506,2.645894427199153,79.40471941759846,22372.79481034841,8,0
22.913714753228067,25.70172965727398,2.613644073850854,468.03407307477477,45680.06799246801,16,0
87.5583728285696,74.43069146698807,3.5978159280672584,15473.249942636388,4481722.514049232,992,1
26.313287295388577,27.311818136424005,2.160589728301073,237.30793668354673,13346.788860777386,14,0
86.35111738550928,89.80252684385113,4.6864654872848845,6700.014252762982,3414909.8426175886,731,1
18.541587149729747,20.863149748359675,2.531128062837529,242.3723368497258,26020.572920498485,14,0
37.08818040565417,29.35460256894601,2.472804455202878,84.42655198336355,40196.93750072866,13,0
4.858503146795101,28.140254998799133,4.913405587023041,484.5375529761074,25857.839538509063,14,0
5.321232727350695,35.829561145450725,3.249984710738059,79.25067809681828,4775.334936188605,8,0
46.70546209494531,52.539238766410136,7.23741424789187,86.4216309795599,7240.624979608612,7,1
4.751282391971667,18.967054335784486,2.1789266112505676,153.99205812439473,30484.664775636495,14,0
43.44121674358663,52.2774692487432,7.199958138597089,40.79497051749341,19706.077605491046,3,1
2.5107498857893473,30.056003530202375,3.5855560348512725,157.56944725850568,46778.30417820348,19,0
86.26329684354918,77.6305854863412,3.963349922724939,7535.950922915864,4191031.597712118,396,1
1.497912182058192,41.307474500900106,3.7074077923231203,459.3835037290978,17659.092287497835,1,0
13.463418679153563,47.42770991457421,3.000840908813291,434.25184102308526,16064.648126694978,13,0
87.24045796548526,54.61006312929697,3.915560181841682,14074.807200313344,2686348.281855383,354,1
22.057142586985368,55.78845715420863,4.089546272498513,497.42012094761833,43514.34216252394,13,0
1.5351756770347658,48.53411891102674,3.2844595303910924,460.14578776301454,8395.941643211878,6,0
83.10415625605793,55.58423442259481,4.753065179414,19785.09870626912,1837615.406024955,456,1
97.01529954629999,72.17743088554089,3.0351687679877553,19357.124759481812,3553421.1851689727,723,1
60.57497225359406,63.33962419154515,7.569239265668388,49.10608741310537,18758.361856575444,6,1
36.65199120684426,10.85361339986334,3.159364351422289,311.5486729500455,42182.787826441905,18,0
91.08802456728843,98.14237947489298,3.345828201007018,47.93568008444371,305.16427731244676,2,1
7.021885969494801,23.165848720297834,4.410890412760217,425.62745302982114,17805.952870828045,13,0
90.27457771270235,90.43664763047374,3.4169119181384344,34.85347564306402,134.87403528410047,2,1
90.86586844598081,93.45815006176522,2.9089254192165233,11.286924777070851,872.0163375972769,1,1
38.257416413162446,25.52093586849599,2.4661316215804274,457.49193069328703,44758.74496948168,9,0
96.01648153598612,78.94321244525065,3.984529989956715,16486.530373054964,2733377.8853752287,850,1
24.709753992385505,15.695136255005378,3.6670075039769308,247.36936568288274,26927.81526163725,9,0
92.63787444024332,95.68173079352101,3.1517485609282194,17.065834256805367,367.9902465408611,3,1
31.594942861059863,56.60750392100243,4.251471803255439,413.3013257575043,44970.92346686559,11,0
1.1498628265561273,48.02465903433207,3.9300593247408195,436.4110204207392,26905.188305485197,16,0
23.733777137899786,10.307912585376657,2.295514723921524,102.19705369226953,33520.67154261559,16,0
32.54519417632441,26.997809020507592,2.1323753669133754,239.1692867611731,4448.482544795243,5,0
60.60193297930363,60.24230677777299,7.656538219646616,25.45028050016989,16119.16157423744,9,1
6.912120817435334,16.101346639447023,3.843492264363133,191.68610032396003,32721.77454428696,1,0
94.15092886500247,86.39185154384765,2.371923841995355,41.66552062116534,953.4676868177906,2,1
94.69642296667634,70.86661353544446,4.240944698414591,18300.22269162283,4918106.947729782,981,1
31.219539497503813,35.41173863441085,2.8627543048448896,287.38088787548025,34151.25944758818,3,0
91.74201722914646,77.7363838989743,3.680799687304182,6909.907755382239,1863024.3050962894,505,1
64.26515408011454,71.56831361931498,7.095221417213701,67.14513044033951,6586.671363322797,3,1
12.811364482315017,41.989977471653546,4.586544452297513,24.55279333807689,18155.15263257372,13,0
14.448022486784549,39.851857659645745,3.2665098661170497,241.42284221718825,30098.67315232546,15,0
93.47019452426098,95.88515406703766,3.199460732044722,47.99123712691394,43.21796023158741,1,1
12.280666077084117,20.265124184469506,4.701628553155841,346.4821381270113,37725.73236139142,17,0
9.52103566783482,28.819537728729017,3.1840823245744034,395.76478189512324,13636.7181809703,18,0
0.8079852424034728,44.087472833252605,4.119308116990535,421.8525369343377,5997.326856898199,12,0
85.70873138378333,86.76691736589973,4.275886426415134,12073.636667526174,2460337.2213014746,731,1
9.723440029407588,36.710538188159134,2.714374849942903,336.0827956314816,20655.863551386406,3,0
26.90059991616115,50.87062009124552,3.4092898274520036,118.26373401125922,2737.072862153422,10,0
24.585743268568386,46.930708490803084,4.82394214708787,249.1165054926966,33140.12364390318,9,0
6.386930538708562,51.901282864330966,2.0336659767276517,15.399278323527785,38731.722740944126,19,0
87.22689043974464,53.2258762176661,4.31377267882569,17107.758047594267,1940851.238030225,389,1
58.32519197227054,52.22716761124345,7.501095337142248,28.326609602913393,15592.679950597725,8,1
16.81446830551815,34.119088294527685,3.7767221599103458,79.81368686607979,49798.837296463775,1,0
18.602978110531645,12.785825862246355,4.984387583166522,417.77094592530045,44835.445552297904,19,0
80.32198850462714,80.31079110334564,4.141397402391427,18496.77870995795,1582060.0714895767,633,1
92.0004756139345,75.67521828226783,3.4670826442153917,6047.415302087419,1166695.7532910747,492,1
99.94977112128406,94.3407440107992,2.654038496430858,26.19867803792711,44.80950952799423,3,1
34.8026414666611,49.27978611670959,2.612105711388768,112.4035293985189,39970.81441227804,5,0
18.02721690494596,10.123232922946926,4.928241605583668,432.3308713887138,40356.58938548722,10,0
9.855799592656744,32.31414354737147,4.10330508568346,356.95142318868005,14044.531318541874,13,0
39.38428666819977,48.362789903989565,3.625079479303846,233.12548781938878,18325.173373236106,6,0
31.086182199957456,35.51887243751754,3.03071148854562,197.28781890755445,27498.258807194037,12,0
38.55524143012574,51.77671143073565,2.9407669636701113,370.3706850882361,41362.441152252,13,0
98.01111588748496,98.57071753822753,3.6798582733576994,43.37205788057525,511.8483017788491,2,1
89.29743956885221,68.26267058808203,4.134090082362755,13250.677195905933,3457202.2754114964,962,1
25.4491867408729,43.407186140668045,4.222033157673769,284.11396140575306,26208.02653062852,15,0
39.31249751889523,46.46082222515836,2.357802944509226,265.815623335433,3971.1434934066824,9,0
0.5817494346867225,10.004641521717657,2.5483563881022713,153.43528855397417,17253.23756283312,15,0
96.36754192955289,83.98737733863658,4.050120212172512,16084.100905768486,4083696.3161649224,739,1
97.82346484808687,55.97268256487881,3.512091440433852,15004.491716491977,2021059.0210905108,815,1
89.3563705493766,84.39776237219712,3.937043188081997,14027.32808103222,3474211.276799045,882,1
90.83388634375301,59.1731189202224,4.2298091110634575,11460.570254621074,3558751.6016157717,981,1
81.36318853674746,61.084775454740345,3.0148383046602367,9845.487134569732,3556669.122590548,667,1
52.01849736716481,68.7893793722425,7.6396683537204,25.927015915259446,12457.954406219247,8,1
10.48260660718837,32.0067309380957,3.089710285534823,176.20870658672337,4915.225695003963,8,0
65.88033234597943,68.70175519689593,7.873578748764165,23.45428879234681,6832.248205879548,6,1
11.085631450289505,40.9582999583819,4.164196768826778,34.10692839373786,6982.930620561388,5,0
4.805003196663735,18.374015602665708,2.357676405603625,455.6423165715827,49633.02783974112,8,0
81.09976078938334,75.69013940379723,3.930339835417136,12453.782970150087,2511727.4161155135,280,1
16.634285025578034,40.73723833580384,2.9133264954935143,459.81857757402435,29735.83542822854,19,0
91.78066417376715,68.65205067632535,3.1832062928465694,12258.03062406725,1738088.87760216,716,1
25.836376025285883,20.505526681116162,4.353513307163109,213.50633327419675,7201.51162756547,17,0
14.135141401109252,44.78688745875671,4.6924771742099445,303.7899179310477,2319.244875435753,15,0
95.215304332323,80.89234415207758,3.7469723310720493,10.022019433380096,347.02654852706274,1,1
1.6910743593200461,10.291680451428888,4.446703664187278,384.0850356564018,47165.67232071471,9,0
7.215453395219598,12.15492637997668,4.910348644065934,358.24024678039353,6765.312596283469,13,0
14.517933774310912,47.29762730180579,2.277831043927577,282.79837271283736,29366.985438080625,16,0
16.848511445858488,30.777031078906067,4.939630234879274,20.992706917210203,8405.592789235583,10,0
36.126185087862915,42.22614283080803,4.178448859744523,493.0139248259571,9765.410069090027,2,0
15.306312547603603,54.71422876888711,2.452932278351173,341.8665242789808,38724.17276941461,15,0
4.145116642461288,26.630231290893917,3.665650646728308,68.65632367534121,31262.368391307384,10,0
33.71574723826682,55.52510525032953,3.1079855417961326,490.8314947092855,31356.49944088045,3,0
82.36563130407794,63.51034414745214,4.680025774649975,14782.757119585081,2828544.5084465174,620,1
55.77945590675982,65.69333813819082,7.420788203472719,37.576610866373784,8326.023347064242,6,1
35.57174894314259,37.00728903269735,2.873056788932783,239.48403674664132,40178.230766746216,2,0
91.27268773723732,88.20305168898938,4.836368627821444,8231.905292294829,4000746.802110365,968,1
10.838875708607457,45.32772164900925,3.8968512559369395,156.91509473842441,39781.81537154204,16,0
39.01564120822364,22.088482111081294,4.765842314883126,196.99166352121588,42438.63336889279,14,0
21.331508833925326,29.322548518121042,3.144122906269631,498.31987700269457,7452.68231794363,18,0
6.172054950558081,20.278217991392523,2.503847756452837,469.51678067964934,17278.258006332813,7,0
92.43507007853232,97.81823144192586,2.477555143853584,19.00094873841494,338.7638010955583,1,1
9.164597606576672,14.621395566136577,2.523128104555942,156.97067131340995,33776.60049831281,2,0
96.89652728367176,84.60379588610252,2.9727127188779447,28.865334473849995,432.55605584643575,1,1
28.004888275924277,16.41834622564192,2.882316441181266,239.64143332981817,39428.17447140329,14,0
36.24669096161465,11.15120007850315,3.6975206390190354,160.10426626548534,7605.418888294681,15,0
2.810864194214182,11.360038869972923,3.750538440615093,260.7896758038699,25488.668751181194,14,0
26.33812543169045,52.79293024614238,2.5700314036954444,411.4579588114053,21571.724627499687,13,0
8.166624864833508,55.61152435594784,2.5086341565255643,289.8720575256473,37405.057143567574,4,0
20.16843240852133,19.54943371981919,3.358158360926616,43.601118534494894,6347.768122593264,2,0
10.458781825178578,49.61817940381015,3.0728930857535106,92.50110488349002,3915.869477272889,4,0
19.869375578450562,24.510573133683437,2.123748970830186,375.59597044904586,45311.81351386582,6,0
15.032566317894588,36.14153894214886,4.854191492909795,428.1744183614726,11702.57056714783,15,0
88.35541447855316,67.00398715376025,3.5657377424810512,11515.087304179826,2364127.038458728,572,1
94.072540690413,94.41037491491946,3.624599276127059,29.57738892704499,481.7547866276071,3,1
55.46058865406564,67.74498641770393,7.798408585077499,37.59314735584133,5152.944158246186,8,1
97.38627796925691,86.15150152580361,2.0525605317646773,36.444279776052426,876.0348160207099,2,1
84.53129986413164,82.37605648807383,4.872185528887944,12177.16121963628,2342691.8053159975,183,1
34.03184752058803,18.46460341230088,4.4384590856207256,346.89879653810135,3442.8463589991543,18,0
11.868914394133089,58.514993489381844,2.845461459996651,52.84238390598527,45850.610087183806,7,0
18.528040060148466,12.921578670283225,2.2782603306169733,151.1170170815926,22999.713761946234,12,0
25.90751977776716,40.27288641090162,2.3005384531844904,130.2743292685672,3456.875926712818,19,0
84.53542965114484,73.92355023874326,4.065634322649161,12122.153714254315,3825696.3058185093,383,1
5.089159041883762,33.19043751500077,4.614518231758082,328.27947430599687,43950.410078342364,12,0
18.592262760986525,38.47312047226056,2.880548257554218,68.1692414352525,12448.73956642877,7,0
32.33584467282027,76.90653695833461,7.937772616117132,36.22600652715839,7685.178701286273,2,1
99.86615455170168,53.43039554117399,4.150278889393226,13679.871949396154,4743560.079093032,462,1
95.68175131644884,86.92285058467095,3.2978449311579,42.072989465129204,788.4989619313955,2,1
24.4958662202705,39.06822627936713,3.4924525957440125,151.78015459047194,10180.968596483024,2,0
7.218235008131373,52.40663834868091,3.0705141708863586,296.4549802257744,24788.8224599572,13,0
83.67334913700513,85.9434369689371,4.8767426775157245,6361.11695948638,2078796.176453326,767,1
8.33194095417429,36.0837533474003,2.5241150218692527,165.75330487986238,8365.97357848768,6,0
97.66162273527884,85.47836865304812,2.049932653256124,19.77290778409639,952.0491929809036,1,1
34.252901217691075,34.21113279896743,2.7735217912387418,107.26135312162401,36385.90149544799,9,0
87.87636489907598,84.74791986185681,3.7298271746665375,16434.7933100379,3515713.7202487113,215,1
14.29157908019883,37.5833177862468,4.539772201562619,168.11141731562736,46816.404973751734,15,0
28.41857841012861,39.85709689610688,2.71630753902129,116.54447455764604,5941.068984447667,9,0
13.085750971094958,45.39604739259312,2.2915331284261877,457.43884812027346,34252.89346526552,12,0
9.523845689011502,15.120932961054052,4.765300290714311,227.5380123793487,13521.633527092094,18,0
2.3888369442663526,45.79720476687451,3.6209892528628047,122.05830135888566,16469.212915263597,12,0
32.48858884085375,34.02994801572178,3.3661162772186923,413.98031527208684,45747.49037905993,7,0
10.583824135982901,42.30360814298756,3.585140718548206,243.8578145771605,37429.085050584166,1,0
46.299657110107745,30.66251589501995,7.435731878704675,62.74951477584023,13661.808685747092,1,1
14.74279675125516,31.63818545805704,3.680398642828978,193.20608690684872,15547.581142298486,13,0
6.401705963742543,14.428393116073803,3.541340918363145,224.4300029118409,24484.467339706647,10,0
94.97287302636649,74.89761655454828,4.584702745252469,19802.619080998164,4290980.739638785,376,1
35.99892853501744,17.00242443133333,3.850583926062472,427.3911661034173,45253.98341765787,3,0
3.1348189253017367,49.18324944632705,2.6170879625593058,46.719600747057235,48559.60291916221,8,0
96.09667237681157,81.7227132524683,2.7497655379848194,25.98777750188141,77.86112341201512,3,1
33.698498101668,11.351559227725557,4.178856874691996,174.19991558648104,23100.94413560973,1,0
36.644428620674525,37.25536976870164,4.2355328159274634,266.25573642523113,21476.114632893903,3,0
27.354654055615345,31.038826089814172,4.429605042451862,428.1326518519649,7314.652974218293,4,0
0.5351441145836233,43.63945401164371,2.3863924099303935,491.4209191557863,25463.338484760083,14,0
32.74239034562166,23.188283045085797,4.464179030720673,148.3080263543394,43934.39595446316,11,0
19.347330470565947,35.63656160759896,3.588170385026782,348.935231311254,18275.72867718031,18,0
8.423605102397737,21.773598479233844,2.05726716567813,305.01708297689333,7023.57014862136,18,0
10.086778081132795,11.003280097656035,4.437480726945913,451.2448259145086,28182.851983943645,9,0
20.471097339206903,39.62176664450554,4.720451598073979,62.81348491539411,38838.1749655845,7,0
14.059163968258552,10.160888998328856,3.074078179031681,369.8342475490306,40281.806571735724,7,0
44.92733093124018,60.7659548693662,7.98577532108239,43.73876095242914,19161.641979952932,5,1
96.89133256953497,94.37953058782942,3.47175833094671,16.60287787387143,297.39861379637455,2,1
37.504122825572445,56.240329991694836,3.9449585080954974,359.3618127339181,11123.074231420096,10,0
6.129856815142705,37.87254339964795,4.914794511822366,45.24483200178429,14108.816751106186,15,0
25.504316843827375,22.518806520912296,4.847011379920695,350.6408231296498,2234.69575941559,13,0
50.95180388596164,61.23218386526389,7.198389885197306,44.415614639966975,18829.332272503307,7,1
13.348685784973684,43.69679218036339,4.349556352695039,141.013407574869,30779.612526413872,12,0
17.20419652464582,45.63071221915491,4.9027760604620685,406.25538506252616,3534.608512026748,8,0
39.423388697739,55.87341054145201,3.87914252050684,67.71482417179486,15088.61176338677,15,0
90.37704916839436,59.99655842990887,3.6878170901182683,18132.437494509606,1609633.8198041595,421,1
20.83718634354401,58.413939064908206,2.1970850873214816,334.22251892368604,7086.2543921402,9,0
27.87095631409948,53.17231957761808,4.580302624105045,60.072455999943436,5975.991811537256,6,0
36.50534601261265,45.163304669201835,2.478913300850124,393.1424072646286,38153.74717388911,19,0
10.061232558749523,10.690309104158704,2.6101775229328448,104.77969339344625,32317.137615439926,2,0
97.28133508052488,84.70593922620233,3.2028420280616245,45.33829535072525,270.98134392894667,1,1
98.02959336671049,74.44890668412371,4.629264880071181,16872.87471207322,2284511.135053837,434,1
27.13671983099696,51.7900956645542,2.375669576518346,185.96677402792756,43878.5540892592,19,0
5.313848936182244,40.24035395629943,2.261395878468562,278.419461455422,9173.137122990094,19,0
36.59967212502526,24.082798450773957,3.7882674920025785,300.02622911675195,16106.10858138637,9,0
14.976653704122915,17.896260568354798,3.6435751887068344,330.70755536422155,16960.344283313832,1,0
19.29831158554444,14.725152933251275,4.1386375332765,419.1960333606484,6267.799858518876,6,0
12.412733209047811,11.651894558644408,3.4706264388137784,402.39566576211166,28715.061726443666,5,0
40.645613960013115,30.07389613817026,7.461176844495419,93.35697697682264,19529.89923591124,1,1
19.62739662979709,55.0446715969156,4.3991565753064075,337.49005113233756,10977.066244283673,17,0
32.3579428712174,12.760647553515277,4.446067076454865,354.6283047114806,17513.442935260497,18,0
8.01661111329144,12.273804284019443,3.529911426414251,325.18035262579497,18089.416256557095,3,0
30.374698746751655,55.8799875468854,2.2677225217620287,473.2937575475492,4145.424080463983,18,0
18.430102556852987,34.416465477044795,3.507755147133317,470.6000901454714,17714.49053988212,8,0
15.850161627223045,49.477227131964845,2.5330123343141864,307.2720231352438,35634.88957544462,7,0
13.289278053160295,13.75073644743129,3.2327774438867505,313.729751099536,21194.546150927916,12,0
4.8898068040093,32.06978519907386,2.20285588666545,377.82260239003864,45948.37808146484,5,0
53.86755909963677,36.05772736782278,7.264458670176529,92.42523728561231,15297.437661716118,8,1
39.01465349172388,10.268070538589477,3.766087793392286,483.5289800332573,47721.57213707642,1,0
90.26064192939221,85.38466223538701,3.2732990730710867,16.746754461837632,461.86549009527,3,1
2.549654062895934,32.17163517949508,4.087914608034,91.05355199016144,49949.41754671853,18,0
21.2769244705216,59.24583204673013,4.456072529201753,461.634461423722,43266.458200094974,5,0
19.202950302005966,51.7196938071588,2.4987536311396594,438.9019671055096,14217.512299965392,19,0
61.7802055452586,79.42627539609694,7.980015570097536,35.388997147137,13819.582745324235,5,1
17.796267320640872,12.325449185133373,2.2695663620345528,342.5584779663018,14854.051382645594,10,0
38.53962976510686,11.093913878587449,2.3844253085459584,233.5859214257162,40133.19329146338,3,0
22.10121494766337,44.87565757440288,4.038455554164272,12.733019422358804,42410.52781327243,14,0
4.960121459022564,32.12253352800033,4.210864980056094,74.28060047888488,40545.241969169896,19,0
45.96936797721879,52.310624334932996,7.630321627447894,11.059124184099018,10064.555414027494,2,1
20.27682473812,44.55129690423458,4.511144007891325,497.95505458293894,4804.796349848048,10,0
31.490614351306792,55.268760316110715,4.774197578242424,412.3469590098599,9134.28325263183,13,0
10.15826148663403,46.084063291372466,3.866578758305414,417.39364480172975,2186.5200792547494,1,0
36.704222156745516,12.574749768689577,3.0939875877449587,202.14475991265974,48619.69264987716,4,0
5.52419717269093,17.80254819473514,2.9557815104189165,444.25994865304256,25088.31917343572,4,0
34.72699027515011,40.60036273478581,3.898335984572741,364.9433804637099,29182.085521959674,11,0
89.62758611172566,53.98561421131611,4.487371636629506,6737.597634608614,4875500.160213573,219,1
22.144574614430816,44.82607146657898,4.440973553454506,324.7144593971143,4671.486325010662,8,0
13.556013702421073,44.834787567169094,4.881024609008586,109.87659855531427,43834.582592876795,10,0
36.32821367616377,35.758215621686446,3.634293176363219,372.3547941540675,35603.842492312506,1,0
2.2987522540094263,58.90862705516329,2.7737896941330877,75.78230265610763,25506.79603495028,5,0
6.483281271930941,42.503546136817036,4.835922003436828,152.51454054273083,11204.29640174674,18,0
28.008179972578656,25.06696057134414,3.1403111501118817,81.34788081689307,27779.411784195,5,0
19.43912678297741,51.87365888211879,4.849091710105445,184.65630989966397,21131.649483799865,19,0
86.08310886532041,63.51464740898051,3.25999982431674,10858.922220011313,3526131.99885761,243,1
31.74306205208664,38.51859151215197,2.513001902541283,280.77691555204143,35313.999793095354,3,0
27.202282588493084,48.44437250391132,3.8535829871484775,26.016451302852474,31968.13816071066,16,0
35.3445137309019,59.88147123893319,4.46556401888444,342.3399321435486,35593.99610911755,4,0
91.60747440062772,81.43241195010015,2.120544187701229,36.74633193022447,535.0366639672212,3,1
38.54886737725489,40.56882094003644,3.532169508295797,124.2140772206457,6857.803006301339,11,0
25.185461959035926,30.40324338293672,2.923929698785604,94.00755871191797,26881.247260553482,11,0
26.070196460738767,27.12225048250357,2.6107752886031856,81.6852767311283,16292.350587929719,2,0
9.958546776703319,16.072208806711522,2.0152438707393743,118.19888124245033,3070.593174640949,7,0
19.113813294377806,45.326220239327874,2.2908768638620707,375.9334601537152,5551.615891497661,10,0
90.15368447255607,95.09437505258668,3.3696880008674985,19.5261615630552,646.8830353896166,3,1
96.49598709037451,80.40977899504453,2.399845591624474,12.06441139370662,141.97086885592668,3,1
12.572366796655047,35.40621884169396,3.75152424739748,27.402213991019106,7080.87436800896,7,0
5.526303048374173,37.74172407748508,4.023281614600566,113.09326126694532,31516.47368068002,9,0
39.90386437178002,56.83634405606193,4.881596210318273,74.41412848324687,5671.334451234004,7,0
92.91702424467442,85.68122480488708,3.4571278543290958,13064.834878383486,3514871.8432033076,235,1
28.22312181629218,16.17649258804569,2.6465751524200662,107.80220121452508,49519.29778061105,10,0
33.533373127290325,43.367123592195014,4.755574267779114,171.9260648373313,40398.609190781106,7,0
6.348514195723101,36.48391569535838,3.9324928362141227,302.5108482395694,11171.679822092045,15,0
13.814855777689012,42.4453144812669,3.5287466635955655,498.18038800567126,41492.494756481785,3,0
6.873472006009718,26.151609781330613,4.537998820908915,265.72835617463556,4023.8799424920203,19,0
36.43774045303564,32.630648881270446,3.5809844512615823,247.3584622294541,48314.66601455324,8,0
86.29462009358356,59.76009529249063,3.7835938317213955,9010.741201887062,3842758.4494027374,197,1
22.777402393085445,11.89608125843861,4.957638515427882,231.3005835771496,16422.027369503467,16,0
97.15957712418913,85.19311229976542,2.8200529420936418,6.107264929679373,801.6704370891823,4,1
98.04796888501198,80.98231373848436,3.6101457517797133,13460.415063523571,2799514.8514231914,394,1
39.97482193852073,52.29970867548112,2.8401599331374516,180.14257291356148,47238.4669690584,3,0
7.777832895258041,52.3253866676864,3.5227647732096536,290.9725211114152,20586.66188747294,12,0
93.95024680453483,50.075378304468146,3.857147555298977,9963.229429705083,3719056.0568959233,959,1
1.9346179671314623,45.24890892897214,4.501036710328561,241.46958151087267,20790.03469761663,14,0
98.48533958684192,83.48855904345321,2.6309739342116667,5.017023115785996,778.6940576340886,4,1
23.491488217754082,17.196588089516453,2.6494316350765037,129.60367343988048,30626.04512234356,7,0
9.028220271813247,56.33281676737466,2.36477863389149,303.48588992795294,38597.36253950135,9,0
11.425234625601362,50.49264919283917,4.876072202626076,376.841384284493,23468.60079258478,6,0
87.90501105838072,87.36316376824877,3.5479214969562793,9593.175377056657,1031186.0757407087,489,1
37.67474408708556,47.88372370273259,2.942524458584845,437.98434350433143,16804.647679525166,3,0
34.76315616159839,78.90275324715586,7.362436921999738,26.684878621439413,12176.863704787167,6,1
17.56030704387957,10.491851632882623,4.3590113442876275,354.6668072060601,32272.518996582712,4,0
14.264030578997776,34.52428393442838,3.802560939188247,22.642343438997976,12990.876543431783,13,0
11.744362760870528,59.237840640895556,4.434194116141809,104.64346751784674,19854.340569649314,2,0
95.78345273897816,86.53818750823628,3.0049267974728977,45.33931026376953,722.58347854912,4,1
22.32124508011962,29.543911816348107,3.613429055266366,149.87361801783027,39349.82066138325,16,0
13.057988320686249,31.3968294227035,3.064400542694908,401.93055429207493,23854.163487298178,8,0
5.952071938296011,53.57282330709049,4.201532759805146,275.92409164845463,32052.18809922476,3,0
92.48277288049066,56.82673563242192,4.360200746750175,10585.598745365325,4500223.914364472,180,1
90.5119874069182,93.31300494410849,2.0556140754326364,14.14208574442129,503.86999200333594,2,1
32.30378574632694,44.64686305973962,3.4087747073088837,316.40975946264155,35450.221259032296,8,0
24.94916033531937,32.489689180827284,4.359794533677934,412.3944374605372,5160.066637058812,16,0
18.46284520017488,32.1953783298777,3.466632110072649,23.543118410163054,3507.864686483948,9,0
9.12759524841476,26.725598561559547,4.4926561373533715,392.5133315008217,12020.14313164096,11,0
26.602441841218948,13.018685322149683,4.322913711739072,216.06669733761404,29170.836282996494,1,0
80.27982819645095,65.46135510219256,3.4364365616069863,17271.136346357725,1525318.229664085,893,1
25.824393171506344,16.377128979182174,4.115941951508219,195.51258024102185,22374.87667106302,12,0
29.517775740166062,36.16100881229195,4.948248088102107,426.114809113937,1318.576727520657,11,0
9.483465047912908,47.326878519456,2.713980111512638,307.6973895119207,34902.08115153759,4,0
16.318606189609635,36.471811138492825,2.196421100636969,435.1561820715045,16169.302405118753,18,0
94.0973183047964,89.6849251910403,2.9356211320196106,1.3003158249443703,704.5310217512841,1,1
27.139555952047655,42.16337388785208,3.565706157476384,183.63729852907082,26512.004622319382,10,0
36.96473589259706,53.92865518264507,4.5694457018201255,151.65424084275864,38323.36894302465,13,0
14.291654051707322,49.71048327741709,2.296223154273231,283.22671227609106,1087.0592706691723,8,0
6.531167032153773,52.92219307923892,3.0267928895712792,414.99628581902834,40539.17857585502,10,0
34.02452256435139,43.97971146203646,7.7956405997605005,23.25942350958548,14676.277127896261,1,1
23.17430000194929,43.01981590198037,4.692779947799604,403.180731418557,27628.25373595498,12,0
30.00091256760726,36.72064721256898,4.906917331519665,58.530071869142255,19368.2730673417,12,0
26.35952468552886,59.359437989442625,2.296171625415032,221.04471073842234,7781.65859696787,11,0
16.29521257446589,50.16892597035376,3.4611885082430294,59.8797547359515,9425.739813149998,5,0
20.36861220618484,29.293502945732655,3.6334064881470214,245.89946874193868,10507.585228918626,1,0
34.77943619032902,11.907276327287889,2.7589110879690484,228.24930421422255,12788.171562794683,11,0
35.83364832977284,50.95512801247791,3.63043675090966,391.8605529229575,33048.846172965925,13,0
23.064370699824277,51.61421740551455,3.1610156754100953,441.7394645893327,2401.1668260326314,3,0
7.698814761754229,38.99135295510173,4.614676850576584,166.68025331698684,34599.23497130437,6,0
38.55781965109456,24.58192920795217,4.615109721896095,90.69283339923938,33951.920928644664,7,0
0.8330243761292033,46.37483951273113,2.2894152703081736,492.99823392887413,14573.181466787788,3,0
39.394437101917184,34.12576164365756,7.636340932491563,91.81051355406626,6468.859698365927,4,1
22.416052743446294,52.573985084912266,4.628233165416872,305.2964856274912,46051.208674459405,10,0
93.32237154262876,91.30304207115955,3.428777809148296,11.256079143206316,701.5637648505387,1,1
30.730231820170786,39.60688380974693,4.471990913943884,360.51384758498443,6173.56873712792,16,0
2.3935735189312224,25.476805799229474,4.182203723141741,117.81013299330094,2947.2518117184454,18,0
89.50600172625532,60.25584879634002,3.593468477298417,18706.43696906786,2639026.422244805,529,1
19.677585918914925,42.63709740429643,3.8820196701437184,198.47124508877826,28138.36456452107,16,0
5.435688988202649,27.643065795245782,3.228788994251568,244.93207845916757,39689.33201629938,3,0
25.996935363601533,43.47119071642436,3.052622962117262,141.4162314214995,37355.25219572876,1,0
42.86630080133911,51.10999554962086,7.964530743155626,61.479860085496014,12229.914696037933,9,1
16.626570346187165,30.752914164487894,2.831515481486199,59.10633160513448,29442.871764125764,18,0
22.156349635917362,38.59477796601566,4.27352860452409,188.5939258860761,4976.773428909408,7,0
37.65534388080571,37.97191343550462,3.5639393062957,184.64257504079157,36039.17280086016,10,0
7.794879804463584,51.29038174359933,3.6571642249103613,406.96813822988184,42946.19918383205,18,0
32.97428465973543,37.54161179183332,2.9807487870195013,247.2436036976589,26224.602394140322,9,0
90.73702299327728,90.85927328584587,2.34736125346396,0.3608294278928892,995.8633989503172,4,1
8.833571907821899,10.883289530927984,4.72551693066112,456.9901680274872,37851.25224945092,19,0
3.811103690436455,39.81135455153639,4.606475038794525,58.03814869558893,11706.833882421417,14,0
93.53123048817076,59.837177019870985,3.160407432828637,7887.329667512965,4538470.935222687,149,1
4.204534425018984,41.606102142786135,4.110059123538854,259.9809837608632,35126.24642794889,14,0
28.90273814806198,38.61673861889244,2.3869848464585877,213.87990410912064,43615.24286381653,14,0
33.836432688140505,55.02301607142566,2.113600509041987,118.14227610395957,33945.26360189182,3,0
90.40596598313822,92.89940553834325,3.5567383258735363,8.538857053596704,606.1082765544992,2,1
91.51501621581801,93.40770119031261,3.824868034042604,18.98997934122701,903.0284747395899,1,1
96.99651433841794,85.02338409381908,4.84619059190364,19223.101950042736,2981070.3888723003,134,1
28.47106392328441,22.23475097979333,4.857655281025374,444.5437316678192,15963.003964506079,16,0
14.65160011952813,33.729344238946375,4.244141538622334,138.6881029071499,45509.536606847265,8,0
16.362504726768123,32.71589063663932,3.0334720844974896,298.0186693055163,6435.588559189108,15,0
28.33850887595841,53.708958621518434,4.162029812844025,192.43854182457275,16367.085886093582,14,0
38.74259858548438,43.95372254444543,7.168980825514473,11.749378341322299,10085.484508679761,9,1
83.69447714322571,52.61569302958291,4.791144127163713,5118.270702928913,2591819.36931106,128,1
26.66508656039152,47.643205425932095,2.238835154336891,131.93308048115213,3564.237938367399,5,0
25.785323289479027,28.186561219857396,3.439987216283107,248.36698472078675,36551.03079744344,4,0
90.71733776924248,88.92768635247806,4.975581070541885,19129.309710354893,3012904.647711998,725,1
93.02410125580063,86.6069655163868,3.080334129779998,12.758235212506076,832.3392268582926,3,1
91.89306525121593,99.2157270029238,3.542248679138707,11.424987657786017,301.2727720257169,1,1
31.196807820383135,42.800757564345886,2.4884476970916642,135.3805110122096,41672.09705291499,9,0
3.1670373629299986,17.205860713702563,2.6432795997156644,400.48361221650924,19531.447042677635,2,0
10.025892147163148,33.28759499486884,2.8597744029004915,209.21101362243192,29318.782078620952,19,0
30.690355832227745,28.011932311497308,4.047557281327195,439.4180880995024,5548.213082262487,6,0
37.411866421891254,58.21608706186993,7.216910381655979,25.34847647815957,9068.411966535383,9,1
56.09561191838563,56.70040106671598,7.516048683538413,67.42363483154517,12926.096176096744,7,1
95.89493853901594,89.39104846505901,3.9546615938914518,4.828440987124782,765.5117307528782,4,1
65.27408531861376,34.588729830777474,7.602037059860345,47.423037347077596,6041.798691452241,3,1
17.0001221396174,39.918984988199625,3.7629224171481606,176.3881425382321,27242.293359701493,12,0
96.46508598855002,68.93584391606751,4.143846301043457,10469.33815557601,2245418.165512521,480,1
18.786239009915953,13.619463200274549,4.285555110926829,449.13514308334794,46570.99503165329,11,0
10.341319758450469,27.657469782922565,2.167350673753103,58.95997834030489,24087.866801045016,17,0
16.918125543043608,11.782859836992545,3.809393650524517,222.4361659104411,28734.726389234555,1,0
35.97659877499527,44.54946303682279,4.232452037481124,102.4601966500021,3289.8019610685737,4,0
15.017007115273774,56.36430940503289,4.740123836790003,124.96556723142794,44515.22737210701,6,0
35.5238577960784,55.576777142939434,3.5241400112517884,474.09380034703645,6409.7297586664035,18,0
37.32401311245584,29.22901301354431,3.1572799076887725,417.06078473256593,35832.764337923305,4,0
32.99224992493488,16.780034253390525,3.4165200387867047,375.5198540355916,39148.027236903676,3,0
25.461877767102497,54.81132922888848,4.933109425971889,462.48612343458575,12855.309405902255,15,0
25.7873756240395,43.74583095472351,2.6782586843939593,284.9867124224844,2175.204147853571,2,0
17.846030721817083,53.47294219971315,4.205332613402783,467.4007074293213,49614.340989581404,4,0
27.811180740560488,16.229125174699472,4.130337821394599,165.15063404100326,11359.999069925478,10,0
15.980454028508362,27.225941860177983,3.9913454552180117,249.41296434279943,29317.84478362651,1,0
28.611455059004236,22.152842833713006,2.957229801521416,174.81432339703895,11692.602532609004,16,0
35.93318759285378,49.66189341801178,3.524048294669506,223.80154784933674,29279.150464737224,14,0
59.82432962464785,58.27879651399611,7.96207738121138,87.12321453387888,5117.972230316476,9,1
19.881413346746402,21.992669906881297,3.23586322794636,143.77914862226638,38898.968254827174,7,0
39.68493413905119,51.608069986913634,4.242929082547633,327.5824432658314,26571.95885945891,5,0
8.601423830358659,47.02163212074418,3.626696304632602,151.98931215958004,45878.009939426105,3,0
37.36997867957917,55.81461549943116,2.424289765121663,118.7327000337149,34193.69783896172,5,0
39.47626324378139,43.31091516282634,2.718624693112131,10.154734677988603,48502.450938860486,11,0
25.894875471105195,11.9275392585896,2.1793272274451025,210.6537381797289,37999.35898732233,4,0
16.4388124284702,14.778190226849354,4.555730860235482,313.9768558422565,25631.483172024997,7,0
23.02221352289476,11.51332739814451,3.0579198765260034,429.1652643062643,20788.984491002902,11,0
21.72168265457462,34.7840905487261,3.855009903087766,93.22030884236506,20253.093446473315,17,0
2.1726155875744,52.04939670004253,2.883258007123485,343.64782619878235,27756.30201569494,12,0
1.496088970853604,28.234035099841496,3.2296921111967567,170.66514761525588,37098.996421104406,13,0
43.39164474124732,52.130780936431464,7.1667394273878156,14.673225762691189,7729.824587234309,5,1
96.96236210959133,68.34417965021687,3.023514943647271,17982.93476700303,4054213.0579796154,784,1
22.760434100958726,59.98347191493989,4.053580859944471,96.10413639430882,47468.65575050815,4,0
1.2102251566221112,15.47035724589442,2.911595121568837,96.62541403623543,42345.82780917015,6,0
35.86441470937628,38.86996471137717,2.6415811916633998,156.2798049437207,45568.01356506205,12,0
39.585702149267895,55.92215049636283,4.336198745525952,187.59613747678569,43659.98692866956,1,0
39.2461381867674,52.978777932904954,4.8154785779564655,320.5865726883854,36962.62049514203,13,0
17.184638439066944,35.38345852226901,4.47419646275001,16.455101679947145,3519.9440812664293,3,0
3.9446412817715393,33.12596609923493,2.033590410247868,163.82399362572914,39262.04022829625,7,0
85.01865694959407,88.69580379928954,3.9014602889417276,11592.650922200031,1360639.4560575318,653,1
58.00013889171024,55.50056087577185,7.392749514229205,17.877703411356617,9116.20079516502,4,1
7.862645157924484,12.952099800241637,2.8854815085845726,41.20464974992831,47255.320146608254,10,0
18.00129552720258,27.53912256616682,4.618908806450892,391.73850137130546,16434.681000370038,6,0
97.3924188095844,59.369257371340744,4.862095534701325,16032.593065952686,2386537.286479684,367,1
35.51039400610109,31.92460429658646,2.6118378424647246,143.89330281510414,47532.402806074584,4,0
34.86001112391796,22.646038599871783,4.049401958625728,439.48087278578316,27903.571353851377,10,0
31.40399174892913,21.796988509040812,4.654702405756214,28.588692940815438,5482.065196832307,8,0
20.46602903819403,47.65069679055058,2.4959921027886587,444.0440027509978,16410.251767795686,6,0
86.1609483606498,70.95246826380865,4.172766010071309,17849.30813757304,1140815.0741688616,796,1
26.80828961523808,53.13365913142402,2.7404575796587016,144.07921520050425,24141.44497314839,16,0
25.945928563223177,46.50498190221269,4.610338776235551,293.0090147209336,27502.308381844276,7,0
14.59179232031515,21.019684050732764,4.44854378562479,331.8791419606165,48707.04879640694,15,0
97.06805873568793,96.26481584365085,2.505542607789609,25.111305800520427,511.7433815943608,2,1
99.43733291286485,96.46753057153519,3.99896991417691,24.98592043021266,861.7258360235326,4,1
18.607372834645204,50.839530921169484,4.639822389217008,406.4439674811161,25013.715068874655,7,0
38.065370507288904,14.8545788999472,3.4732448026258,319.07732486106966,37760.162586764396,1,0
19.80982520059342,46.82697249017623,3.456112349889707,293.331340526422,34220.03721461836,4,0
3.3497361547548943,19.243080453214226,4.196957352614878,461.13894412808696,27332.109037576218,17,0
3.1281362210745067,56.95677299736912,2.5601566116145866,281.003026808582,43114.34076146448,12,0
3.612012266786131,26.674254883287915,2.6752084816284163,76.90378406107625,35219.780013845404,7,0
17.443159844181963,42.84950358441063,3.2298001024068554,292.09343525343286,25071.89770731264,9,0
18.9026193437902,45.950322784379,2.4705958989192016,12.990848105088888,40141.62787552065,17,0
2.4651622960361985,51.13486496971136,3.266942275031221,37.34206447949787,49711.14113975609,11,0
25.27767698102859,23.169929898879357,4.598771934791516,227.68026722513693,42242.95276977121,2,0
85.11950707406506,80.2692803944793,3.9837588607013332,12118.000743923472,2906460.6028663404,613,1
21.706999594485666,57.17467438911322,2.0086721096795683,398.9475148463128,33776.5743363381,1,0
50.76430017197367,75.42475108509214,7.7501557146991,67.16566228261543,12418.96719910842,2,1
81.74925828697073,71.57233650003299,4.451280938358512,16349.472850588676,1047790.1061470103,600,1
0.7318209835581957,51.408110368366295,2.7006563569004367,211.00879243436162,9901.442994686233,2,0
65.64000796881436,69.116719627978,7.343720050715368,23.893154024381126,18911.49309158307,7,1
95.09591637046685,72.00638126445692,3.2970309626957763,5572.521610550308,2133996.5417879345,918,1
20.416559331779492,13.223700840909633,3.6573225760400643,91.01253842012527,14975.459041254908,5,0
17.924344777603643,10.909993816653193,3.6715546523093723,70.94530739658082,33069.02891800253,19,0
20.811021846981404,49.25002099273056,2.5279876254713063,154.30162991620713,47448.07888296836,6,0
19.85220070059554,56.51937891778219,2.3163175350546785,250.91674305833735,41443.222608670694,8,0
28.959603344220174,10.73066006253162,3.6815866444751113,149.5327376301368,5814.452030871112,14,0
30.327045605508008,23.44613427919899,3.0336011910549203,50.72479371444931,31296.13448559599,18,0
34.71124825773215,25.37902893870603,2.5856463119653395,428.53677700969024,26386.98146932038,13,0
18.326760334309313,57.824398403922544,3.5535198703524364,440.159001441846,30624.412103913943,13,0
2.564505784172608,34.92178910386895,3.502863255698793,28.491443426932758,3216.2947653633137,6,0
20.75904201628626,11.025844058008229,2.040082686620339,26.62304111857632,38154.98943387783,4,0
37.792908779692816,16.861371053512876,3.524787612497927,42.94926138646659,20769.233195299254,14,0
34.89039559348609,49.84940984730254,4.345146778946594,275.9377633788153,36603.362087962,13,0
4.69522692924444,52.32146681529775,4.017404692922549,20.999996409296024,33105.52878521796,12,0
18.4492718599356,10.928833263039497,3.9356860363212136,277.9243296645802,11619.545918095635,17,0
38.56702263500094,23.992960031708723,3.784993296596491,20.096786560092514,39794.91232944253,17,0
38.58786908926238,16.166818819852708,2.18017872885302,117.12145097515358,11161.073529008301,14,0
14.389478593045322,55.869864292889275,2.314737413447437,364.39713624972177,39929.12554313454,10,0
36.57924547654283,59.574330232347855,2.1433360470831424,337.3015509097249,30411.266445895486,13,0
13.916594705914136,16.760206931868993,3.055106057601942,210.87473510369318,39122.5662814507,2,0
5.146191405384237,48.08887540836084,3.349738560764238,23.411825701268327,19760.56054140456,14,0
35.93743371630899,36.027657280096676,3.5231442607379155,55.054544350696304,35113.04767405136,17,0
16.866961226261804,45.6570498494111,3.9891636635801686,449.6634723005957,48049.15106292039,17,0
91.43958283909477,72.46445406647052,4.110759173942103,6436.197454495028,4811977.4650434945,877,1
14.687785879892058,44.23811587690187,3.2513164069766267,498.4437818707816,7549.329494030945,14,0
11.70752537694466,45.446451206323324,4.334492449125518,19.903612667762047,19171.987683753014,16,0
14.441489799840316,57.42516413954339,4.766150408799692,165.10543547839305,14935.363069455992,18,0
1.2595003295693141,38.15787112558043,4.406977594268382,134.73945671336577,43981.458249699484,19,0
39.2861385681938,32.59011810517741,2.485335019048427,251.30759597289787,2081.276387083022,8,0
29.96724653764479,46.321142197967866,3.9570421675782854,424.26223827891675,5085.653084860436,8,0
30.141076199189772,31.362040622101087,3.9107171037322748,466.14380661348986,42793.59791436791,15,0
36.27652143767721,44.687790244046134,4.365659694841541,28.059224404977527,38799.19058538787,1,0
20.20066641229321,27.170809476158993,4.711943726413232,423.7819626060538,13917.507015557934,6,0
22.78115603183998,20.80258267618025,2.9449918730876115,282.75276756336336,1917.0939128090813,10,0
30.738601965217672,26.298659896418567,3.104078021733645,138.01372659708667,1466.7081045655705,15,0
6.8471794487156545,18.317539918934365,2.185654884221287,448.9025635908374,10189.052270903863,1,0
13.912388348095872,46.637198810796995,4.253820440363039,161.4504975611106,37627.88514824336,11,0
29.392273745248314,37.87539230731077,4.149583252646179,212.23105428215257,11699.40158369848,16,0
26.353612566130238,55.58538803845633,3.9023485512082097,492.64928438405735,33518.455911378514,4,0
24.92199911746873,43.47701426337864,3.021436322271637,112.46948560097643,21741.39377311343,18,0
28.774722233102118,57.00431329395139,3.6437598704274445,291.15053792683227,41139.037076708875,8,0
91.9069754784693,81.4654655716078,3.9862955333062198,14.974228579929989,696.8973893207677,3,1
94.69727074318112,90.93719207335825,2.9222775912043994,1.2016923288232673,708.4458638014348,3,1
68.24560478182835,32.83373610134836,7.093686297866794,82.51358752545063,8996.130064563305,3,1
13.484005493076033,39.1952770845768,4.884304672518972,421.9564462364766,12741.929843850121,9,0
27.621078051623662,58.66326871365571,4.913229514924175,63.04148849265174,23762.58880561953,2,0
97.00669096599988,52.15495522396351,4.336559204518488,9266.149506597532,1472522.9399796608,152,1
39.415813647007674,37.23298837910926,4.033379095822566,441.0659386189096,32693.369531124095,19,0
29.182596030767186,48.23834845919388,4.414492487991655,430.38118677645684,48497.46192898239,17,0
12.913711026905297,52.963151976194894,2.420260430147161,14.000637424678928,23191.822111711957,17,0
12.686032648906785,42.85151557770862,3.1664676047832305,34.156619769575315,15901.461417774068,2,0
96.3623560942046,90.64350710605635,3.9643946472502716,22.556045191415773,37.3007263215156,3,1
99.01273403500092,97.55985814371171,2.352448410598652,12.231460792085368,65.14051301356061,2,1
85.03071604461762,53.255283662435545,4.085338242949955,17583.93423526343,2389881.0871968353,118,1
6.625686044775834,40.66820807070695,4.095834454338799,376.60738188363183,6201.995111413582,10,0
36.801013110190866,17.63806187524508,2.601266679473555,431.61031825805975,26468.3893429956,14,0
82.9606146861051,58.37047695769141,4.146567866476161,14640.55911824633,3677626.756932102,255,1
97.21832000365362,53.52813948700827,3.1522954137147736,17052.41996230786,4269854.5454854965,325,1
19.72073739936038,29.54194948787401,4.538846414747766,422.54593276240297,47439.931497876365,5,0
38.93076716277898,34.32146533630792,2.1921429148870093,330.9777307531582,49950.2562343867,14,0
95.04173098120056,98.20437420477745,3.5303644100111162,36.32768891729749,139.04483935516865,1,1
27.386104333278393,49.421822464405516,4.503060275311996,292.6646209322231,40899.158188611975,6,0
87.45618531953092,55.12811120622435,3.7443846430195213,15673.333237198389,1952933.4986777408,555,1
92.43290542165768,64.86737918036809,4.398438798062026,7007.012675806139,4418742.983538205,488,1
37.38520409088115,44.81613497040513,4.791162298725851,147.77318116079627,25014.27210778814,15,0
13.377378544781271,20.604792174412196,3.7497612351259386,201.29406544492687,38286.59384031308,16,0
31.742972991321246,34.4411773617645,4.517858865832782,345.95898033815064,43831.64087639721,16,0
26.89422514454668,59.63537735039622,2.9787159908850307,378.93388333668014,2014.055373114577,17,0
63.58753651259359,67.91120500073998,7.62901589544626,36.224519737642495,10669.883758545202,1,1
25.414036913626358,31.473197066456827,2.6855903608537357,12.793548349104,2154.0440660704494,7,0
1.259184576505481,37.66607592238495,3.075165563731019,410.5899398564635,37767.743128916925,2,0
35.67320149634086,41.344382014888026,3.3505648279124993,475.27318594099216,41129.62000010105,13,0
36.46269561402477,36.199732161442434,3.191980500115377,11.595551934574248,28119.09187389017,5,0
39.10125954678151,11.427198157459708,3.2762761830158382,213.63846287824546,43886.012382959074,8,0
9.983019267828563,38.56839062012411,3.940526412374833,423.40164858962567,9792.183146047828,10,0
87.30430927452329,50.2329831049204,4.310482829186315,15123.609796804338,4713361.711309633,832,1
43.472755683576366,36.81059005862427,7.925090496843018,46.016539255920364,12321.411810389436,3,1
5.176999024636739,37.73480354268352,2.5560522228628733,324.2328753978836,11640.261318030352,9,0
58.34347295641507,50.59700679109348,7.064198073055183,13.751238186654604,15752.51050176192,1,1
30.118190458474864,58.59748685019431,4.844532695070682,240.8750356744883,31785.65831563201,19,0
93.74647452879378,89.64702658155338,2.428871877594517,29.10295092945833,121.14051181871032,2,1
27.620451720287477,12.501117020920828,4.772766105038825,413.10818050682064,5406.130707219706,11,0
34.09079801240998,50.22928755178313,4.354106345690767,23.53479061635443,26406.36460948734,19,0
37.460135560705126,35.931470618967666,4.790978488366237,249.03612418571046,33213.69813000642,12,0
50.096516173634846,63.476719004785984,7.049680949089857,20.52351596431113,6671.767438202673,7,1
42.747872477731505,35.87485783871917,7.711079336999484,56.27251402286422,5573.504131783466,7,1
7.918319079992231,22.807404787274468,2.715277022098004,296.4562421270906,28122.048763775547,8,0
93.22674024139317,87.917014221229,2.579690154226345,42.70630208655903,186.60798502402122,3,1
9.55585268140652,13.887549396311641,3.9163140981061417,69.48614158756729,8431.214377804254,16,0
37.50681101268124,39.410597873575746,4.317224040852766,119.4867454693769,10895.595771862025,16,0
37.353884758663696,13.630311551671994,3.603395754663795,291.5598427511937,23884.875705011043,12,0
81.8474121081798,81.69858078382315,3.465751127208009,9928.24409737113,2693117.7100191806,960,1
23.904916557340993,34.41978528812234,4.189652903975784,314.0768750846906,9555.057662672694,9,0
13.894576717247492,58.962947262153214,3.683634717255095,81.05257836905892,43169.884269640264,10,0
91.82684417825817,80.52287155599537,3.5603021374960333,15.385017611744617,722.7111188991886,4,1
32.800641819088526,49.619028351233055,2.6399321034019243,190.1186120663466,48291.37213290015,4,0
33.23533717303097,37.63164196516182,4.832812155322722,360.4542198701987,46814.77856766173,18,0
19.781409957680985,54.30293219508336,2.693523880816251,351.28618582981244,12716.306628153823,13,0
1.0984948377916304,27.20826692328937,4.275468964817378,358.46719239925426,24695.637246028324,13,0
10.611429245927638,56.95699446733727,2.658245307571669,399.20794248555273,42529.80592034797,5,0
23.018509025346575,58.85272212371717,2.124828066953661,291.46074403331033,28884.94803833532,12,0
32.75172123053234,36.30277667167313,4.880462718354048,379.3797944375203,17567.675307797195,19,0
39.60977105445949,19.569482070220182,2.117190462276951,337.2992961025247,21467.815851776955,11,0
37.14100781329151,25.69254749516552,4.892798929470547,14.616293099904162,41281.4341524567,3,0
26.70779569716165,32.62597108780671,4.348274382538081,240.65132623513549,27087.05710492252,11,0
87.01485759667116,77.72500101998236,4.619133617434194,6612.537794600993,4250358.796238791,610,1
8.046763953661404,55.9207776190984,2.1380363757914527,493.1661106358586,47589.815759699435,17,0
8.999295975710604,58.04101506728457,3.6513918436035606,146.49222901247302,3185.573079763896,1,0
95.23883964039035,88.83060968298528,2.404963427804127,22.064021681260552,611.8759880378022,4,1
31.131837280805822,13.528547238485869,2.5179442829882133,262.5475171270331,16710.77534266461,3,0
87.58244184564654,63.140755618107136,3.758732954527207,16586.586818887503,4155083.398551492,263,1
14.63244556077029,55.4259657327694,3.5517652072892654,295.76879404184143,49694.76750420146,13,0
98.31166395248565,82.73523764678913,2.8415816475098343,8.675091522252515,996.6708628293229,3,1
39.39572264775541,13.982794631823788,2.34169726284718,424.06101247930206,27276.860034197933,5,0
12.291097991489455,35.88706403136352,2.332872013848409,45.150260472023334,17828.338038509148,5,0
97.1966035781373,90.67025168093423,3.3522574604885245,8.142809518859728,998.367282091677,4,1
23.2748546981969,53.93357105402022,2.8976779024932715,137.83256402333572,25960.723936192007,4,0
34.60196582166418,56.45178606096805,3.0235606351974473,486.3048114875016,43937.66318022534,15,0
24.207909741680268,22.982281551399204,2.415308150194655,396.5979107428453,24651.790468418956,2,0
25.940561771635267,20.79359066346771,3.149048110786229,330.1467582425701,10746.401794512345,16,0
20.432036457539485,44.70847629655864,2.9880365521197163,414.8589097794597,46577.60484305209,10,0
33.76669868850189,68.28808963228028,7.310677953010508,55.91640835460763,19404.36133090913,8,1
11.464343571345426,55.759461676314764,2.7226013778952316,397.75233605160395,7503.704213431559,6,0
97.96410974722762,91.00523371994366,3.227131110912489,29.17491886148277,336.6102193149566,3,1
36.1404909782383,10.982605697775663,2.381178667359725,26.442703471588025,18932.548026416425,8,0
85.92351817401625,82.35363001936737,3.4605722008473085,17235.758792018245,1450466.0458021145,641,1
96.6348673193893,65.37350148194024,4.188270503701864,12802.850218508444,1253778.8759819977,832,1
22.180926880625368,51.48312087368074,4.63825813763882,327.8348882977963,29738.11889520095,13,0
99.55939317877349,66.56868299316218,3.811503347011543,6725.084254107447,2345866.9035710664,870,1
8.445598403599925,48.651684962611924,2.4943648369397544,123.49546299270463,20591.70548624436,16,0
29.70312591554887,58.49177779866199,2.187506691163314,319.74022404923704,3872.695319429116,16,0
4.652632920554414,52.58575430438993,3.443982508040816,34.60166691816795,7159.815632841603,4,0
5.7192779895756996,53.634380578155465,4.336587266190981,365.483188167467,1797.0104047777058,8,0
94.91660302022885,85.17492990526688,4.574753606320272,11731.159061433467,1606435.1556317913,826,1
4.074806084463347,15.154571929990931,4.436822861056754,445.0493068653636,8768.017220098467,16,0
30.912043544826467,45.36893369913818,3.3057789332465104,69.48074849621992,23353.421073631544,19,0
89.42126806282768,75.1095610332952,3.965492715101808,19835.769187463506,3449799.344561398,179,1
19.61165878248439,28.10851126387571,2.295950725414311,268.85281930487304,45403.55923040229,3,0
43.98275744545742,70.88136802246176,7.497365034992639,21.74187218862883,5491.308926310159,2,1
89.86782222580709,65.65512787210524,3.6061009714883836,10442.03279467694,1194271.799596203,914,1
87.23354509193656,62.007593947148564,3.137939895838536,14390.744417691101,4126873.43333141,339,1
4.477123447074258,28.636170144204584,4.5610258718908865,145.67150789265898,24832.657227919746,19,0
27.275777514514754,52.26814377998157,4.880309528073212,293.6624480477512,28823.34007549618,15,0
35.90714688185032,33.725895268585205,2.031542269900396,225.86739710951755,31107.197845285584,9,0
19.551330586659578,46.09768216467707,3.5565753607326154,278.3525527466266,34544.900265407356,3,0
87.72328925162594,71.2634719964939,4.072684280176157,15168.89309366856,4416840.66351879,869,1
32.47660057264978,42.515298136841544,4.474217471470339,67.5946238513996,30129.847840201768,7,0
2.8901210752687634,35.087560688758614,3.862755276768577,226.18382208502578,45889.35383784324,7,0
0.05055760794314246,38.309932798157945,4.65557726708212,240.28084401114762,23009.473819161074,7,0
34.304503213512376,41.147730215785565,4.069242630277534,446.4291587465253,43297.31345736156,13,0
67.7844478811275,39.07915551537695,7.139233437911233,24.43934733133555,15071.047258186416,4,1
92.69147996819683,84.66410410104162,2.1912537793576448,14.46571307107068,980.6314763978637,4,1
29.82875202484792,14.463588024529642,3.9473324969053625,406.35723688934996,11523.331223006877,13,0
38.83913252745275,53.26108986973121,2.950214024503402,308.42777789352846,20530.657378616066,19,0
32.84493365489254,56.32169867045936,3.61997335219718,254.61127502194176,19651.954091387506,10,0
15.419389377389168,36.38605480149335,3.0492854143266115,14.098168740834346,1397.2234714954498,3,0
37.02469813628499,47.6184164539673,3.5146711396025316,55.7961334375463,27720.733527603654,8,0
98.45399137743631,63.56930075748607,3.7064052929446945,16203.022280326886,4958437.902850522,299,1
32.1398768587036,19.213828567901935,3.766227901675163,487.53442582710323,41829.76030647038,11,0
35.28978907366767,14.658375698187733,2.158978439198993,25.898089005935958,6326.85129502592,13,0
6.8630679733327415,13.988331100010871,3.438440303051874,431.0569604478339,37444.134338827615,5,0
20.171755647679248,14.618361961695571,3.0940705386852247,385.25677387972274,40221.2886527092,3,0
7.034250984447392,44.36724614255133,2.750479507577828,222.59435730346317,45615.094290542795,15,0
39.107463295017176,25.28045345208056,2.9699509591228335,493.50397078865154,41196.05092494721,5,0
30.680211017835425,43.76339459605378,7.66589865702626,14.305993860899344,15284.457769903025,9,1
6.355162177409026,41.82281731163617,2.7348404943965807,377.15325764630114,8379.582596180904,12,0
39.65405913513499,27.58992860870262,2.431032399425866,358.5252967612832,16282.720589394981,4,0
15.239481082500891,29.711530304264603,3.131515957118638,354.20846503630867,19393.902687425205,19,0
12.651200401518047,48.82155042440477,2.3292807852760307,424.63326190554585,27496.634293781557,11,0
25.188501731683036,33.49404053095364,4.821200592548374,172.49418553754614,21198.45063152814,2,0
27.899931632944423,22.33431294491402,3.932624195236293,496.7804236293902,6479.490804022297,12,0
54.327489935740545,44.54629561307709,7.9113947941055685,59.39132971243429,6803.868120376936,4,1
0.8245543564668134,16.70708585432903,4.351794858536557,115.62829559157426,12545.41145016093,18,0
39.26067821914425,59.04529027576311,4.834978122286349,113.08753764520617,32223.24734349137,1,0
1.367210644970931,38.304521438240876,4.678822132307598,247.25035280032387,22098.763443543045,8,0
13.376884078664638,44.728911589523186,2.110692634104636,442.5406053230874,18744.279132239688,12,0
18.70517844976158,41.634521265864755,2.8160812760126785,191.32694693944583,42106.21302279295,6,0
97.42482997873087,89.69415531916191,3.1696464678905683,20.420316271195528,169.916926095523,1,1
23.35911863750968,32.082157005757786,2.8901872203578494,453.5873743822508,34028.428713166744,11,0
33.34457785432906,15.838133842141009,2.562667728349361,155.09144903816681,40769.01321025864,10,0
10.004355441921442,39.778127450064794,3.1021772071260343,17.790825157998135,7926.463255615019,3,0
27.468793087626437,49.65989046214125,3.6713059827024437,93.90428867784736,6689.392558420934,2,0
22.58859270128342,57.24317714310276,3.7749100808350624,59.52136299019763,17364.49961351882,2,0
21.05600930631995,52.90631518819229,4.9697991481173345,38.92244517574211,46093.72332254401,3,0
38.56097158301203,49.80410387540157,2.9683524951155373,180.23180095580543,15818.650062579925,3,0
12.566889980140715,14.998695054866703,4.02202071877787,212.32734587732597,15534.640717609394,2,0
39.82827588852794,12.118868862268764,4.095402158956443,263.32096299862735,9099.017108891148,6,0
90.75996837526797,82.32184495194093,2.0095302744586636,4.388056885651964,612.7226797026144,4,1
1.9031149744428077,48.85815095997751,3.5425567978128587,344.8754030737449,43811.65023824978,12,0
18.918510851148692,36.55224672418063,3.9436714531430526,10.799145989548245,29441.794485582774,15,0
45.81827295197508,67.13223801059033,7.613063858747675,90.10819111881152,19675.871778661658,6,1
36.493024311843236,38.64471985059821,4.0879423685323495,438.71011359994344,16961.957933183134,2,0
92.63391773251603,97.36834994382781,2.3984114931677447,23.493590155537515,88.37145498012966,2,1
11.78188927153971,27.01297099762057,4.519362649753255,382.8544063214375,22147.17600093911,3,0
99.39535353506652,88.76338299085944,2.7767461863916667,37.203783971200735,969.5207068878756,3,1
82.91982748044558,84.22547644441127,3.22258676996869,9569.964649863117,1399443.9510475975,598,1
2.4415221911535134,39.52172720259097,2.2478411342283553,410.6708655623662,30779.334735007644,6,0
7.653538257173529,25.229451635740876,2.640717630788528,202.96056555582507,44075.6132607777,8,0
19.288968865556946,58.40482256651807,3.3588565767542136,197.15972322180355,13860.451632706841,11,0
6.78164940836377,56.15867979871316,4.298225495005736,100.78721115737605,20841.70366636005,7,0
23.1000147892589,51.89294922511984,3.2835736813796226,322.92421085190307,48202.35488135441,17,0
15.684131244664608,28.791689261330564,4.745159065988009,169.86082291343897,17122.340563593112,2,0
17.951731168694277,15.620472402885868,2.032579201809645,354.6674005702291,27570.53488999742,15,0
44.38814033704888,54.836609397867235,7.227613903935344,10.518343210010178,6518.857517010014,8,1
21.50005841408913,39.10269060677424,4.542960188018721,487.16372061684706,28652.531816828832,4,0
49.469771475590036,55.20745381100116,7.208940269209785,15.039748649185203,8545.879599372138,7,1
0.16870043465787798,42.754334125575234,2.6333170539437916,89.32549985945819,8026.982307681947,5,0
10.47370452902479,50.70765585105425,3.4075588392419354,148.26087328212654,44006.852871445575,8,0
17.17493035002604,58.49968327628742,2.132839732886753,214.99146483771597,32354.880254814616,11,0
16.478012909087937,17.865275423409912,2.2836152472260443,52.611926431829,38512.148405405766,1,0
92.11261377382053,79.2007858133951,3.2255366252782878,6759.297417926978,3234790.251978468,206,1
44.116349891242805,64.09444664646885,7.992534470509445,65.79614794056732,12092.2418006213,7,1
30.10195892826564,14.638245161504267,3.7741935737525107,203.54295521200436,47518.43115081773,18,0
94.06591250729163,66.57051812719418,3.668294434115505,11060.13099119411,1383185.2372823472,369,1
5.984877008621283,56.20788091335445,4.491381377144046,487.418524525824,16948.331253736942,11,0
52.62779867905172,37.705962683001125,7.848408884470295,90.48870147506457,12197.548559861629,5,1
14.04035133468081,15.441499037039105,3.4128570288756572,339.30957566143155,46976.42958342434,8,0
7.243869738279458,11.689314321561476,2.8477906192761044,105.40619074331424,4526.632951427471,1,0
10.072851131800329,28.785396755364992,4.023447824401568,108.68822948014046,25259.03054230221,12,0
90.13468574998652,78.72015862101398,3.295005805939735,12839.367463391576,2840227.5040499168,544,1
11.380440246169531,55.026097943740524,4.346096987424157,433.47576686652855,39321.378230023,9,0
36.66631437142976,52.709027038198286,3.909772870550418,319.8577324891368,21396.53162290165,1,0
15.04286740092807,11.40955547451765,3.403532227035705,56.457939842883064,22917.578207639246,7,0
0.88832548023277,22.345876837512304,2.1541833197019344,378.64357755277877,14901.658296790945,10,0
93.95267345739177,80.2565046612858,2.93297800847893,8.777890151130313,142.7617409683627,4,1
59.99485115272613,76.51733623901033,7.558976913035247,18.75503300034496,14346.230586677702,8,1
37.31319846854735,36.00900761608931,2.4670007650052765,41.075848963953604,14483.90798614145,19,0
0.7605595177494662,10.31382402458518,4.595118034695353,299.78066742439256,34977.13200547235,2,0
92.26349159544583,59.94864188999979,4.965170536505975,9615.454175860386,1674178.4508258575,771,1
8.247856875181693,34.99487746851071,4.650529006990114,369.89577907497335,6683.645163154632,6,0
3.667427257638627,42.955709884169465,4.775200924923984,474.8070485878781,1787.0508685513569,19,0
35.13344424975558,46.68352892377124,7.673348051328683,93.78300567228597,10158.356896386573,4,1
7.616407927990512,17.166877372528504,4.0027672659858835,103.19616993675875,8994.285729742365,3,0
35.74909591459725,13.009579977285604,2.796836617062911,390.21496307576786,19468.701141435486,17,0
31.302523806958295,49.501936790701734,4.985906812372887,163.0008534062651,39563.37937116289,2,0
11.37682890500335,56.284690794619486,4.044734800176078,99.56469532674245,11394.795726919478,6,0
92.71483721226552,67.20448296954976,3.4148198359944058,7452.847695291933,2378723.491993891,511,1
20.31099351839849,44.24714826291403,4.0538430984476035,321.0535550459072,21850.750377283155,17,0
33.62087371922737,47.98666235297734,2.4126552283827567,359.8115358542469,23802.312243878587,3,0
8.746419148812382,53.98828434077108,4.83825315305474,448.0155541890048,24004.445378485256,19,0
69.54478064085743,33.03838482851222,7.508874607118557,46.44110425584541,7037.225027704216,4,1
26.064700604777403,45.238695345577554,4.600631974616612,372.51049838772735,21096.317359271245,18,0
33.038811010860876,55.807963755739515,4.127481556771697,166.24860901406535,47380.18317179069,17,0
6.466353055791392,59.95793670592222,3.2145838932923874,54.80349745183501,5049.6881339548145,4,0
22.04991101546728,13.461891114394977,4.761353221380339,225.38054929098615,48774.50451420143,16,0
20.581073762224648,52.43718762615204,2.8061129994447374,420.7825119669201,25643.10386670815,17,0
12.910791053002617,48.28807168120079,3.9101388688623757,294.37082441205,20977.5165928021,19,0
96.0417243173428,85.54104200618703,3.819648695290302,13.01907753872673,472.173545376084,2,1
2.216849671432257,10.206691373709578,3.3361332382739475,74.20946356529734,21211.134977712918,12,0
9.474640471554157,33.86156096407984,3.202519849326915,62.19938621578563,35037.52953425992,7,0
14.20831627879425,32.90017599084264,3.4525841235829833,302.88316875389364,35170.789266202824,3,0
38.48524079017783,38.61912153621283,3.678629589601739,202.20252115388894,18268.68133187431,11,0
18.557817353211696,48.278764041486156,2.384121128121114,262.12449222973675,32181.785285886883,12,0
19.229959467204736,41.131395455356085,4.019052791059993,87.8482782820481,46538.328167843,4,0
2.5758896618923632,23.555915502388267,4.537016969398328,193.60932222399515,40260.2392384991,3,0
99.3154301704468,93.87047961584955,2.0289439741874054,34.65500009215155,79.94337253346706,3,1
20.154033399473814,45.44843599766232,3.8201756745088518,209.88212569694048,20557.388680801116,14,0
3.1111055722039627,46.530437645914986,3.1857065529478934,280.0113325746862,20767.16274354969,11,0
10.638033287760265,24.3561908048487,2.2563825439824523,303.8684285854307,17736.527787549174,7,0
38.29260368786028,52.624091542415385,3.3031296702419626,339.3167735389189,38681.4640088621,18,0
81.94067984027348,68.568394931205,3.3197037403897376,16224.40317913401,4176229.175260034,767,1
26.848674503875177,10.894980796307083,4.8519708864891555,147.96445351955202,45857.36919525131,5,0
99.67995579905529,87.99336777405532,2.095776065513163,36.86036943416215,452.08721645156936,2,1
42.99101014229825,31.584676799896606,7.910736676412285,15.883988717235525,12568.289273879047,5,1
39.91710225312828,29.971928947993444,4.588251789342687,167.26455113096785,17823.528817988175,17,0
86.41080949272506,71.96972440992437,4.2809274665100405,6873.279183333495,4118102.778530478,332,1
1.038525743906189,26.123985137606144,2.309339827978295,244.69701328295065,47367.06683879076,14,0
39.95420618313768,25.52925918945602,2.8364256237331356,352.0040385027022,45291.61389546947,19,0
17.39322561933003,36.25627224356211,2.8644886671897027,43.95444100526009,42496.130225521876,11,0
1.269622282229741,28.24116001676554,4.170220371493287,366.0004769156326,4454.170471450477,16,0
34.63552639673074,49.38281778736917,3.716309866854965,441.08703394267894,12728.803473373728,15,0
22.247883696016203,58.23399751922276,4.304683607998614,191.14245281506288,27707.67735835774,14,0
91.49703738026265,97.68907464175139,2.0939585408640236,39.38820078183713,558.3041788864418,2,1
98.20083124151941,99.23757712219596,3.2198911961852614,3.129135687369866,714.0830843756439,1,1
10.34387616806924,13.12286068350291,2.2784874464811593,16.858353873931414,46696.88026795599,13,0
87.20108154027086,69.58516919056808,3.8336030572714908,5042.075633119825,1637710.8416253976,777,1
33.347380024703995,26.5682617525931,3.685043716464927,314.34870755316973,18989.59789779055,3,0
15.320105447633509,59.38122957431773,3.3818308785234246,324.8389275487145,46516.399159921704,15,0
3.984035570644062,54.80496873123948,4.631691849092016,76.78513955353627,33422.53079854579,7,0
6.140757827839649,15.843479823720198,4.1298307899369355,431.6489087145148,49805.97547676084,9,0
99.45571726824691,87.72111392869934,3.8641254945458927,9.28869554308786,697.8214690936704,2,1
36.04449078126037,58.81377513170334,3.5529051842905037,208.9807778052891,2478.079182457801,2,0
29.89655477946703,34.908368301777614,3.754584074968662,329.93687180390543,3897.903931144385,7,0
10.580428813236828,54.60916902446848,4.864474040428918,306.7547697885315,19025.032215287298,1,0
5.411655700561906,10.290356621341592,2.5960838634156214,436.7847537339975,21184.11489206603,5,0
15.4527790644517,25.46167154581451,2.932678996785104,450.0702731475001,25586.835778163648,13,0
30.140955904637767,32.85932713553345,3.652364987525017,471.60740813831296,13642.627831515445,5,0
16.21255579615369,30.163443896575323,3.0516612845635884,205.10578179207775,13046.965338116852,17,0
27.73705973430775,17.385427016821172,2.387986830335376,39.43681054164742,36419.712991584,14,0
53.94753523932447,60.467322303774246,7.102758818713699,35.03490269427803,8352.490682890017,7,1
25.13648276668829,12.560221963174108,2.363672772929412,319.9513274900162,29240.09436875763,7,0
6.6873045464324266,28.76963564673364,3.7351193559933984,235.66772849940136,33630.77280477714,18,0
25.51819882329276,50.134400557031455,4.277641538423625,458.87918720852656,44863.85202628579,8,0
96.73812600742997,84.829211589388,3.2162885785488577,26.361820257378476,520.7966592204814,4,1
21.258762467815743,50.989583220160064,3.222586533501853,319.90383280011395,41017.1722594174,10,0
4.628188592937086,39.0456220337027,2.840184013103917,219.77509579957052,47620.71753844154,1,0
81.82740093502717,78.71679282574249,4.07933703452307,18279.842582985908,2696010.734652374,498,1
31.438350414944203,26.739459750971168,2.2651644967466282,74.15915563126893,33308.49546704754,8,0
6.898256901291981,17.183735081905425,4.20518404133413,183.4919146213997,23475.989865089374,2,0
8.974939713169006,59.844373906100756,4.638717792576177,435.5866959043177,3134.490685129504,11,0
35.104372343768176,33.07753468321671,4.4559053178437384,448.7017169834469,14433.326767039274,9,0
22.579490818348127,32.33485333205425,4.127147240580506,261.133566006024,25380.943167793717,3,0
31.995609340785244,26.416233095433746,4.517278818776241,331.70689721407825,44228.38669043585,9,0
1.2787582751480642,49.905868220747045,3.1033454847228494,387.08041322423816,19099.06837758816,5,0
91.62517296420188,59.04628404196812,3.036383688332863,16932.416320943124,4377057.676747858,796,1
35.79426740119373,10.853499261235674,4.561495520380483,396.9949948772295,41399.21793568905,7,0
5.6549433935863735,50.80724341922615,3.8834479932773234,123.73233170425232,31763.952579875364,9,0
15.31118711311564,16.519037052929004,4.122327105712898,387.79279651923724,14804.989324083288,16,0
92.89486279353915,98.93504185957003,2.6896063373724974,17.1926596175216,830.5520030673241,4,1
96.53774528110173,94.88595787305151,2.8625587262397043,15.497394871443115,129.18427142438617,4,1
86.42249521605089,52.27234718498836,3.8728505256892958,14140.279912309026,1408025.4822741116,652,1
83.46938676231962,80.86837448901954,4.4790517753908965,13653.624476636081,1459024.890986532,828,1
88.32822713367963,78.42774162677847,4.9782261653061495,15645.871340591606,2441063.7677958524,159,1
0.05557403287277385,53.732924087804896,2.0961268261006976,469.50604103673044,17022.23993134205,1,0
34.4816054870281,44.5221334824625,2.314002590215759,198.30769220761823,49631.300476480086,2,0
92.37025757923014,80.52177782768428,3.154719147379594,9.45973551182679,790.0534028093688,4,1
16.267689082038675,27.42440747362731,2.3253581779512493,380.82797935494517,8446.944843890762,6,0
17.259387346406303,28.60576828523195,2.244569501967479,25.810629850425656,42485.83573376738,14,0
94.73718235742948,88.69809489720059,4.4539623501601096,16114.426261610512,1161813.8766534268,380,1
97.40731114260522,92.72672994551263,2.9152575343544287,21.300652343813653,559.506611718261,3,1
92.45468033259438,92.20531355773197,3.722484332228304,44.40058083940164,765.1457474166162,1,1
14.032522794779734,15.12725216966816,2.3874869352396626,459.5872799929389,10354.805216381412,6,0
30.127240902990952,35.61879830101648,3.832013013419013,427.9022534057068,44595.88748320346,10,0
0.29381506274887226,25.328494567434248,3.127771167464569,429.88340434378574,23267.00361058269,10,0
52.33017334682815,31.54248365771038,7.881676617539024,15.42887255736456,19929.68666475797,3,1
34.86773162524266,21.29597778075709,3.584672134508227,469.5979932364985,41913.53908870338,10,0
69.5950175719546,39.96256212074491,7.712105335446817,55.02240553639114,12789.85750446689,1,1
58.9276901910746,51.75936091333733,7.487729073919468,25.956297958064347,8647.599315172985,6,1
95.87233210796607,54.281560783538076,4.327985027768202,15254.547799151214,1640368.4109808987,553,1
38.34213034328816,48.39529190874785,2.28104570007222,146.43058650874698,45260.601071612924,9,0
11.659267900750137,15.17428398918165,3.989383691184644,25.795366516176262,8860.772611361645,7,0
24.053300967433504,19.28921709020468,3.6179287267594757,326.0594570915264,28616.11253096557,3,0
18.192437690950776,43.87581840783788,3.9164300226049655,485.5434932325218,3988.937609959427,16,0
25.337887685304317,39.52591025831116,2.418765210952315,240.2506891803216,20449.94467178037,5,0
22.87099745014473,50.58643952465351,2.917356576351546,485.7453786876657,42857.7043874669,10,0
10.685358107481164,54.371381506699166,2.1201011756649204,80.13965090666579,16603.524100405637,18,0
23.75833362392474,23.369157612519878,4.985820411944684,187.02838941300342,37678.759986541925,17,0
30.75535766970252,32.00796483033254,2.6383861236169897,141.21475643020446,9962.203196635839,5,0
14.324749219328844,35.82010483914764,3.0463926906715004,358.05831940435604,29121.429844327424,16,0
17.45709054734284,22.13876699653375,2.870579611413883,436.0933785507921,1505.1728397581414,9,0
16.7256655536289,15.474075725519484,2.5075677128172438,348.0810792208821,13600.562309643734,4,0
27.691189018025195,34.829553760868166,2.727826176982576,23.64021012823264,30392.806240161095,2,0
85.23362408842016,67.03066419633787,4.318651134083732,15737.011553926815,2680067.981946591,377,1
33.86119316202053,22.514421271808846,4.287907954997578,215.45194940565327,49522.52810825382,8,0
1.2280528657862755,58.302094383366665,3.5499405700824775,360.28824363763135,4372.277324019384,18,0
86.88100831791793,88.26924734300097,3.795546445915096,7588.4021695607435,4221746.894915996,236,1
15.686217613016197,19.87187873954738,2.1210871017557764,449.6206167414538,13693.436992137953,3,0
2.6994223663222616,45.746257176557414,3.4418650165491993,153.74275274841148,47480.1580377474,15,0
19.36321636859731,18.595233804452008,4.474825832378366,270.73974261156474,10216.628838803972,13,0
33.71943170217624,13.825290649035018,4.269690306352479,490.64961731443947,19486.232179526065,5,0
53.4909420145777,65.64854259302106,7.392865548756025,77.62008311211194,13366.829842034034,6,1
39.28914925875173,28.21732531771067,3.467269361415447,396.9157295675315,18084.06884068772,9,0
14.927236347503747,56.410626947692954,2.9755064742100092,328.96598861083277,24857.375033161716,8,0
46.92776242488025,79.40297742821734,7.332990866232159,88.19286074249591,9800.64660025774,6,1
91.87020648561821,80.17922732528288,2.0904630917450344,27.44723174702488,535.721915284771,4,1
1.2653289086564534,24.464942089256883,3.2822036884543904,270.46315573904616,17777.687762345515,11,0
61.926081867603386,50.92121198800955,7.428010068269941,56.60276207796101,10681.259405680921,7,1
38.44442440356968,47.68711054469423,3.485137777271977,186.45157436253098,16982.029984395907,5,0
19.49195480650648,34.489807525226084,4.639692748277953,468.64000128731885,29815.77842758101,3,0
24.82135908893278,56.64027093855258,2.854077607286534,459.80285333341,39961.193617899844,17,0
8.56330556926613,43.21971287708572,3.263393087147739,84.61080073653423,25969.691201281414,3,0
83.23749082450844,88.30750324855106,3.6611784452531366,10351.69111796092,3059590.103872551,641,1
4.165574733189792,40.63276855900448,3.8010812445017192,107.30995743450887,1431.653213766381,8,0
97.74587610689771,81.06217348484844,3.9922296443464083,11029.587533987844,1588075.150707537,982,1
39.12033510420769,30.740486199884128,2.6052399222349094,386.1334418806945,13324.068690890046,17,0
12.817312021498925,34.59862925629787,3.6477743074233633,386.5584210549955,43491.6699321198,5,0
23.220064624561793,23.12238481965527,2.5424620738679162,345.09291964125185,21549.34605444165,19,0
42.936135820791065,63.0109057318153,7.171153410493056,32.00474350357169,16282.464684888562,8,1
19.69783977676728,22.666986765918487,4.550749760434185,414.7113047840924,17347.471968030266,15,0
10.631809340703654,18.687380817893192,3.185470335211999,197.74227021495815,24578.85147391747,5,0
17.024050157264973,34.46317866336811,3.2083357002059802,344.7424511954427,28948.42129546929,14,0
69.1024941936243,62.997837874798336,7.915644032201173,24.484398243669485,7278.561551197208,6,1
68.80843201576883,45.277955210077025,7.744996826817593,25.050076701001075,5935.908125062496,1,1
35.06102778603698,19.15321221505905,2.482406355464727,233.51450383495546,26430.89073457432,18,0
93.98731148005726,90.59937891468685,2.638397893688902,0.3632077061728134,713.9745388898195,2,1
19.061349019387166,16.236911236349634,2.1896081550387896,340.7736739255363,30257.879166648272,16,0
32.30216821897348,34.498190682847095,3.1814593260472144,287.5748649696266,31793.247272864544,1,0
20.157170815958384,17.341872552668626,2.5304480926840243,156.44595405490185,37872.730605446675,6,0
3.908879279912396,28.334053252101988,2.5243621113254715,351.068323047013,24879.94643258956,9,0
29.85384024922311,42.35209664432546,2.7685902687344526,28.453785324165096,43084.74935824897,16,0
10.178468381425185,22.56214487739487,3.92745789663433,479.12419823523334,41773.53921648946,3,0
5.111504707607595,31.05173061456382,3.477986727736262,388.8248731064805,12471.956228519039,3,0
87.0774516876194,76.55551202119784,4.19326293505569,14297.273902827244,2647104.0111707738,995,1
10.781138743492749,41.12642041633317,2.2550808422051993,393.8298157261261,3594.7852894356956,9,0
87.09851988973524,71.67334896337037,4.188047276680674,9443.611344564128,1561963.402907241,659,1
3.6716617747465508,31.594855285771946,2.132324498337174,156.7128791759535,18825.703538540587,18,0
12.526613158676113,33.31198341518591,3.6551815468041173,385.60371492730104,8629.101556175208,9,0
27.27424081635032,29.539779204244407,4.3935238557741805,307.5049338508883,25946.02290340676,19,0
55.75572967887883,65.71449035192674,7.994645225981001,13.742289064310583,9917.162380865064,8,1
28.159104314747538,51.635529964682746,3.9637402941120174,198.77875038731707,39850.59309091829,9,0
65.31907822400781,34.18218404699846,7.237663379606533,51.86746379540125,9339.409586226342,9,1
37.75231783532377,40.99561186128986,2.794556408856364,275.0793660360314,11312.845315149163,9,0
39.960895225600055,43.257662675170245,2.7683169280337987,311.27958310901,33835.229172096944,12,0
30.587557547238326,50.746034608478794,4.785490336358,244.19524630282086,41873.57202571993,7,0
21.713426201941324,19.59515237436728,3.0941403320908467,365.3150455462403,19549.530977035094,2,0
6.809999880270197,56.74255771255834,3.427170170685909,175.90505379465355,4198.594577363205,18,0
39.510609716269194,17.407376431209983,2.008044173284061,348.3062646067719,22034.367818414587,18,0
35.97600313104387,43.22111558901234,4.081009806291313,341.6858418905779,17806.36056270136,1,0
99.58359664234248,87.8650636965914,3.5808121332636764,8.977014403798844,413.66385050251654,2,1
32.67045624546236,50.35496902943218,2.5767679895617017,333.59492026948914,36542.86717148342,11,0
13.79189552988667,55.149752459698114,2.569695596390729,446.917836901828,48870.09020272256,8,0
2.209693175211882,47.49638177632036,2.0181878908151645,87.45494098498018,13239.096831091403,10,0
29.94263662302652,36.682491247356694,2.3490432071630165,81.48661965386675,34339.40609740321,1,0
96.27534279993267,98.35718062375852,3.282332115270168,18.364395844861882,419.4384519780199,4,1
96.83792295886707,50.453857853265724,3.9849375351712615,12061.890094527856,1910550.5228727665,655,1
93.6244993697686,87.19695186690163,4.605235437534461,13887.66773401974,3983644.652670996,144,1
95.41223740694443,84.04898073263122,2.4325379603130015,4.032485181572238,620.8901628054679,4,1
25.123767694423847,13.129175390403343,2.8312163808166617,113.50443457672856,39137.49773082618,10,0
35.46572237568764,58.87618106515007,7.415518822067712,13.171975986141156,5367.860348646123,5,1
19.721920649468135,29.2006230760937,3.8421551391104365,231.26751011288366,21378.94792563804,4,0
38.081843979524066,24.448284967792574,3.2783126794639244,139.35015472977798,43431.18937950708,2,0
82.25865428199359,79.57926748576473,4.155770133489994,12482.802696813847,2985183.6987254648,166,1
39.800707163622995,10.97822153517812,3.113980751159072,142.37406204210603,29326.45623372522,8,0
6.110713243218671,49.19730253926312,2.0404655416770465,125.87462970605952,41305.828069627794,8,0
95.59313536220465,85.9865877421809,3.5284766339360845,36.94541800062808,780.4811736943119,2,1
29.359936287000586,14.935905112547072,4.7639932153964795,365.08832984694203,35057.87162604242,19,0
29.271449363208923,23.489215789779763,4.676707260002028,326.22721479055093,44184.172947113904,1,0
95.466471933941,98.29728792386959,2.7254691261026682,29.993039232028174,232.04845249203643,4,1
25.89055995338352,21.96036884942872,3.7502850114773754,123.88910670378486,39638.37616769407,10,0
62.33936122371664,73.01130110227555,7.7616584685596495,55.19053203523581,11379.044519209048,5,1
9.69903139712991,45.67427618196531,3.0852897854688583,312.68943213711304,8240.006767808838,12,0
38.4283850206161,24.920917557782985,3.860876073883859,474.5083961043145,2538.968627153843,18,0
11.198569675594934,47.90891033493429,4.482020825483393,266.63494382016484,38832.77882430605,1,0
13.364005194549815,58.298265852519975,4.0512866883548675,119.40199932721438,26727.89385402746,13,0
89.45929617222592,50.50624218252494,4.817809326408253,17698.64282839535,3629918.339454916,874,1
3.331306938419689,15.530111660628979,3.19311512813589,371.04657750882166,28577.206289390368,8,0
8.728567239842073,46.99098178622402,4.65724035142561,347.4578572528108,45219.94295776047,12,0
96.2005418360248,56.45430352930674,3.3312266968325255,14127.77278608491,2411768.282443749,278,1
25.588369157119413,56.99568365714546,2.0361164589206915,147.79355733234584,37349.713736556696,10,0
88.61328004653566,74.15061697423744,4.639905053751175,16466.680843908125,3486340.1543331556,302,1
10.87136021185163,23.530098882168012,2.6871938057378113,28.911307055890273,17241.786122211204,8,0
27.30864048406442,54.031109857701615,2.5483567857042666,222.37909463494697,9038.25652477281,11,0
5.656953703773491,22.242566634507412,3.3682754319429478,82.63017206821999,26023.629240702572,1,0
31.219030717278805,51.605639558717556,2.651435768653811,299.23253009142184,1306.6308395078145,16,0
96.16670906039889,86.3357692703763,3.291824111731775,7753.404422261687,2080017.3614676956,994,1
19.53601590317424,21.8138661658488,4.461281655518695,498.0704712820638,33077.227553636345,6,0
11.772161973425312,45.94381716749756,4.598009267256996,478.2512976249089,16409.738752281577,17,0
40.15514392441867,33.31432697252143,7.778541834940411,81.58675322333345,8566.437206266224,1,1
16.25603976707705,45.10599304736195,3.387454641570588,388.3591860939531,46319.13702035069,18,0
24.92654377393842,22.956094708951838,3.1969991880310267,150.47150601363847,37482.66902267769,9,0
29.024554101972306,50.82359960462846,4.506563637841452,481.5154504458527,40526.028464602605,12,0
20.457309072589478,41.271094260157334,3.0753245761428505,476.048372641805,12694.778015612479,7,0
11.83899238957733,18.564232810669598,4.941344334985725,474.19428610249713,5651.918274050381,18,0
56.97439842868134,53.31242395926107,7.731844266603165,83.98910939347937,17065.58122735493,9,1
4.058554145183013,13.27905749439043,3.1427077872570983,176.1059833385067,16851.501753547916,7,0
6.173601363925565,47.69810760705269,3.910385708905598,489.76462190449945,11828.901124624961,14,0
12.038598535540238,56.63599586590842,3.0094468686361644,184.17913341783384,41981.113550890135,12,0
14.69599040114205,21.846185559647026,4.122244811807307,401.4498013453144,6794.711490925454,16,0
83.6536016677294,59.99626836445387,4.054210261085332,9679.170025780179,4837955.094888857,750,1
29.118816491271172,43.058328940088735,3.8709519186470893,79.44777782334818,17708.77523952118,2,0
80.40294242391951,56.07538014427891,3.1816227883315964,14334.86504403352,2055893.545303855,432,1
33.33600451034683,64.1235988907301,7.269665966550617,26.318054164326103,16863.551438001,7,1
99.25435788170515,91.16629729893262,2.432975979042294,44.10953113316808,806.7227329998655,2,1
95.40804604841983,95.53013673655008,3.24081916053378,34.85314103446489,700.5478237410016,2,1
35.481132899699006,27.46851654976848,4.296622086818062,287.5291619701402,23352.385354197162,12,0
27.60331840075212,49.5030391191555,2.798944924079356,291.45730172330855,33273.02459985493,1,0
17.585718129034795,35.82412699908642,4.482696567933001,453.4295718474992,28950.100555874633,9,0
0.258923119961727,52.02658430509656,3.678570052586194,359.6812335386848,1412.7423624496948,12,0
16.25749320333761,40.502269723494535,2.1216012068552716,41.81284448091057,30446.674772692182,11,0
53.106066119912725,57.35774457947863,7.71122611162819,14.67906204548374,15559.480052222169,6,1
95.44666110897303,59.38287328820786,3.7537236306386075,8692.93405396319,1364748.7935047087,383,1
52.75310240774337,42.15961148841539,7.950741792059271,39.429019537784285,6813.453212361132,2,1
5.229846258702273,28.238428856071565,3.8692764083859013,408.95515470215634,30509.70493140722,7,0
96.12932175970602,92.13288823778025,2.417738253613614,19.661235395989618,42.340013905561634,1,1
93.46469900205798,83.62682927471127,3.9660904027554365,11.643769790292552,338.24329357589164,1,1
87.89517624483447,79.9906908013039,3.070327056807195,14233.57711903461,1320002.1390298987,629,1
89.80956607498712,54.00515122216601,4.7194080635205475,11255.350164229982,1117105.9790675263,147,1
33.59083331485499,48.178569535790366,4.844115771347371,106.56737367308527,46565.36098209382,19,0
8.939270579479919,53.311317136249386,2.920741471140366,344.3702459810715,44848.912079577916,15,0
39.01115077591469,21.962262326433798,2.7836700081263164,454.2466596388053,46482.84081767639,15,0
36.20156599756906,41.02501831256464,7.046828657230751,43.831834131921426,13744.868235597294,1,1
29.572060969721534,12.880610133730894,3.997504644948171,120.57567061787738,1043.389118417826,19,0
86.60464330125362,71.18460619678606,3.8586889240726427,16063.868707337899,1673814.6238927594,326,1
6.2746453672174285,59.489705218048584,3.4759508801230963,470.982275867705,43815.252325404384,2,0
31.26794962749282,10.967000248347706,4.317514032984876,457.58274751630773,22205.982302950524,19,0
17.642889155823383,31.257655532926055,2.770018591801728,485.3557865525343,22460.393525240463,5,0
3.4308567740401408,14.941368443263212,2.423181137042487,273.02083468040325,19557.289179339703,2,0
6.004168007077584,19.927082470393906,3.080020354096379,184.3333961421236,12286.825903194063,12,0
98.64952219603754,57.163907754971945,3.4962387896938507,16723.359601887154,2567274.2441179277,210,1
33.24552633442763,59.89246985506179,4.47767479319893,33.644381408074224,2789.2825094506725,7,0
30.04327521398085,68.43938908467673,7.083806897790977,90.33895229294696,19439.30878092232,4,1
32.82974411034144,10.143021441089802,4.8994744878822845,384.3363981745968,48179.650860702895,5,0
25.204749883141893,59.41973920020954,3.4793186837434824,311.84420357457526,34600.44362856146,10,0
17.00590439683632,35.865370861652785,2.7414478808363394,485.69369883072727,30168.15614377339,11,0
35.851733904478124,19.849182523789473,4.966594323493059,463.96892475435004,36905.40916507519,2,0
17.29484131986441,20.420025983710723,2.6909398718419206,22.46919508591578,27081.80653008228,6,0
10.94428584121033,48.416476340229636,4.905265312554176,58.89392481855611,31902.05987567438,5,0
1.923931071519891,28.978332243136343,4.7425664727596715,303.94886498457294,37600.01126614955,12,0
22.73596396551028,12.45801296949401,4.764888303632649,291.5297869674076,36180.94508021966,18,0
23.680601683792716,37.447305889080376,2.5439119238731545,101.21928813501073,32278.103880338585,2,0
27.91910478342084,14.447783243011111,3.223861111814708,38.255153777943804,6892.371573456571,6,0
90.06042482060712,77.77836249430722,4.072719185830719,16311.756223875898,1893776.4969133888,968,1
48.23028401516386,44.37105592502426,7.241903996277274,96.67712747731909,16241.059023885598,6,1
28.592711534180076,26.047548201320883,3.5289988699797483,228.44910789208978,6883.418633719778,16,0
35.561329448567896,28.06278090158141,2.781535217369485,310.7331845946003,47512.695384543746,15,0
14.406771531001517,13.813296432288844,3.7274492008138123,342.7459205165276,26455.34648698879,5,0
33.63956642157917,73.34119706432358,7.128982044267944,28.147402258771073,9064.287690996449,9,1
59.259900633259896,31.575216319014157,7.885932239838805,24.204668461731345,5013.941953130001,9,1
27.65738364694188,26.531843150531856,3.469358604666294,132.16636525427762,1608.8033831328996,5,0
37.49092701536717,32.898787659545334,2.4242265230908107,198.36568679475064,32907.382314924194,6,0
96.78402027520893,90.34353384420534,3.2955008900883414,25.846198098729246,309.3264273201497,1,1
21.12551455441405,15.556493841819288,2.321692262012716,408.5306071770555,7391.02314996204,2,0
17.9350643887512,41.99726276717902,4.677738924870012,160.28212670304478,3519.098695031084,4,0
8.277201180084264,10.176094128166515,2.0418582478747984,439.0703463224612,11065.127521245853,18,0
15.18311158366895,19.655733006295797,4.6608977026644345,257.45787850776946,7611.023611055574,14,0
19.344809318211965,23.31782136631304,4.509894605295179,389.4246178308497,13784.111198063165,19,0
15.82029859955707,39.71544567688416,2.081903645723053,497.23897609626437,20755.258479777236,14,0
26.143305435322247,20.045298974571672,4.349085583119628,268.65765991531174,22918.122433954533,16,0
12.891176433049377,10.328710960663765,4.193857363769688,155.78783882839176,47847.93264337987,5,0
48.96072111396566,55.01562446064246,7.4007309772474485,34.46195733354209,6324.369706865181,2,1
4.248981180022664,53.800398005840314,3.262977175933869,463.1433392151442,7894.634536736122,3,0
33.74948624895567,56.64683365815111,4.143026905847437,359.1469075071139,27545.65272574922,6,0
23.57916042362418,39.46761349396155,3.7758006060225826,336.30250718126905,29264.820907300702,7,0
28.412375541888373,13.316510285437229,2.5350102353456427,180.70835704327334,31272.69010312266,5,0
90.20948294509066,50.94889255969878,3.182490031904483,15936.816764532916,4967354.629910663,807,1
25.86635715515643,36.97258237993547,3.209560725327631,54.15817598748839,18365.107807644203,12,0
25.44205662509058,23.915686884438788,4.03357444656777,192.3659483761482,46717.18242172053,18,0
34.577922283393356,50.79571823089496,2.6331317732428046,59.37614181362102,15429.437501031949,12,0
20.31050527481081,48.69242448389173,4.642357438247987,210.69043313930467,45408.8898610324,17,0
10.070353088929323,55.32072428653197,2.697942077166296,393.5639117458763,28336.50255019247,5,0
35.10157817121837,56.150804179947585,7.822689977906332,24.415262662693866,6168.423928698765,3,1
95.53396028126106,89.23105215772348,2.31354777752975,49.59046158980917,682.618415662122,1,1
69.23905276917608,76.25309254602736,7.782867860473507,27.06494559189928,13086.37588333225,8,1
35.06328155580523,19.907752170032992,4.897059636536545,240.0622682715519,42399.802479008315,9,0
23.65069766094743,55.16478492590183,2.7022541910731723,221.2195559304854,1416.8222600288773,10,0
34.34880928326288,31.69406143926359,2.3361300399766707,79.81104091407107,8037.786386804039,7,0
35.36073257074859,47.744969885267004,4.90803372374958,154.9120723138982,2337.9186523459234,8,0
7.341636092279069,24.388895534550585,2.0250769214421043,390.8853358114482,14063.525061970302,16,0
95.09172925536373,94.06323765736614,2.1433623144050005,12.91662066938114,756.9401372556832,3,1
24.295267800990523,35.022612631170674,4.525482451052177,485.33527454050915,14127.748622169822,9,0
27.41151820454638,21.000891436605507,3.4492126404371275,220.85980834598058,12296.688190503282,11,0
27.252190176838322,11.66040400011846,3.5310906278017287,402.91676140196097,28661.030637466403,12,0
19.481244005815498,35.66572444514319,4.567509897794691,104.00790467220386,4723.705281181892,5,0
21.267859950943624,37.583054891877566,3.3689279112261943,403.0278661724339,16251.25853413,10,0
39.45423040243351,73.15637071268989,7.809531476854677,23.98037748557227,14942.610203086042,2,1
38.08543391806049,52.40586859831531,2.994741188142675,14.408507163704856,18889.174429849525,9,0
34.268688317383955,41.27652335747357,3.4967528912727035,456.3660721119667,41371.71530066671,14,0
93.76739911346662,65.19504468650693,3.524232782985383,8452.981900360024,3045324.279028235,927,1
81.99511197076886,68.91766944455063,3.117189766681144,15677.670025277832,3227307.5975572383,372,1
0.7044397437918226,27.116278401155427,3.6053040104288776,111.42062780647795,10301.828645651856,8,0
1.0481028505788759,33.405574793205105,3.8908895087252033,287.206927203507,11147.497186786408,18,0
29.697978533629147,37.20542255841715,2.2338353007509584,439.35526900124927,44117.116104292654,14,0
36.97487799237174,78.32481310523417,7.318856110142427,28.232165121913898,10433.652370994372,9,1
23.643488287030983,21.95109065659065,3.7562523573094326,82.46911146981067,48017.72220969327,12,0
35.97393932127908,48.59824772434568,3.1654585169724614,497.92775519386146,38532.27280850703,17,0
32.90862873580213,55.27128662145013,3.376615490915129,441.8796849891427,18807.79472815925,13,0
11.85215429303867,41.49999925625521,2.262880117599453,179.37587100382297,2633.855616673757,10,0
37.96559360599914,58.50321388398991,2.0609751626006076,113.58072486858251,44555.23391031872,8,0
1.7541532124245007,14.8913397653975,3.8272875557753805,87.38728972744708,36243.80843613705,17,0
33.80462034314812,40.36155231445679,4.55400309060199,403.5660356362622,44117.26898865632,12,0
34.99787275001659,54.38832431814567,4.986260069551852,100.54947686418389,31791.430177140694,8,0
23.93633592285074,22.25005002916447,4.533124095209908,358.26035426908646,8915.065467367605,9,0
6.6588331145218005,50.53396548977975,4.687461816204717,418.510435729974,9840.445063067627,13,0
90.12707098103918,87.74904262897672,4.477847993957235,9198.723010541067,4309931.962287743,287,1
13.697931443878893,35.16642616407527,4.88337792754157,491.7344283824938,20942.308737302945,3,0
94.40744784346802,88.49009402195261,3.284043054470043,13129.972692300033,3162929.614690574,963,1
99.24720601137572,70.98557205397488,3.1104256684652842,11246.580360610915,4775045.123888548,656,1
7.0714170386027675,47.940582166049936,4.063353659079391,409.0161910329633,14659.249106381583,12,0
27.98348757764472,46.66513546599693,4.227704123994129,112.38224043570675,12926.961459802309,16,0
32.859172903714466,47.07617694757883,2.5208673209602273,345.8081239800546,29059.937559037295,7,0
9.147495764249559,34.35400715056507,4.531741955175843,78.02405907526456,27260.479712225064,2,0
21.97263299151778,15.461576835984783,2.0529867491309632,365.02234611858194,32908.01775003063,12,0
96.93691657188425,99.10315609210915,2.0539303920886125,5.3270123978398365,694.7594637830447,1,1
28.071975635450276,56.452920297808205,4.24926501039638,350.84334554512316,23015.002356228106,6,0
18.4995736727154,32.36273822778368,2.175400325195235,10.031381093396295,4545.729826476434,7,0
91.96989627879489,75.18601173899226,4.502215806467357,12957.079130984082,1140529.4958796408,619,1
2.784068297290685,55.707025160877905,4.586172025146516,436.2302437642437,11863.890415685088,3,0
15.313875223482878,39.570331727431906,3.4344048230742708,268.16200360087726,5714.675020435545,13,0
85.65903942387749,52.94583467291988,3.6399782017662554,5843.3783413600195,2646378.013980319,231,1
82.14367366431749,89.17302277340183,4.493408687666522,15866.55355985615,1641963.4556821405,189,1
99.32112520906738,86.67156177327792,3.3691672751704367,21.860974494468717,254.25275752182964,1,1
43.196615215730965,45.690174629203106,7.618148594487981,61.34450858315985,11354.076572138965,8,1
94.28812348072935,54.06877117680215,4.3684455558385515,14716.628803160953,1183292.6785476308,793,1
37.03715545359663,51.46410116306118,4.997277917739538,142.46345173312352,47310.501806845685,13,0
89.87286563368374,55.849138516420815,3.7302408998684213,13612.537979479457,3593838.7607077346,686,1
2.5890224871121648,30.815293200700957,3.8850739017816567,44.704610632323636,16771.511349297896,10,0
32.05207926044033,22.54261186909167,3.7071064144401307,367.0027409235828,4768.18595694106,4,0
85.40615345397973,60.96431981299171,3.5202094869318543,12323.148386574687,3208462.7739101285,136,1
24.64558560397469,40.123069633477286,3.3802676859943555,321.27446516573144,31135.49427974019,4,0
47.49228225807208,30.346031181276395,7.128141027617843,96.07727233563524,11721.115342132904,2,1
90.28971122536569,94.08371418375779,2.807376831491397,2.2644857827673115,958.641353495759,1,1
60.60399252988438,55.831613729447,7.436568367683514,89.51312455107727,5132.988224950027,3,1
33.72575632740984,45.845420094709134,3.4167224218009937,253.2586761513787,7239.562209313324,15,0
66.21935572247114,56.005404873067164,7.558068830260124,67.25581904458474,11477.238953479697,4,1
1.5708448499793137,26.31048262871097,3.494447517504503,370.0688846205884,17156.29342578548,3,0
40.35279146510975,40.3302252736491,7.592142269850185,96.83291222763549,15504.348699892023,6,1
29.289165152756436,51.10823531785338,2.191775225395789,269.69602992305266,33042.66755935353,12,0
18.677161461334947,37.80581602853455,3.228523400152774,271.20672490939626,12959.533183775598,15,0
20.066339587762073,25.40960065303349,4.574949897274376,131.67928814948772,40615.5349831415,3,0
97.9490168281828,88.54938138853338,3.365101956747816,27.32170636673103,444.8287485420204,2,1
99.49223551956322,97.65014898055577,3.4147692244043597,4.6258729579386095,109.30122700820355,2,1
1.0788651632805468,54.98745454374212,4.39545860149239,262.2931997713433,15228.820714835589,3,0
13.756631949767533,15.386984629157887,3.0842609289446874,281.7323172221862,36415.24531814851,19,0
35.286757940295836,48.678810737459166,3.2000362339413146,201.22027991855623,35761.429521332626,18,0
8.403214143439413,14.468601665049139,2.026970789018526,64.37730554077193,30765.543295156072,11,0
14.857611590993747,50.121410940558114,4.871093991870455,148.21028246878694,17130.98280270675,12,0
26.879716144647162,29.469788187075626,3.687878398538609,74.33374408076277,28389.68136821302,10,0
17.414952313665314,14.395255332502828,2.085919422588439,225.5895450668523,14317.989627389887,7,0
24.61370094541047,17.36280203898165,4.549145697821026,426.5723554558368,37761.05640916481,14,0
1.2084871220037918,37.66493372103291,4.223706171560176,284.3996420860772,40686.71072427434,10,0
7.897165514656441,56.49847471482437,4.385459464859738,361.7190234496485,46148.82400502884,9,0
92.20694734549969,81.12752366917371,3.6811167648887717,16910.388963435376,3480486.966866309,396,1
95.34875069377156,70.32396661457629,4.266277306018621,7796.187265690418,3395965.3979004994,807,1
0.32441023296275073,31.672327581551503,2.1670807790473776,155.1230215132883,7086.5612081866775,11,0
87.40428698722215,78.4540951823337,4.903110354423681,11742.600241424334,4354378.631424934,725,1
3.4908458749814164,11.279393068844481,2.7446751843532384,55.02817174322823,20803.906905808522,10,0
30.49136853958624,51.7785962191744,2.8184299610272,151.58622758210046,39533.06541050147,13,0
56.21805645884876,47.80636035667142,7.445937718933589,30.301539682659932,15369.927808307839,5,1
47.72955553610251,76.23162954938834,7.890988171121218,72.07064543451676,11451.1340314365,4,1
9.328578430626028,22.399726867455396,2.2848388449714085,398.73295837745525,29593.707291499333,19,0
43.843298267724066,53.293580914664524,7.411929041933457,28.28062832410042,5143.637724078304,9,1
4.313715884800473,34.74686064152406,2.5599273297909244,293.6420642443652,32055.81790270849,18,0
31.1764638627251,50.80486778996947,3.958264040135267,482.2049383762595,23421.085151634972,15,0
13.354627962876084,43.17179545958574,4.839842977410182,75.25130315399494,6711.568334343121,15,0
18.435295773548333,29.008128989585195,4.795361815055829,229.46933846038567,34749.71440788608,6,0
82.88303677137225,66.830797165952,3.723104684724872,12233.646846004058,1929781.6072187633,191,1
25.880845189069326,33.081995043448615,4.471513121460865,289.99231028750705,42667.7524873179,4,0
33.1743779166817,13.716169411300108,3.0977039979866245,245.56892081200792,4164.784206658951,1,0
67.23764521898516,64.66323144013938,7.374800598486056,39.86319399650977,12309.580954231009,2,1
11.884126127571841,20.35970898704394,3.914229464283017,277.58134283437647,12034.659266322971,4,0
3.453049778275088,44.74040568178753,4.7896922017905394,210.59227539786457,44104.40827509223,7,0
17.62875606264469,17.045420695458198,2.921365722613891,16.185932479725984,35426.887722083855,2,0
38.345369420547016,45.30943185982073,2.8596299957572304,29.408775145683958,12604.34835233032,7,0
82.28918721969667,85.4490852843092,4.926812178074542,12540.676453137443,4278935.011491429,346,1
94.3848502592259,95.75561349290923,3.34109360515979,32.68266475956148,507.1567037846211,3,1
48.12088810003776,54.43663781832786,7.557193251050552,94.23863535552236,9109.345400878414,4,1
89.12210995668124,89.53303502126292,4.281088132956202,11102.223611297739,3051158.617252201,851,1
2.020257461799062,32.160701497411196,3.6552364089496225,121.34419579281078,2322.3086477733423,11,0
7.083308346228017,35.653127412496104,4.209540532331462,213.55579915162122,39898.197224531075,18,0
91.92820843803064,81.32512771224583,4.384573419367589,15079.530976174214,1763525.2908698432,500,1
8.448630470396484,47.405937031912885,4.886924716989918,65.7009814370331,3624.6266435942234,14,0
64.59286231882659,69.55260533619662,7.298466198837961,20.74779376966648,6307.170916285744,1,1
28.628029232136324,31.907475718243084,3.9324684628747724,402.0160447838373,32051.4359768198,8,0
22.315457981276868,40.45374666979514,4.2104525359858185,402.202779997217,31053.412675325068,17,0
33.47421992755407,31.794224713460057,2.4055673816564975,251.94819080842927,31215.341001027144,19,0
39.24431176933696,40.62822431281782,4.844133336257025,145.68567583418374,35886.224639542794,7,0
35.82418659927039,27.134142648546003,4.723326083404408,463.422037765848,36885.317969208845,7,0
27.900001306788432,40.18446353358946,3.0162652375257757,283.93698303632937,2387.4544461731766,16,0
31.336611561627713,25.214830452664568,4.261270975019837,115.43569824526928,46554.5917251772,7,0
0.34141723642203914,57.97022782527431,3.3773421101169654,371.9782554167301,15953.006590125513,18,0
15.939652014635243,50.58799885876026,3.400703623984532,367.47195202799526,34438.52058891912,1,0
19.043219694691548,37.3160406374563,4.930365896921723,306.11750436527984,26586.420262678083,8,0
18.82449358242136,14.906065570279017,4.5118992810621945,398.6314932984175,13479.522827104056,14,0
89.7142742349887,77.9470594690755,3.9235473773499145,17108.466191206626,3045687.0107274354,984,1
13.577200787666474,12.921693866694985,2.204350111921255,421.51019747557837,24574.786094123716,7,0
84.09242534803283,59.09624502646162,3.3085358627853996,6013.766313548193,3823896.621808471,772,1
5.893019937942445,25.77429756636703,2.773727803553111,450.2195679540198,29069.629792984517,17,0
10.770373946156342,40.67833132980198,2.29569877282831,71.42680735848379,45962.19143032453,11,0
90.99000041584168,98.80863932226269,2.6806303451083107,41.92650567385328,344.18391113009193,4,1
48.46899837716118,47.904658539358095,7.561879818060707,60.861779029337164,16541.603993998968,4,1
1.2428703719256218,43.18977353221415,4.736209360211689,42.97605496395347,3363.9555494028923,13,0
30.124021062671073,26.0377395824314,3.6656454485402024,318.48780843254445,21242.310542669158,13,0
26.237706125043232,52.73061714127368,2.532654849988227,154.03576736783342,16154.702625744578,2,0
13.415441544642036,12.299019038441003,3.296422093508765,427.4036048630679,16947.735800545408,4,0
68.8669177332387,36.09961883971162,7.636865504886055,94.72243033079677,12783.331297113316,9,1
59.41885166600186,32.69623614632907,7.429519772431401,26.262311692894066,5268.2272714497985,9,1
15.363453552412217,28.351092910108623,2.585726941972542,67.80077020438827,5089.027244326107,6,0
37.23200150215813,54.34426791169388,2.2701055106394614,264.2765391429138,6050.491196757956,19,0
81.86126724534542,84.76389016893525,3.041189174334072,17382.894882034838,3684570.2394073163,501,1
94.88862616532303,60.90243213324604,4.293506074877033,9624.157803781298,2628851.9322295864,363,1
29.72297331467018,48.222299685953146,3.769989385948776,497.0907310479377,2673.3114361394296,12,0
34.6111903849975,38.31903115908841,7.874987860654995,47.56425696768544,6375.751108748286,6,1
27.044003532719966,56.563959438355724,2.2077448570504887,484.1117748869213,7695.819431582931,1,0
64.19160716485493,65.12460538490149,7.135025363237547,29.800072819956224,9386.577416469152,4,1
91.57008223671778,71.33640223870057,4.243058943423626,8661.804210114815,1130411.3702153843,992,1
26.257770960991174,21.50920014089583,2.5330468651676155,298.4050021397041,37783.40263811468,13,0
92.28439204829343,88.87588634270756,3.9915088106334897,12106.86199326671,4189620.2280451637,895,1
3.1615826983955397,33.773770428121054,4.654122328433767,356.33831358668743,47433.72647546256,8,0
19.5709383432054,48.374409890589256,2.8616055307842534,162.5308346303816,22606.596896408966,13,0
7.66382130389506,14.997927018770604,4.579184322750315,441.0230810497341,1886.0847459113716,11,0
1.29685904685374,49.12381205863315,2.61247486375206,443.25793009880147,46883.09746436681,13,0
7.124693640779558,40.70471581364872,2.9317346425995385,157.8268084741947,39429.083549496296,10,0
32.22509393730168,44.27581154281411,7.0615849672783755,23.730864429598192,5360.902380048848,1,1
97.10235268454504,52.329584159746,3.023961626213209,11938.442820842358,1960033.169193083,975,1
8.335609481864932,23.57700539260304,4.237979219356685,101.50069009894078,17866.997263304213,2,0
33.86163088828755,35.29933233035587,2.8842133280502296,31.442880918605553,33238.56927818343,8,0
92.46556379452142,56.59269026144847,4.1562003889561385,9767.407753202757,2879022.9125763373,498,1
32.29495773938777,32.30909027935839,3.384376881031165,128.9105357365765,31029.63963257463,5,0
5.438470976165162,12.6053857466927,2.8687570630970827,260.4551023327325,16190.643961560474,13,0
92.60093271828592,97.02270863964608,2.4290422463040526,35.985398401525586,46.778213318589444,1,1
36.747522523633045,47.89304433361653,3.776528538248859,152.1567472156995,6496.162476320607,7,0
2.4322012442522167,55.90308106843472,3.8698105524129556,159.35614136948107,33125.067229288514,14,0
13.702219382334526,45.29379542945116,4.018456687180832,124.12644568894464,25132.4860132033,9,0
33.82914609439427,36.05638046388545,4.110105364032806,128.39926492728284,47609.17506328816,9,0
10.246400552497729,22.595851271512913,3.0212207021095905,226.75708222344733,24584.132439007022,2,0
19.378960514858655,17.48876162939613,2.7263915773763263,209.33747478217379,35138.2385405849,6,0
97.7629452051803,82.5477669425195,3.715658487240053,16529.20684447945,1949647.4849155527,355,1
14.420743054594855,40.789850527092796,2.542268496434151,33.383015166516365,10863.772924907029,14,0
30.20533287069312,40.32341142055733,3.605360208651626,467.34449678321135,32464.544796395556,8,0
21.72161885269283,57.58036475046212,2.65199517994288,368.1680904775258,1428.217115482164,6,0
17.19262566813849,56.7078153537125,2.089242739462364,27.319671429593804,43432.32134445165,4,0
39.76585809320296,22.89894316538942,4.682570794581656,56.13593040882667,48836.365940872354,17,0
37.28427200090911,11.051246371289722,3.9912542233960395,65.27476082116667,30843.973596301174,12,0
91.68499947562303,81.4114073713405,3.099096754330943,21.020991337405032,323.91704252604944,2,1
37.462609428847415,11.245276199514006,3.576521196498926,465.1025150662113,36720.222426184926,9,0
30.722586176255696,44.638919599548494,4.195014393507362,35.77987326315491,41931.33188575622,9,0
20.606892401910347,40.692759680664594,3.156033078360596,405.577586887994,48883.58055777406,1,0
92.90168963829268,56.00140953200498,4.54559118901934,11293.94337417867,4927644.368477844,839,1
26.457819585525755,23.61654358102371,2.2960236076804303,61.50303657661418,41173.602114340116,18,0
8.140621346072434,46.50537516930822,4.7399876675639465,27.79796478949496,25680.77304739242,13,0
28.924731484103432,32.43720372152598,2.577838350460902,39.95040847664938,31092.508923501584,10,0
92.60644786489331,80.35838139214691,3.3168781814161816,9960.475777185997,3064040.964345171,617,1
27.81232188353657,55.647979652353186,2.5459575084223327,261.66118135866975,18009.528322878632,3,0
37.28547856502275,45.08118225830701,2.686328642985704,408.58781202834234,33498.23110008267,2,0
9.638366345715173,57.47420818621259,2.579403004097154,498.6924340994876,2922.0442723666656,10,0
30.594262450485683,32.44983865525448,4.5910847399522785,495.4434339092069,23904.977786894156,2,0
22.333639066549612,15.65380634730443,4.974059075820521,25.1260214985591,25905.25483526601,8,0
99.98928287467294,86.09593338275147,2.956350331010752,39.89485290850758,516.7757880088097,4,1
27.397448141812898,20.76544189534615,2.6529806152694104,135.8007158884163,43639.782671128494,14,0
3.7301180697071423,31.820408528660117,3.3660377476154064,163.85465660714678,6901.99357572271,17,0
22.615817440237315,39.713154514284994,4.3257778438926096,143.98731637438405,40197.57143119489,16,0
39.98759780706372,36.678610721632225,4.498386467885172,62.85405259904992,17258.86740109318,15,0
33.764411327911034,25.227291421007948,4.2987340343635845,25.274692618510215,3714.902286263418,1,0
83.16619239217727,75.76556335928265,4.782723905478055,9089.856601554846,4360317.141494432,720,1
37.177813083906244,31.246393659364198,3.241822252656665,388.1556710533472,5125.181551403885,18,0
23.382547849172752,12.853261162397558,4.1334885890724244,327.9586139527196,49666.24973828964,5,0
30.987196026766203,28.64765916799575,4.97776030146209,437.8196283870911,17548.080309738016,19,0
59.41813812677762,72.73629104574769,7.237546534475804,47.98367233990474,5830.043130056525,1,1
37.36044240983429,68.15542963301411,7.757882805519257,40.122114385160835,13587.955558685908,8,1
80.08845073089432,72.18815264763468,4.909756319553795,13490.730221664662,1484315.7607289243,846,1
10.147324149268382,31.19924434891704,4.370412198971257,427.0732699979738,3618.234463676799,4,0
95.78034380178252,96.72165728737676,2.9603079329893798,16.687310377157445,805.9638524374338,2,1
11.150602522908581,48.22739293990897,2.866171910324349,157.48687077325354,11079.789239968242,6,0
19.737015761736792,36.42483914439561,4.141095966874844,55.914128459604655,16279.40945846957,3,0
39.85341035959528,21.443816972463367,4.5226682055920335,297.89530112855215,3578.525713083508,8,0
95.56407468824749,67.01658334758504,4.341530002348003,12499.556831169732,3205867.8411402404,854,1
85.99759292099088,89.73383954106548,4.167101256128284,18611.870995154768,3089329.86548611,641,1
92.59644696768743,83.98249793953899,2.0567607247920567,37.73901723135904,772.6744677510153,2,1
92.31699395082946,86.705711739982,2.2563154351105332,30.56277476575947,658.6900054732712,1,1
36.52676905208066,27.62185187622547,3.908030399009457,180.08843410441747,44279.423755390344,16,0
17.410746265012136,34.608609419709886,2.2931428161078977,14.926964114840315,44214.91096206128,11,0
16.722290282406682,29.114790072615133,3.682964259930735,149.16851019460623,28558.924765972617,4,0
56.87206065938166,34.46634747385309,7.760993823027842,62.08225862895081,12065.750220858019,6,1
88.56404197880194,71.18110896558139,4.901619687870035,16607.04188785972,4055703.8871121756,229,1
97.28318573930132,63.22589597067534,4.301787268677693,12394.276212956147,4517033.64037752,325,1
15.610632153144625,42.12394865397689,4.362209211821442,423.969893930413,7777.151383869774,5,0
6.917526281685955,58.269235094799086,4.933185304846329,201.13427416979948,31590.99075707992,17,0
37.13517873111789,40.72747217705276,2.4604172977500434,69.37566308063023,42949.951799255585,8,0
23.22566566167206,18.61242715264418,4.335117987865271,88.70687538624102,43892.01970183465,16,0
38.659037221038695,33.5277680901163,4.821524391689724,79.62892731649076,36493.65385306526,7,0
91.23166696234227,86.69152754755213,2.2826736944382473,33.91778377886718,369.10761188525146,3,1
8.17154313617172,49.78876365642931,4.455777087254793,208.8736405651775,6491.820987435176,19,0
49.41995918705459,41.382020084653526,7.670208099452342,30.341277024695128,17740.48679643144,8,1
39.92014826751978,39.02424256825001,2.1766893735224824,302.03740540773447,8236.725769578541,17,0
29.17574464842302,48.91926343042993,3.238502877167081,69.26260122693344,10648.469138126415,5,0
25.002144469900315,31.96056653479052,4.434445706386492,113.60075030667926,14484.504894601136,15,0
30.908335965714727,45.86696212204378,3.952741425153258,459.3553305861632,3997.299532712206,19,0
30.065337652805724,16.3527113751004,4.701891872491066,281.3066435065523,3406.8107363879603,11,0
67.13458577356448,78.66475983310603,7.447021177528193,88.83031532731542,12147.078234834198,3,1
14.165486386816628,18.655330642290753,4.461773627093593,317.3357663827584,11286.981676521034,17,0
89.08829193556312,50.950059267193865,3.9999765386897783,12963.906003199789,2610025.198458234,784,1
15.151830943986727,35.00507193529204,3.0640153164018384,327.63418627406577,28603.060310396828,11,0
20.81535507598522,57.572446102723156,4.933918204373976,27.858775055415855,13123.972190207862,6,0
0.48716221794960823,50.88367982468979,2.193467073351166,330.26606689875825,28190.3183495814,18,0
8.259896488481825,31.99431144186021,3.4673172688729954,103.89245786808615,1518.7430017179822,19,0
13.294558639146366,35.55702704918093,3.966614475130296,425.7059798823221,23235.791607350147,17,0
26.352158796220614,13.265891698695434,4.904797918574961,161.084009518061,32915.20991567915,7,0
28.983266594850832,23.306775189710617,4.283648103591872,262.6565643532018,14024.5292374634,15,0
2.10917839995294,18.557494370595222,2.435365988292185,354.09457503669705,41717.27772036711,7,0
22.664336787442387,36.828733525741306,2.4139621828238247,463.66058983783705,11498.77913334387,13,0
56.20719296132664,64.34857863753714,7.215708563393828,19.403610595593136,18732.490775895432,6,1
6.694847812403117,32.62337902460048,2.2973770721637,185.42514879248938,32524.547501825673,8,0
90.73952296076365,89.8000712375193,2.331271619700183,27.629801050436775,209.1803256026069,1,1
20.986543456842472,52.56142239475713,3.5841904934275313,262.3853447085749,36623.03736075861,8,0
35.085635686804935,16.561689947241245,4.388378241084454,210.79185973054072,45796.643939297435,17,0
32.036863161279385,28.64528033576134,2.45285871815889,304.2767443472513,24387.615300198628,5,0
37.75599803121111,75.84434796004213,7.933519611831449,38.48710504900718,6260.011412200635,4,1
35.027190316061365,19.519163463316197,3.4909833271784136,179.63941936621114,45184.34464990927,13,0
36.70294824764171,23.92368510143835,4.876895792302981,408.428391108527,49281.27453574386,18,0
28.742423617296136,19.912103647036105,3.309024047130972,296.8170165829618,38979.68241138991,9,0
22.259262072263667,24.070359112444493,4.618850136283741,165.80726838465137,15811.126973257302,17,0
22.107752328453998,40.393013971691204,2.890463009677954,466.63796097531684,38748.66549793976,8,0
35.935868034892636,13.202389201525808,4.1894980651692615,396.1434829000062,17404.450033144007,5,0
15.742771515080051,59.1383510145104,2.7176068939433753,132.03932589425958,19729.4941491684,18,0
85.28924065821654,67.68006117622771,3.975368593950705,17685.994155074095,3341763.9993430595,448,1
26.27301678726754,34.7689723266369,4.283435579187844,398.77851924812376,34998.16995281121,4,0
4.359753404254363,39.23618778632425,4.526779450937434,160.83114855976223,2129.577590645767,15,0
93.3853158741018,94.03753049479882,2.820111779031162,4.661384504916399,280.65498585254255,4,1
97.08640637735354,50.534004709399746,3.4667456991396497,7725.988421691693,2718977.7483902597,489,1
34.58070962087864,71.553193494949,7.738980380165829,13.185864925694858,6512.333535921858,9,1
29.437941682449605,43.40305900345131,4.4007882297132985,80.93843158877148,31800.37821414595,4,0
29.358307322124517,13.209802664971074,4.0417890862495875,264.829098995634,27575.05772552252,2,0
27.695780225326693,11.009623721129572,2.7283335119505905,452.0320064648255,42485.78846242998,7,0
83.77397578766396,75.49155398004501,3.725218857640125,15005.855029334454,1807226.2870208388,235,1
38.64738623436974,45.023971780605216,7.057616304845926,64.67864426671798,13023.993663860767,3,1
28.398543981680234,16.157945161145957,2.6211581055445063,286.67972939795567,17495.92371951758,12,0
82.15019028140436,63.94034272336735,4.626651464109027,18572.82095574487,3238907.1111616576,810,1
92.01039675786585,89.12434317543737,3.2709849019454236,41.54880499091112,279.9926123827966,1,1
35.71734825669282,40.49545672898779,7.397757167201312,58.72155901594564,18110.55110102011,7,1
94.66377700571864,88.00576602574591,3.923871779622702,42.821067232459235,399.15063216678357,2,1
17.186155430926277,34.96578741334814,3.471677047858882,138.3781132087223,20164.892264094364,1,0
12.012790373417106,26.116115111572793,2.6490959388721347,339.1655948110121,42487.33648321988,6,0
6.750188259129408,19.845580598404744,4.188128371037289,324.6927375459619,22672.924003387743,14,0
94.28903147648475,78.56880001562004,4.768837601901988,5502.204187980435,1062131.1719457617,542,1
14.000770366991722,52.35692275724189,3.4216408937476652,259.8749337241883,48923.721034935406,8,0
23.459145904953598,22.14498527085709,3.7184192976925363,141.4645482942061,47075.03240769968,9,0
33.31210136873079,20.69224804496129,3.5399474227435395,156.7848376606204,21085.578828017566,2,0
28.257692212417574,15.66990792087304,3.335070556240927,21.064478552582614,43623.65957553727,4,0
81.33634234331238,68.65781060914094,3.9190547107709395,19066.076104844877,3539277.926552564,908,1
81.03402185839117,56.502750615458034,4.840480955008376,16333.43416822895,4939015.7379050385,909,1
21.140847191826623,24.398505644000835,3.7137097726346133,359.5787197242765,46872.23574607998,12,0
94.95353023016838,99.9088520633155,2.805499165478711,5.086586037971741,910.4560253147791,4,1
11.054113398480663,43.090110701783836,3.652250209780849,91.10385636740504,18659.851393744757,8,0
31.126344911014527,37.45487702226702,2.6367375124344457,59.22337308061694,28891.281735014272,17,0
18.920474476746932,41.25678234458593,3.9658943436856466,119.72498884341208,6057.654868912167,3,0
21.919270941689728,43.912870577055024,4.503459818079385,121.02724609046163,7684.223541656716,2,0
83.06131213966268,89.8058119417831,4.371133957977758,14912.707380584512,4902945.378622286,804,1
37.06173323650356,52.95357384743696,7.8431516525879355,28.742413367378347,8586.560431334441,9,1
84.50518959142444,65.55172635207819,3.4100337533863705,19008.134024734456,2552813.2245786693,239,1
35.42499703204595,27.535818898961004,3.168614248289538,79.69549105338217,37305.19679550193,10,0
29.862608800151392,22.03567370381773,2.0985854143648144,497.1317629585747,35962.8649069349,14,0
14.421575686916395,12.228117728355661,4.643332005834889,178.49531550782484,47210.206936470495,2,0
1.28017908341588,56.567686904768685,3.4541705848882858,424.03513865797987,43967.92401544844,2,0
2.8390353090705966,59.11657766627468,2.0282604228415995,497.7231853389103,4786.823959288728,4,0
87.92258105101374,71.65079429697269,4.565972869097888,17348.7891107046,3569815.738250103,461,1
99.82583892733226,93.78791072452753,3.7890322648495314,3.608196999268609,897.9338567298576,3,1
21.2847232482134,29.81284248766598,4.8711681396574695,119.53107500754938,15581.856876872,16,0
21.11760305340414,54.87666118383514,2.457978822920259,443.50249017169676,1601.7830902996793,7,0
12.87171234358999,15.559911715653627,3.271431169586953,24.764289667868603,44456.90604649687,5,0
0.6616390874599976,11.59544677942951,3.7477022611748882,279.8979558052818,1637.1982010954641,13,0
84.85831375411755,66.40678372361845,4.557364251709231,19108.903230982854,3311494.1316624912,381,1
90.48832523324113,87.51286676958915,3.729101789613485,8232.214762190859,1636519.7219954664,958,1
5.98119086399123,30.87400819279522,2.509984725989601,284.35770402162547,28200.821856924045,17,0
65.82700181421157,42.01134331638677,7.709781330683227,63.9374515383048,11671.470747738575,7,1
32.444496809437254,10.074338421344333,4.957724726062798,121.83955432210864,33827.12134022877,19,0
39.15282681928679,38.648807273997846,4.616180921540054,482.2818537235375,20573.603923154595,17,0
27.286128522825244,48.155721020265524,4.543684905679331,130.246328855031,31137.01168044084,3,0
7.920637134939157,56.2877517001034,3.5897057778341535,123.30980864538812,10709.863346105712,11,0
89.5662300884865,84.8514901326609,3.9416629176653233,10761.298924372173,3678485.003114895,736,1
36.23226848337419,16.06094322148133,4.530232528245178,455.89428660487744,14145.866963293955,17,0
3.255290199976817,13.37967310420883,3.1810381865663646,128.8348069795263,33825.69770833324,16,0
7.5655143758168375,40.298575579040346,2.200951246859203,476.0216271022103,39363.87577808453,10,0
15.964659349188617,20.324375481733227,3.3338916404854486,429.33468213220607,47096.92126679748,15,0
13.713454427681565,20.27082428324455,2.6400152048324657,77.61252025726621,10223.119699094676,18,0
28.15779315477353,27.500371016497063,3.816000403521925,313.9503883249621,13035.399782888471,10,0
23.293037580027416,26.396695966338097,3.775264369791711,164.62586589211907,46304.250768829275,1,0
97.85048234799862,80.058227065544,3.4745846798908517,10002.555155785887,1672462.7702176855,396,1
6.7368712938655095,15.104780713103107,3.4799733112984015,325.98599148864025,38302.57098925977,11,0
8.006421023811061,13.167999093421443,4.27692215168457,313.0425455711947,12295.19532266881,19,0
2.737928962272389,57.907455728170746,3.84961927043112,275.6888057692653,5576.030887040798,12,0
36.48516169321568,77.89409602318563,7.063277875301944,42.72853106481537,19130.230014502707,7,1
30.63397080028348,70.92482151155549,7.463788873632808,31.53517162197002,10814.482105839264,1,1
16.250584025605086,41.11185913496287,3.267350125405692,26.988865534210692,38734.55405679309,5,0
92.62923239745282,93.56262163789326,3.9724166308198496,30.99844833759161,274.7471281078744,2,1
34.86633295862221,17.478339095511394,4.771007133029105,486.37033029058387,29646.18199561584,11,0
19.123535958628928,36.45005051142272,4.494474072627888,498.8262784030302,19307.06008248193,1,0
20.834306777623986,21.971162605252033,4.004546148478861,392.043458357836,6822.346570781437,9,0
32.42389004522282,57.98609315116876,7.771959384691719,93.7219814973858,14511.495637524547,4,1
15.585813219886418,10.457017400476095,3.006031181523615,27.3588077475368,12578.15333488864,8,0
99.07514932280955,97.48871896612513,3.321098308155632,45.96771382656625,359.2980573352451,1,1
12.226626283375403,59.94199825447071,3.0700185800983277,100.18774812462317,40332.233365433574,15,0
26.404265421631653,58.579098091832876,3.729083478375874,301.0459467865933,21347.017716949365,8,0
32.312131731997994,43.89227897731287,4.082762577298572,130.89039083658076,7680.095522168822,17,0
39.87729958483001,14.836453961778897,4.302073612726664,286.34088223176985,23642.559535058837,17,0
15.743034724248384,15.932922881952347,3.900090274549115,197.6887707327176,17056.485105484753,17,0
90.54050989922722,89.15400285266017,2.4352692493114114,45.221585710119555,852.8727373609481,2,1
23.232521119052265,29.825709094115577,4.7854597710872415,408.8393364102719,46907.659479381124,11,0
24.090498912061058,39.94937175184196,4.595006727662621,442.4840320557251,6767.11458654227,6,0
29.109116312758108,17.68097218771467,4.318913162339147,429.83582096631847,46026.73646747254,11,0
90.24357478518,59.53360023837703,3.029505127604715,13537.496248480023,1897064.0454157884,430,1
90.34178554332871,83.03641509924172,2.226486691953461,41.62683104404966,230.0140767723552,1,1
97.72878987020863,92.81815063017214,3.2594814913719126,31.819518307036716,637.2316968225341,1,1
80.63007899673335,53.11059089096821,3.782320512464412,10711.538311952743,4271340.162841849,160,1
24.299865943227452,46.05100866890531,3.938310481194582,324.4286770507296,45705.9408023605,6,0
62.36533253194148,35.75275854153644,7.9927484613076425,69.81716047188911,12578.217192905311,2,1
23.328071476907084,52.96431317720838,3.1687370082513837,284.51163784870766,22068.250151950713,9,0
15.712044892908148,18.843878021252273,2.8158603488817167,374.51569439686,32615.319498881123,3,0
12.363034249875762,41.16589902303663,2.1148126617255425,365.6364780228507,43579.090801277365,6,0
9.663686923078973,53.86956640791057,2.38098065968599,148.77818298377738,46762.48876583193,4,0
81.35909539827439,67.23788965811545,3.4341888643255034,5920.545359278685,1278684.0707918964,935,1
95.22643724069694,63.92544505155369,4.067930731581419,7193.471156346319,4727723.702561509,566,1
21.799040884394113,18.771732750820266,3.2685806359669782,114.82231220041864,18096.9924578902,8,0
11.992824267816445,54.41776919729807,4.2762702352774555,383.56663327459546,39211.385405975336,12,0
56.66530415294787,65.9378607862937,7.165467254743741,19.684455817691525,19941.753187352308,9,1
30.525822915923797,74.5967275855089,7.49009858882641,22.27504022222553,18392.939747760713,9,1
28.24622188764743,52.74761755230048,4.092356016719043,213.18496940872924,36521.33472580494,16,0
80.55189936824088,88.28931303547152,4.609491765182362,12134.377225996337,4973201.439188962,854,1
36.949951203678395,10.154005031171089,4.112081033175453,57.544836431358526,13742.539107029552,11,0
67.61683882818481,62.237309353626856,7.267183653719837,53.72202466389279,13676.0123559032,7,1
94.62635534855235,86.51585242289158,3.641716257183439,41.70273174170147,375.7422563655173,1,1
38.247229647636765,10.533055295677975,4.9843077496312596,36.148954779485294,28125.366844944685,16,0
92.28237722887691,98.13021008354923,2.91891277173601,34.51866846327593,773.7838288916302,1,1
31.462061645079107,65.86647485111294,7.811103798884519,97.62036040023557,7947.716839822365,6,1
8.83931581026982,54.80268461016866,3.9082144201078055,135.32103629476913,24787.344055051053,10,0
30.442999583866772,31.580186423327497,3.967887787426412,54.60750453980976,9617.20386565163,16,0
85.25305936324338,65.80176763185229,4.948828050113319,10127.505845054302,2276150.160143031,436,1
10.261579170551052,35.07515734502421,3.0827752570703377,333.9263535430487,43874.245421056075,9,0
23.915110281654425,47.66805649515291,2.321418915195443,40.91458740087582,24313.89709068062,18,0
35.461052769057495,45.26418493075904,3.266963710562635,304.6089051864138,25100.979154581484,4,0
91.48847518481074,90.86638584604691,3.556742287194149,43.09113201253198,169.15864297220784,3,1
23.63783371019574,44.42218323804732,4.527151418375464,343.6754367530684,36470.288805046745,17,0
14.381662534487457,53.859706130027476,3.686236871282274,482.18626384271914,36331.792504774574,4,0
4.979224066782293,30.64685165971354,3.8293261910856975,473.4081158934438,18920.484902476168,9,0
9.69856785599176,29.33360050787031,3.5277341461815945,390.76716107250473,47862.957282623305,9,0
92.1344907567918,87.96353146716963,3.2954650732374566,48.17955732527257,47.724724285622244,4,1
53.77962147275841,51.567258298712986,7.620585772502619,67.35267629257869,13214.036297668907,8,1
27.18441867677551,43.2776448468743,2.772250114746302,54.4641538245518,3624.185013863754,17,0
35.92931119559058,27.64218057313839,2.669549715209104,220.1379785956282,16723.602574646036,9,0
16.22560846352098,51.68998632699669,2.3941085663774166,487.82135955144935,9657.867955640475,5,0
33.41102470673442,43.13219621223158,4.704163201113397,314.6533345832622,35240.81498629039,11,0
12.824729316659273,16.88381928931632,3.1840248013448127,425.8352945578971,39473.1188561491,5,0
97.36432540182993,89.93679222394374,2.6068571488799,8.714885233886132,944.6809174598312,3,1
15.225856953486904,11.797264852715308,4.257609199732474,144.527770948344,14172.969308211308,11,0
9.411282702392727,20.904042303315777,4.508282301961403,499.7863382001325,43381.15746540087,17,0
7.948921138895364,31.609552521883046,2.6961917625417886,240.21819174585073,6875.960035798268,4,0
34.478911329021244,43.73230352560371,3.0315646089206982,454.124621857171,20314.457416790676,8,0
35.876533240551424,30.56883813560711,3.858181476704392,266.3808969557338,39358.53457034337,19,0
67.42039201910652,50.352187361201814,7.36422064811325,32.168105280632794,7695.957847285654,2,1
2.514619566864029,34.350577982664404,3.295169432309198,363.2067009644701,35900.431832030765,13,0
95.15344568747973,83.62938507101515,3.1616811105966267,9150.573230749838,4132402.5308740195,904,1
5.465177282290314,40.51922713980983,3.8253105724104692,170.84922820449304,7518.474184675375,15,0
93.51813332875787,52.36601776420792,3.162271196320836,16739.082373812937,3248575.9117235537,697,1
14.216118599132365,18.580192963386125,2.9234139687351752,87.934129241964,30813.354495434727,16,0
99.360965700549,53.558890271695404,4.892529170703263,18729.228546005488,4348881.033066325,930,1
5.279854062747353,33.48607403313456,2.8355955609950017,459.62196231540634,1177.3859720159498,3,0
37.822037516072875,55.137258217069245,2.382361794432769,484.7120548230296,41975.273010617224,8,0
11.024449140610031,42.81375838903263,3.0473907872901123,90.98705371887809,46357.256528028774,7,0
24.348612677771712,41.464183288337715,2.7826304691996473,160.91879374666684,45471.086844271944,16,0
13.559435797876676,34.192460782645654,4.794233742825941,367.23012888628233,13212.576136804711,9,0
22.57395181796351,36.56186241651493,3.741982239256589,319.6678477935007,14932.253131041274,10,0
25.45022516340441,19.436890223868883,2.8148062596309025,271.8124862489022,26997.08799884348,15,0
4.448899959716339,54.87639747054298,2.1174961538327635,499.4019331397714,47826.435286926775,8,0
25.509340644514502,37.968586903004166,2.117619586769274,444.6654865753376,16176.82754106641,14,0
99.09593255991105,87.9789192789725,2.435525981063228,42.411243600012355,473.453496113881,3,1
99.5341911670152,87.34470732578548,3.600625355411047,18.84330599571517,490.4701594654937,3,1
99.40765311458927,98.59590633191897,3.4094661049719246,3.7056982002824315,839.2617694157498,2,1
92.7303010143911,98.70943539189146,3.607081453962953,24.846668293140638,974.0406763006823,2,1
6.494234334801678,13.677356510491892,4.056459741635888,102.49318614650862,9140.04756785959,10,0
28.846831450715076,19.150700558764896,4.176101512787828,494.5221338033958,37487.09453422821,8,0
99.96782998415452,87.72334124142444,2.3626167013305412,35.79655798055561,147.35419733063836,2,1
14.063126324785905,35.539953425132865,2.0702680183071385,420.6879270628364,44501.7018636707,1,0
69.17991309781488,60.4827449614648,7.274588677269913,42.21441993049191,9867.20992777733,4,1
94.22909132182257,90.09383411756144,2.7042459207028897,26.64825323852619,429.79289852999915,4,1
10.104975636742797,41.48585081549156,4.283497204843524,149.63341452769686,11482.6423481997,2,0
10.158796458824945,23.539868994737517,2.2922080461251504,90.01696240302564,8396.34640608513,3,0
31.298017010407477,27.585948049744633,2.6481642300556043,457.41439657242455,24000.965783990716,19,0
37.372805366770876,45.394455667238276,4.387629710220575,470.8767261405001,23433.492743219816,2,0
38.69669446565381,58.81303967134743,3.597550625179152,320.50097553390833,44180.44199233003,19,0
93.64931922017314,84.17101783669497,2.624816830008387,6.110788298855802,605.1786215076298,3,1
17.238046181071468,27.002226377918866,2.110958496492374,466.1670403232745,6731.520470746979,3,0
38.826593482459806,32.0377638941163,4.284894475993468,480.6455640354786,40172.03408517346,17,0
96.48614752457505,70.65038430489223,3.3100192622566276,7562.902971486337,1537398.290393998,939,1
37.47211212824122,58.79452276946516,2.028408747214875,470.74673278222093,4025.206404024616,2,0
10.303857680191841,11.34881227524422,4.790736779216463,92.60875141504205,46902.99433602769,3,0
90.01635067700731,96.13426774783491,2.4314253991766726,27.287268151461042,115.6733749702067,3,1
5.518788270917443,17.779101967869718,2.764094243813348,174.05280072286266,12588.296381800701,19,0
21.0641967677047,46.55047629250888,2.5293543039370716,191.75851257025246,44848.35851511984,4,0
35.45876060185685,39.01332771083497,4.322019688391937,88.5341278875676,16521.16269212286,10,0
97.31167353146752,80.49186646917677,2.976632451116913,6.743004280095299,505.93971024775783,3,1
68.95632256907737,60.6040312926202,7.056017890346042,93.88772658212037,6332.8853520942275,3,1
25.52760909257848,19.69761343947929,4.764776525571202,393.2503304758784,24003.55649812313,2,0
27.51150707773146,46.976848693989304,4.153154130008839,293.92998522686236,12683.990323658256,16,0
95.91557126109161,83.5596572407111,3.7417509631011248,5.975906049252844,565.7291478667831,2,1
88.60723024423271,82.57873414971947,3.0690639806629,12505.28172964666,1143861.014647983,848,1
4.899612292839115,58.83589513792479,3.094562389939477,94.39442783796986,11719.793831978664,18,0
6.891128426649673,18.918272986296593,3.8876771547373914,93.11945098587668,39786.04958789774,1,0
39.80269197988375,12.01106574157437,4.905265697599703,469.407147265083,5368.511126237996,8,0
93.70304489620338,69.47218994862556,4.20080882826811,19443.018777987403,1590551.9927888885,962,1
35.704041641033996,21.621007894595685,3.0073489019682214,365.6964489647526,22505.995610652866,10,0
89.18517445651851,50.48021950836556,4.92935152027998,10781.809241486786,2716545.5891802115,908,1
84.13604208853997,76.64801280501307,4.728893415545178,18317.108585619648,2870386.544793753,887,1
33.34359189132819,10.643921023931238,3.5604368427880373,115.03899438167238,9108.118400880663,3,0
50.830499383243506,59.93173459923571,7.480117222221824,68.58487128020869,14340.765557740113,5,1
5.2235366438452635,28.83452414308987,4.175123738620867,454.71802236056527,17246.35791911815,9,0
38.66427724011926,24.97662416648678,2.429143596536319,278.641402105096,16492.813497643147,11,0
90.18143644725977,87.14480645326499,3.8715220010572686,30.031728492305533,931.9632155346414,2,1
83.48152659345413,63.189808253287715,3.0071415405276474,18611.64459068649,2291009.348638676,658,1
5.059406161799824,19.410495368178204,2.9040375742750033,391.25435993123995,19912.62493665974,2,0
82.33823120825308,62.631014794426484,4.5421349385661145,17464.20724168133,4581514.676346242,716,1
80.74401781803914,83.19963734551318,4.478693540759713,12841.948944144951,2045023.0431749802,802,1
12.961375219711492,39.06483300822879,2.155168469065848,130.02550601332226,4413.680036513109,9,0
96.10965030034517,98.31877235363345,2.2489421526340205,30.87154131534754,776.4945038367885,4,1
18.523458525708,16.985686029483222,3.928621195351819,393.23234912830594,16046.807813035277,6,0
31.212801272156547,32.49069233593801,3.8971957585438504,497.86137109510076,25532.868957114275,5,0
33.698721418729754,36.429046427989476,2.011532264205396,243.9260119743672,10464.493735488564,10,0
86.09157816661323,69.02950482631583,3.482278577698499,10349.20004357747,3572428.1258845,608,1
3.420992554428195,28.943129895407612,2.7102976185542387,23.47400944339185,13766.939133140711,13,0
1.3004850537441737,33.095158726246254,3.9283998669437112,257.55424024992067,39229.85125212374,18,0
7.113138308401297,48.218630558380205,4.864120813995031,161.17984620872156,3310.0223578184446,11,0
9.095511875045283,16.73090649391336,2.4253381978224255,463.9991663592735,47980.09362177388,5,0
87.70907050090946,69.70874573449461,4.529123145921689,5164.474874329686,2585912.107836875,826,1
34.223819634514506,14.28986584350538,3.434128670318084,49.68598399291487,30072.34192775633,8,0
11.47730354664327,56.12951453923891,2.597816560195239,207.8816916799404,34364.871234143655,4,0
12.734745343691124,46.831920652807185,2.8074317100837347,289.72050947061655,21443.215794693144,18,0
37.40743128509175,18.000761135295782,3.4523384871246527,226.45631399050106,3249.7458617101706,5,0
11.478238499843009,21.00030706597193,2.295507828315164,326.17359772885436,35618.62570010313,17,0
38.81829187135913,55.223402099965966,7.244057754558783,72.26851737397448,11360.083163845526,5,1
99.61941989235666,96.58894685482366,2.6923286966929156,23.43475321778304,59.214064041820166,1,1
5.308180016131914,19.65869268662829,2.204941543567948,35.52321462982318,1248.3837691713184,15,0
93.47769855461677,88.19746297328177,2.578256181736835,2.0731577136456014,352.1604807478711,2,1
3.314262416741798,50.958352214807476,4.527293739399978,81.93417323037974,48835.67903207769,12,0
32.22243229035264,43.1477458870405,3.6405225901570013,357.58302609240434,7897.28548610488,7,0
82.74405190118814,59.702869741498375,4.395306523807367,19926.178265144015,2035678.5335764189,176,1
39.77121015487816,45.627449620172065,4.196565698995235,32.40784026008611,18444.32471500284,15,0
25.346954029901827,49.008369289120324,2.765870129837986,144.75565784673174,30792.89588842778,5,0
31.197724769712632,54.965131161438656,4.891743499518279,346.3267637139812,42907.64460480085,19,0
0.1587857939742321,53.71055254539369,4.753312964158393,409.63061442504363,40919.15843004113,8,0
4.528708483273967,43.603701323062225,4.052998671093226,473.66991371289987,47619.00187996893,16,0
99.16504119326882,50.67614119480622,3.3193239778515853,6704.696423785201,2494763.0880837142,279,1
19.19275241197485,24.75467090531633,4.320286071729095,117.87274072579304,1736.521111301999,7,0
26.55157561818895,47.293703693719145,4.704811601959987,308.71787347396656,5080.427519981424,2,0
95.55112928580193,84.12191418839382,4.468260039532623,7724.921920117335,1983105.1186993567,559,1
15.148081783425997,18.996513544506442,4.687554730244084,423.95427755611496,15659.739619727607,2,0
36.328828535284124,14.22260341949421,3.2129586256800273,288.8605098633396,29605.93958632434,11,0
33.802062666778056,62.08157247257841,7.006074978686758,61.070107874992,6932.1667715750555,8,1
95.20725090715408,90.39024911402731,3.2414721474969466,9.7748697556647,809.2107313220888,1,1
38.72327421375183,22.023893227700682,3.864150127460347,13.020451576064684,20982.236952415802,7,0
15.994181597825733,30.006435200305916,2.75698836753117,199.22596553665988,29835.67889161922,13,0
32.33006006134013,58.58488792042912,2.177084280032574,368.4628256450059,47927.92365549232,14,0
97.57336271117398,68.74324762246523,4.325325857229621,14500.290911643771,4784819.244481565,717,1
38.29981973249809,50.46509353160998,7.752022773869352,64.68225278161064,18063.983412051544,3,1
17.639778875569455,53.67607742062541,3.2609404802423705,397.19782860767367,23116.323992991023,7,0
97.44652817531498,63.06177430715329,3.821487140072356,13492.022069475875,4954208.68379033,319,1
24.361538569607237,40.87706150229474,2.528918855467043,95.09861997731582,13268.04399871544,1,0
93.58649647079118,57.10124907033068,3.648153613193042,15999.075499316,2112460.189010822,263,1
90.25130890133669,84.31393887810336,3.875717186441454,6396.924548507984,4772324.494437257,532,1
38.63916704573973,55.247607905267955,2.4813885507038176,51.07988976485397,25797.540281559366,10,0
0.3405368741270154,53.34399616514628,2.0476769089489526,378.1666095524588,42446.13029797724,18,0
24.05727479760344,26.27594248692154,2.461811150891696,201.69405720494092,11021.51044554415,4,0
4.0443924663035435,16.701363067082145,4.785034109797802,300.01917157193463,21495.78037812731,15,0
19.597481911720706,11.87263260784179,3.247530357339217,368.0332990962854,11166.362884726048,19,0
24.19611413135648,57.93977232455711,3.7034280360883196,128.4910189654712,18075.093851264377,5,0
45.39567924444226,72.31665696098497,7.102402356248633,49.91108782572514,16576.82159313633,9,1
96.63759694192778,90.48263901138016,3.9750166243098777,32.37395777894635,504.07872356498575,1,1
38.91549419559852,57.48568787142488,4.235469939587857,403.39046516439214,26811.18138501832,14,0
30.492570917740004,18.446968044267134,2.6057756627209243,481.4047153417689,42977.15537060037,8,0
12.717315866783663,50.08085735284174,4.315771148358714,318.42601995769127,48680.32353609517,6,0
31.226823800398368,37.17669305286965,3.0585639027312133,162.67191285523975,10628.503981621583,8,0
83.9824813316062,83.83236608133421,3.4168864561030663,13399.06292807248,2110978.8881494524,735,1
14.678995872794767,59.780907102393314,3.9934787531564657,258.9800803872246,6974.990067942866,2,0
31.752539766305695,63.51522386407285,7.241638394665827,92.54635652713675,5414.6624639363035,9,1
80.34235310970726,85.07619799058688,4.491725184769505,12946.586533739763,1029202.0381358671,463,1
7.760050522258464,18.16029947143929,3.3443994050423083,446.31380304443417,29745.04341546596,5,0
7.08668568674832,12.957402428018419,4.260419193070502,176.40626245823304,27764.6152675378,8,0
29.10047037639434,10.184181624428492,4.939965025545083,49.25793596120164,14949.630979535703,3,0
23.914068787355028,28.74520391003599,4.723462178222027,286.41282642862717,30517.7599552987,5,0
93.80067352162058,55.72937645895398,3.861051936590236,6463.435932932889,3872185.4143382534,324,1
20.723409498759573,58.13641452905434,3.887716265616227,164.651188605032,11890.787490194798,2,0
30.1802863658042,19.05975439326927,3.8782823238879693,208.0964729631896,38950.30163429052,9,0
99.32772665286386,52.5247723918684,3.311921338196509,12686.475806976166,4299261.191791886,231,1
36.8048906349039,33.68596474879736,3.105626501242966,214.04998934571407,26230.62041047447,16,0
12.745608480683831,15.070072618842431,4.851363302032713,303.9140644407089,21146.179783032487,2,0
18.26928071773175,15.177606997480183,2.0226066836118517,72.17470349469822,33747.9269690019,10,0
3.036779204458222,59.75937680574891,2.4523790492663746,435.5271282412539,32793.97299342425,5,0
15.842384496857399,30.491829734154482,4.145611531401219,314.66433165317846,4917.601391457721,1,0
1.6826718654183237,37.943015552793355,3.7667971261341835,433.08234082188847,12044.212662572958,14,0
80.97876154498064,67.51660719205925,4.864754766473296,14844.300302692847,3712570.267587341,502,1
84.931581456695,52.134862255853534,4.613522910615644,7986.190828324803,2424716.8158350037,929,1
31.93487578849556,12.5690841586187,3.78800862753837,358.9326520682061,17272.671397344042,11,0
30.607027337996584,34.5122388614557,7.253168810756182,85.3104646409524,18607.132494977475,1,1
2.6037665665251586,41.2199711681275,4.659031404120174,493.59594529462055,25066.541692117862,16,0
15.6554934357227,53.40855903438431,2.8829497853084467,194.7987778278199,4451.212056846791,3,0
94.27717852240775,99.71375928515263,2.722401817365766,7.58012307814076,911.0017820316529,3,1
98.71672905109796,54.621058949021226,3.962360505879449,14724.40414617699,2034487.8942418178,167,1
47.51410750506353,45.18860216410965,7.386597981425659,82.23056108796439,9637.600567597656,1,1
37.554522627632885,14.43714536726007,3.9132243234339246,143.3085170046239,23436.995930028625,16,0
0.34255997153439743,35.313718156283386,4.616665045216374,459.27818624356814,31482.87669347685,13,0
35.51430314420213,56.457397645743136,3.8369377852977253,394.3952450611894,40338.3946721905,15,0
7.936069847308005,56.14255676306093,4.910703800982666,26.415722870237694,8252.777291393251,5,0
28.004896206417747,12.099389823045245,4.490276164514994,493.68703206988215,33184.85477994167,15,0
12.989352563552782,50.75685249997547,3.567234333617387,341.6811011856624,19587.832434176555,10,0
9.504228196632436,15.976837058366673,4.769297418114131,262.25407998231515,34507.70953953877,4,0
19.80541747545758,39.190522106455504,4.132102866211383,16.0068935513112,14323.515150617714,5,0
48.36905802656652,44.00048354563048,7.612867580616772,61.79770833387727,6574.771827242257,7,1
93.91228744407037,99.9617181529171,3.507778424011574,17.163239644824564,136.08700481001824,3,1
5.319885407804947,54.325595971976085,3.6513805312803935,65.32109610281044,7527.825091875906,10,0
17.87752421122255,58.2671691292982,2.261297043095147,322.5964446932711,28319.0506089058,13,0
23.31837774820311,11.739782120714233,4.63978310207098,280.08374964430647,48963.05031841328,16,0
84.72251683582536,74.01140199520732,3.440558783871813,9403.373972519454,3949905.821158914,884,1
37.599854895725656,29.209199031632508,2.492781659717893,377.1079499522604,2346.7839041797433,7,0
38.69460361840779,27.295772741823495,4.824284148326448,405.1744581518071,31383.84493625127,2,0
90.68827106497841,88.27396287703229,2.2723416430678336,17.491162164561885,462.2157653333815,4,1
0.07659029224874825,21.358486879295842,4.0107780019703,148.06730625993154,21961.033902819396,10,0
81.67102768522334,78.00717317551496,4.007566584171488,13268.249696836949,3598726.827916763,830,1
34.046705066029766,29.683676364146258,3.7396215071248458,229.8119259913096,7154.140577939344,9,0
93.64268241648875,84.98473840689508,3.8299799344789265,5644.617668891601,4376401.564319527,929,1
57.26737966017981,79.21081872054441,7.298326603489458,20.15634336994962,8564.201181285158,6,1
0.7684340221697905,52.07905788767792,4.31952733018435,77.29697741112444,37195.80474934996,16,0
96.12930092624653,99.89659857290886,2.8801809682589745,42.54894002190693,290.08323371856994,3,1
38.85423284505426,11.378762444669125,4.216680144898373,65.70323118788285,7688.415786517357,11,0
24.34980168737177,44.32697701175303,3.4584889133906493,40.403889720990456,40457.310680279035,8,0
27.86217538627919,33.635824002361474,3.0002859498807966,475.37566119103997,4119.286281844996,2,0
83.14595043159974,77.7372155860392,4.764580352789674,17951.1554310723,1797592.49715728,387,1
34.55159676639114,55.80058078881536,4.370744457697298,187.5118774596594,22582.686432883977,7,0
93.49334776160744,82.95121845927456,3.1816531877446392,24.618094648953726,70.33119474128246,2,1
29.012568628097256,11.55117063683215,3.5693531287018,271.69796924056567,16005.920974468088,11,0
15.020517882083485,57.02157003399072,3.218499213372006,225.35772583934394,9827.681667272138,18,0
9.15639316340554,31.752325134501877,2.074958834985784,222.51102753453284,20977.89544300789,2,0
95.55421966632031,66.98568740119036,4.158439372633904,7298.5359367263645,1741692.9922861638,275,1
17.81526094829222,42.27655513194408,4.388114000999671,255.90103623065843,27760.528451752692,11,0
25.01794890905185,51.06250814908453,3.8752843636281544,423.5161041842468,7252.170049297255,13,0
10.079731327906112,59.06939822544689,2.0574550658307045,297.0556030283656,48653.01796166699,13,0
38.36459912209881,12.280888425587946,3.474543820121893,358.26042853994835,24225.47152338042,2,0
97.52617656809335,94.61789472505876,2.9175741184355166,4.991951841615072,718.076779861336,1,1
34.06469943282279,14.967934832997734,2.672910930690692,211.5928235339872,31842.900418143818,13,0
27.491036182743947,29.84725839553206,2.371874715953104,151.06802102595384,40330.63091634669,12,0
2.96883801236993,23.56873588292312,4.1258401869627495,124.01030483756922,35515.141796314856,18,0
15.203561035323542,38.87545347719734,3.747996755893859,334.74962800850597,27457.633345293376,17,0
21.953256884795387,57.52294544794578,4.649425249132893,174.94682184763093,42539.875169947896,16,0
3.7041089718021647,48.61665203003298,3.1326270782660854,444.28858557452764,19197.39546250167,3,0
30.835749992294804,15.930827799031462,4.935113670230086,55.952603502826676,31497.3308734523,16,0
0.10073792170974816,24.023756205275042,4.8714723261372574,478.8777722754835,48756.09469445462,5,0
7.015401788921207,46.63107198166223,2.914562769816658,190.31699728343062,45791.735979433346,14,0
39.12207040072243,22.039022903983877,3.407577974553684,222.94056172448092,28286.05560108646,3,0
38.569948485061104,23.1203027815117,4.75677102403049,412.1118331519931,32213.83122809729,3,0
84.43197460851519,61.41525470818817,4.965356190007001,19915.152524167228,3010648.3710151305,455,1
94.08382201265522,89.5631940356631,3.9099392634794805,27.426528514710842,185.93440288577202,1,1
28.49560502946888,44.00495515315065,4.502302650609842,95.28076967878538,26097.207794114518,18,0
18.67713629519471,55.404369983552925,4.861497598425811,59.043338548375786,45404.039470406584,1,0
32.70177243008873,45.07672722029628,7.026500742952203,32.160547622346726,19472.553740214134,5,1
0.4810614802803448,45.111718406714466,2.777621013680741,212.1879366796848,23950.191344310755,9,0
63.74757552820379,70.67032914621082,7.297704378796914,54.57035168827925,10276.748733127675,4,1
26.51192545563857,35.61248342050452,2.2349447045055455,272.0873721953206,24378.631400710467,3,0
91.68745235705579,80.20006973956608,3.197399251273845,2.463839235982157,382.6030499749462,3,1
19.844209864107093,42.38660062242079,2.9956487784568635,351.8912074845623,15256.10275350751,3,0
91.65858546961601,84.20930680631116,3.7343167980445924,10536.518550602486,1584857.4573996137,900,1
35.230091415980276,10.20273663772094,3.1736673308973202,313.29312448832144,5085.178159932749,17,0
80.30869426101867,54.58790900168325,3.9351309588621888,12884.33719632182,3790016.5242718756,108,1
83.36105870750652,81.78906395397843,4.80106492125492,7450.004824402484,4160613.2865581433,396,1
16.45992305880448,39.633047206723845,4.0366175418022205,66.63379779040405,26183.73246647765,8,0
92.10786109302092,97.39212157492764,2.388947412799072,25.63265122907792,787.5271489643618,4,1
18.631943258710702,43.20142483920296,2.076704466311072,47.73626463952716,37124.61431851764,12,0
36.370876343627074,50.56243177162664,4.563997818314969,341.23060333488206,47513.46790073296,1,0
68.09021025211706,68.59898868897207,7.9517326408650035,78.81318197559406,18998.19002125402,9,1
4.275812189189394,42.46869053392146,2.549859366780833,104.9603778146205,29456.76637103036,15,0
96.6268192893299,68.31487160342994,3.520191844025996,19701.67892078929,3954757.753554505,919,1
87.0948184307707,88.18309185957337,3.52482692899493,6892.226659520251,2414529.336298205,823,1
36.004076721628046,19.566266907861994,4.596483338996078,243.63782814270013,46855.857090156445,7,0
14.99933173128673,53.323271272828386,2.2226309828214244,368.12713853384633,2401.299713112462,2,0
35.73814289811055,18.13931276949712,2.5979271915065656,18.65326554919494,3031.0183344281145,5,0
99.2013327118587,54.00669168887519,3.7577537556097624,12833.972946902912,4423547.133994328,861,1
61.824499139112916,33.78147931768635,7.754556471303889,23.708606066224522,7071.977348016817,8,1
15.46783589468452,55.6751416201866,4.039918794662407,412.08136361051106,3890.741922906984,17,0
22.911927820554787,13.414647435606817,3.3820396935575,399.8562168332459,27476.037715250357,1,0
66.53398589992318,71.71229202239435,7.452537452777638,43.13454161137508,19731.475530376396,2,1
6.102566295662317,20.220686590953406,2.456134214773617,128.7756849706006,25711.410522479862,9,0
99.94489190684783,74.25379350851514,3.6983678660930193,6898.866217170879,2783376.7145969374,171,1
8.491315387187374,29.019079965186066,2.626443002425711,464.097374867587,1360.2632735598,13,0
31.570091994907187,58.88847675040747,3.356538509736306,210.88516711312744,38490.785796401804,4,0
39.68877377569612,56.86020675936546,2.030423339784313,269.7980191128431,8830.390576429516,1,0
37.964297640767235,20.841298496042043,2.166127429729917,158.77292322960358,16860.389230471974,2,0
20.970207389463948,50.749054166784674,2.680792001574045,388.24065161761865,25935.56255689548,15,0
36.05189853102287,49.02479920165331,2.6025619802212985,333.7859265885105,18858.17274682586,7,0
44.409917057835514,67.50928309149526,7.43253382298083,31.17354169121928,11570.366065981427,6,1
60.31410387060539,51.22450233308827,7.122646815654948,19.196831107881287,15953.164437510184,3,1
19.098430618481043,45.484777330260364,4.468062805477366,413.688582455782,14370.894643246458,18,0
12.86140030219132,10.34391137946827,4.790721773451962,386.11088197210313,20156.524129990295,5,0
82.82735424662911,89.56120713364754,3.8715210611803172,11493.547390521311,1021603.3709899093,384,1
32.46591122274389,18.73293456828391,4.127567279839218,160.71896200564987,2934.6395521717177,19,0
83.45956915425066,67.13477490360471,4.797683001675241,16727.839997813935,3202364.9153922764,692,1
30.02228138762505,39.92091760640178,7.014352107909817,65.92061538627362,13740.337431465212,5,1
36.8614246900392,48.6255332220056,4.541806997267105,142.17946801102,27724.93636253521,15,0
23.67379396971001,29.490553382284894,4.003595737560397,184.62801455193357,39523.0805502268,4,0
98.44065390005451,73.07404423177422,3.9095765725102067,15622.012372979245,2587860.446001251,204,1
33.69974859748416,73.30722565319437,7.592156487999383,81.3684313369462,11278.768885424703,5,1
3.217132350238927,54.810559079409614,4.355063737996474,480.8508842858624,35024.90172423356,10,0
17.68749766543145,42.763287574809894,2.7670301404629996,252.0897575354448,4492.415090970517,2,0
80.12685813830896,55.47068809468875,3.7126408418716013,8552.550419334873,2843383.0812979313,894,1
1.6652713456191925,10.564685078608873,3.311329424311801,23.647526416102597,19990.47989749283,2,0
5.741021079608206,56.015757346493295,4.686778618486681,299.32358300723126,5244.524384220237,8,0
15.951173446806223,24.85820380371517,4.878402383691755,47.81640041720627,44170.53593820365,18,0
42.03687834412869,79.20416655626232,7.032474962359234,33.618306533711795,19915.81037282028,6,1
40.46148413287258,33.123237285183414,7.05865456825637,89.34036747491842,7578.804792344701,1,1
36.756986439163825,49.53412532047139,4.671684583064264,366.6420370775259,26370.78215698285,10,0
87.20412665972403,76.60166393360188,4.103668834979399,9174.631587706044,2387589.3661320526,610,1
65.51395307351056,66.09009836065397,7.513589308875419,23.65818156820522,7878.543805847166,8,1
92.61639994425495,50.40550050952209,3.678885745936143,15209.985869499693,1469674.4750825274,337,1
90.27582865947336,89.83596061556102,3.488546583202975,16.75292675273981,994.4477903146794,4,1
2.1598013790329684,32.12276721944204,4.438716218466456,309.24009023310276,24642.43143455352,13,0
12.241368443502854,30.13033023263926,2.3445065283474897,454.76791898665425,17309.384341606994,14,0
29.967636220988815,49.70277580371263,2.3941624340372147,446.51263183400874,44969.62606971641,15,0
30.734377386089683,41.37198552473043,7.8844833626954625,50.38219996464636,10280.317956959463,3,1
5.52215614458663,56.856516406769344,4.026867274865714,416.2489917717325,29954.41726349803,5,0
27.27421078899163,29.534518203357713,2.79330280744695,455.19790758334494,45978.08504105373,16,0
28.100576495733417,22.008253530923533,2.8874337106470342,461.66285519058437,45709.75076295434,1,0
9.024355547230844,14.421498658644435,3.764078956466328,392.09134175614633,34943.416955959685,9,0
83.98848238198737,55.96313147024904,4.431612549260132,15152.339318782193,1248396.6296950916,944,1
88.68034279667366,89.36812985732145,4.782681475061936,16903.490247921152,2936277.6026911624,143,1
37.547934958301084,36.936520421400616,3.7057726588055817,116.88286472584375,16643.020129875888,8,0
12.167310155957525,19.732985719133758,2.6850479937423763,130.75438218730412,27017.559575362167,5,0
20.95954032542172,12.621518542873584,2.9016567283119827,100.55551072782359,32265.763348001456,6,0
36.80266383363269,53.05957545175125,4.952591103249912,204.69347058428642,41734.234581393895,19,0
11.906327501248875,56.23209084214995,3.177987851990909,408.86601111451193,13996.431804376303,12,0
12.696112284921801,59.787816505336345,3.95396459794376,47.934013940142115,40997.533129264004,14,0
22.338070103543103,21.45570463663812,2.828997238638275,413.89794422397836,37571.26731314336,4,0
34.66848476822375,58.66371929100378,3.5678355058332025,406.4098796411055,46221.65046882409,7,0
29.179424133432427,24.836243649535632,4.503714927900299,140.74133547364934,4398.894507492227,3,0
26.252091108483068,28.557223684046203,3.1858631808985396,428.99721015275264,11724.378785747023,5,0
32.13204684970992,35.72793373500528,2.3138332229035434,301.9658305640143,5585.685510444917,13,0
32.9177755837654,24.8132749605819,3.292765321987341,309.97321056141055,41958.07593730697,13,0
37.03966093998118,78.44242862859625,7.655374825407498,68.15761375575036,5852.388324897847,5,1
16.733581111498065,28.41430227962241,4.250033134710419,447.1411356598554,19869.14721231416,7,0
27.19844108370956,30.966728388645063,4.161689712118651,309.98889530014014,45056.89644717669,6,0
36.20394927939036,42.110233778411306,3.299010299045055,269.8142124104675,42284.963778212834,15,0
16.275047159258726,17.39979529819245,2.343852338283641,159.1479505339636,42336.875716909846,5,0
25.539491326687738,57.63623603389025,4.674428957359629,150.64237426710199,28526.569681472276,3,0
25.167001157479806,33.00808967261563,4.199081480570506,127.59691157145136,43618.762874760374,9,0
32.78079011552092,42.54458361051379,2.275378869778937,157.0868583443608,23630.48401723964,7,0
98.33519384827636,95.05806870194095,2.537195196112543,14.856542563373566,819.5615445139474,4,1
6.181714169457937,44.80579547794282,2.4625046214980504,393.40848556154685,43433.387093308644,14,0
95.01242128554671,87.7102613239425,3.6580819889347413,9.871009185384994,573.5264382541565,1,1
8.195008686788285,18.248211058881722,2.496738075898455,65.13004098085949,23211.802771280356,9,0
1.013447856558236,52.640576368004865,2.814898491638428,182.0330349402397,4499.388422366736,8,0
86.42491394995167,77.37891745081332,3.033729272000625,12297.380971669514,4771384.985803204,656,1
14.22871998360828,31.369365204117713,3.5560657717071003,78.89698713174339,17279.420883029954,3,0
90.13710250662824,96.07807852454376,2.692096629619037,45.05419281366357,631.1160946332412,3,1
15.46937809880438,18.579971477558946,2.0818823218183597,91.44422340676743,34654.9900733322,1,0
82.30081049226263,72.40662118582385,3.9880831216946953,11821.855859092555,3108832.5916602127,510,1
2.733622055377052,38.61361457036664,2.179379515590558,304.0058092095548,35414.10098850931,17,0
96.38777439580221,82.40169835201542,3.0346254705780966,14949.977698699848,2655183.7112425733,799,1
30.47070577843147,36.028432026465566,7.784706080347181,52.00274945994919,9116.82924908587,5,1
11.548733471291243,55.16794038481727,3.101590784791761,77.64744706508421,8746.197923614829,13,0
16.97755230865422,11.725370836402174,4.123906957285744,451.99701284049456,3858.1022388077627,17,0
9.682135282738393,25.588230326487448,4.4158170146155715,135.44621049632542,7356.78752743692,19,0
13.658807782656748,11.255003000189337,4.359636700824812,442.13667609228196,29677.50109845616,10,0
4.596252605220061,58.14018589932643,2.1469169165563007,103.98188152086543,25465.239429187866,1,0
4.205866445705748,27.050534284985936,2.1432261074086747,305.3299762529232,38913.0681815552,14,0
8.569864154916393,40.48615008249644,4.858555268550043,168.77276068091686,16849.11996726666,5,0
29.687488213575012,58.13886987363373,4.3164432841916,229.8709911774997,36193.35766191112,12,0
26.965694612468923,48.22098767113855,2.842015558394946,422.81054587582423,44323.32797130476,14,0
9.535822969173552,11.76630197726309,3.2952167823153076,53.6258850489447,41563.330581691596,7,0
11.237004593982496,14.013108493057143,2.5743587870306737,409.44298269370825,35743.64553459218,14,0
66.26059662550485,75.00784123415539,7.478888305080294,92.35504016100074,15410.94010644234,1,1
31.13021536015788,59.641622122339555,2.109081651717495,111.75343960769841,9440.577637912493,2,0
33.017581152256874,19.54787691081743,3.2499525409837586,104.85372615798725,36593.45784842046,16,0
9.440828904189363,54.9862969750846,2.64692946317452,245.65244501019976,29356.676214276467,6,0
19.106133328884283,32.90338114202804,2.1304853957762164,280.6840587696331,46557.94564664744,11,0
3.747745063122445,10.97596698688015,4.086485185382893,52.38067907171629,17974.19366600976,10,0
39.81445833395477,15.738374624166969,3.9139496722336737,116.68716378330022,15368.93542378281,18,0
30.477112634422543,27.839940565133226,4.0052546726181735,478.59452917430497,34382.27246280282,8,0
19.56340296628369,38.16034231989888,4.184018302611694,455.616855044287,28819.523087996295,16,0
14.670729501361151,18.26439430454645,4.172207003535038,499.4474828020077,48013.97606424276,6,0
28.543712046327613,17.187829390698052,4.976293092915758,119.89634962452068,42747.124082951326,7,0
51.865980735355585,76.88156602435866,7.130067888878491,32.120750053092536,19896.660613322696,6,1
87.00483351242013,79.41084381414723,3.0908880670174117,15807.216277998805,4978077.197812927,673,1
83.41374777101622,74.52335860609267,3.6550487854599574,14831.676368605424,4823021.3693834115,615,1
58.18169460308957,63.18745192562545,7.889825879629245,98.03579381950497,9068.441828114377,1,1
86.4194611622183,87.84435092847916,4.829363734017734,19600.629148234497,1329222.0267116535,421,1
14.710011819586901,30.847029999434437,4.819600820456156,116.87911768025043,17340.138647423024,14,0
35.93536557044789,32.29656781260039,7.590054967957228,48.36731577740052,14301.167268847841,4,1
65.5589480324244,75.82826746855037,7.224734148754627,18.36742048226081,18083.524194581652,5,1
35.2467302458876,40.77389062957873,2.7858777639157415,135.15851185308537,12392.285534390978,2,0
93.84388458222517,87.64361429192539,2.3212695415168754,15.837519210179812,612.1835794873635,2,1
13.589861102628298,49.57705801967008,2.9698031661793562,147.5469483078288,32312.990963027496,6,0
30.025924574764183,42.79290336047415,3.8313362080329205,366.81601937517604,6013.31588819828,5,0
15.69712603114711,25.951387493345226,3.336614070489059,462.94366446882947,3327.8427368386797,1,0
18.51601872858805,36.06487804325628,3.6752829909754494,338.1351512395085,6925.430836466857,6,0
88.47237822680728,89.97610495103851,4.830627288084532,8564.206938037034,2558374.93602189,851,1
21.276471508046583,33.30992705076599,4.015760568274683,425.86442901485844,2114.041996353135,3,0
17.856697428514007,35.49764459338965,2.7027385881008907,470.1905140307948,16869.773982269686,11,0
39.668356524892786,57.987441521094766,2.23851060946797,377.9367320064925,32620.090386402702,1,0
17.185149238538532,46.27367928975858,2.7962923514912417,138.62190297223265,38824.82022112256,18,0
7.961909874414852,40.396628675077324,3.8222133182426337,274.59331422826887,8388.408531276738,8,0
37.56034617736388,23.159780674575963,3.7400835470575933,93.39612222399522,11382.331774868664,6,0
2.8367767042383685,19.62457516867089,3.8205952530944303,44.69119874279352,35561.87198557107,7,0
28.183016111448836,18.673861356459845,4.710687139153213,280.6883506937169,5375.962540121311,1,0
64.01463461632045,79.22545839262372,7.3933087435322165,15.22350436164847,17156.862458802145,6,1
7.42803056390545,18.09999971700957,2.675598201527537,324.8454701427089,25469.704906809486,4,0
42.738073417765264,57.70303313180523,7.142519538097172,98.08273532154347,19270.930281082656,5,1
83.31871176563914,88.86660426744768,3.9496130054491596,8216.732313162682,1195546.1551374006,216,1
97.27704104516381,81.21017709990649,2.1910616218714623,31.35783474296485,363.84383476805283,1,1
11.438434524692358,19.390073368223096,2.590780795446391,201.07560998067248,46534.337811633544,1,0
32.548542201256446,32.7577037224574,4.97637927984232,113.91769966013757,8116.038988026813,18,0
13.490211967117869,52.561069026621055,3.4990004819925957,27.5586330045636,21532.005820414837,7,0
17.07109971884762,12.228822901630206,3.269072987968249,101.80014182477392,33080.56841092353,1,0
17.043343518050882,10.814192972004452,3.031218884000802,402.79674636080654,5172.255631948742,15,0
21.423071756789316,32.364578231472436,4.534931842702866,34.70859577822783,23567.464917331425,1,0
90.82532469139126,72.3067988961483,4.335733428066673,10509.872253548689,1144730.4515570912,753,1
68.67765351166662,56.70000631767793,7.72599167574243,22.024226666415323,6970.637170900509,7,1
35.22222278689432,28.889300907865536,3.417038258171417,483.7753352658681,4731.139292633759,15,0
36.49074674309886,51.57385579681396,2.7185521578442526,260.38603544597413,38533.39518462771,19,0
38.277430258086376,28.469406689193953,4.9109176479575884,51.35891364195341,36817.56552297651,18,0
96.77166482939387,88.32312314007078,3.4464490349782952,25.820025291295007,288.91180537526884,3,1
0.6192442264068632,15.303147132585512,4.464736830632283,260.67295778503876,22686.41377017659,9,0
17.60828558513843,52.442114307358004,2.6721650268852573,165.13174657785927,36504.281469073016,2,0
27.945171360467995,48.4626117957007,4.949675317162619,307.57072945576874,45588.174722240554,7,0
4.737934248853906,50.01449280943648,4.67788963898415,381.5924321203974,3709.354571804578,18,0
1.4163195028797126,13.910707725830182,4.869712405226204,21.285044956941558,28126.329092517648,12,0
81.82877289523944,83.99237897903258,4.970232309090929,13073.122042204615,4788484.254720775,193,1
28.71222717881482,22.345636205345233,3.2026504621239456,197.09432670199232,17947.662349611393,11,0
11.607055968724014,19.57031004135195,4.95611784670604,296.71074034055397,40296.385206524246,8,0
35.08741373936366,43.161300198788176,7.474703278335844,97.72519266927347,10831.989339811262,6,1
25.356463591412535,30.03877319444018,2.7434955505173395,238.84704203778523,33540.57043421405,2,0
20.601771595284937,54.89196716713251,2.331827237359716,207.2590572489303,26819.546046392996,14,0
33.829353054340615,22.88417842430313,4.5307497189793144,129.3867400619106,46842.09134753765,19,0
15.93479041215572,47.64223685913226,4.621683546641841,131.29675041364845,27313.76458745943,2,0
17.98123099865385,43.627129906948596,2.6601474196069024,64.81658288653884,27187.60153532677,4,0
32.38798631988397,31.653169892738937,4.173199674713807,157.72826335059958,8012.629330933193,9,0
23.204235473466287,29.326713946404794,4.822825141903915,431.1162051095823,2386.0884804876505,3,0
81.4014086813971,52.01631878685817,4.386816154529413,14338.751079606955,3719004.1393433763,524,1
15.79386547918309,36.87412986828113,4.371035989406128,53.095556896300565,14311.386861892104,5,0
10.403708748687212,53.322496223133975,2.484442246300949,482.48290996746744,16359.050347971528,10,0
11.551982140016616,15.443806018196788,3.475572319659672,89.91329065566468,39859.49057819915,2,0
57.063585479533685,32.79064120799057,7.46863990947412,79.73662369584771,18706.519469210754,2,1
89.95095127618589,56.853993264648444,4.369374250848877,18845.5416140491,1206326.584289759,796,1
20.311820548285397,15.411850141470332,2.0901677474972105,182.3177795376739,4003.664965199914,17,0
92.00637699234764,83.62523970733723,3.2091956133784603,41.31323357426346,418.30063244795014,4,1
49.335619647268615,32.327105855321626,7.271659037203556,99.60599018519068,9316.118681729145,1,1
1.8179140234147972,37.670163017727575,4.024236862508657,461.136143585872,14969.157017125488,10,0
24.500479551580504,58.64732701063559,3.4946608024986685,325.02083681386074,34610.812981489245,8,0
9.953061419663975,17.339902594092724,4.101200768134496,341.0936662484232,22018.39944298471,14,0
26.722935775451194,11.304382742845522,3.2786375856704613,170.32670375356915,7680.609973214712,1,0
88.5816254647249,68.97697528061333,3.154880111188903,13270.061323250717,1669714.5597692402,971,1
9.936733625876313,47.88975863911722,3.930855642390852,132.66237274250733,28563.73048347511,9,0
24.868240075491276,28.680260975705217,4.996335416965798,242.44571867603352,24899.596023853224,13,0
32.096318531342966,34.66549621639119,2.5233855884216485,242.25455523894527,12331.508950101981,9,0
14.677607119205675,54.27486387274013,3.544252107538167,53.64471641118354,9479.340938395813,1,0
16.109831111921373,29.708702513423166,3.3737236718254655,205.88585138341207,11738.89200860401,15,0
21.607737796503375,40.32240001444783,2.638870382858721,20.064485857845245,40692.23026517612,11,0
39.02777992660283,42.34428564878997,2.05748541228058,257.75728719082537,48010.39999879258,19,0
1.2297034560316167,51.72256975457935,3.9869692197734357,427.99604994013566,18633.063796567272,7,0
9.597494301058639,33.80738534231705,2.4408377622023147,450.59899200518464,20258.381294807805,12,0
37.6125556169892,49.639915045841626,7.3938865356491625,41.18706931540002,8203.161228567711,3,1
64.9843008472721,44.49859393817091,7.769230136220574,20.136584464925086,6788.337600472096,1,1
35.44778754737736,32.116764146030064,2.6960024083864718,182.24407933413957,5981.676523020084,4,0
12.737854857342317,52.54475570816748,3.444794621452675,117.60203152833326,27550.62474026716,2,0
32.81140862608889,15.082523193120675,3.721725873736315,478.34975596619705,37605.91663084499,11,0
3.6179289767835376,43.91034420526972,4.315344911727079,359.8742102913034,14688.591296129893,19,0
38.83244904609709,30.92840076687672,4.315950641825383,421.61586004072586,33077.93663707329,4,0
36.935503566463154,51.907457341184404,7.394736182533578,56.92257465410828,12602.069624342706,2,1
14.252451351943506,22.448092347676038,3.51916092560519,379.71415694996256,34065.77538762022,12,0
37.86600175960099,10.335284722214046,4.768470704999587,25.246218678403892,43824.124051254876,1,0
14.89285681764577,32.79456248724621,2.995544388348435,401.3163879212621,31410.698862174166,10,0
14.919389522700826,32.049727790815496,4.110528078345652,477.0745873629397,15932.203984344706,13,0
22.097614637978793,38.91975945376617,3.5541260028229233,19.354044362773735,3431.425737462715,18,0
12.3171502758346,37.66339400411148,3.8351632030312963,99.39058139380207,21427.44975067673,7,0
3.1277275550668504,24.370788581591412,3.072969751859625,297.2574175098422,31076.94284426629,17,0
98.1854737734247,86.65952684700346,3.224079185947992,47.657884252608376,169.21840606849346,2,1
26.7158927420288,35.38533222482966,2.8732054627352523,11.950688260109754,23560.901163128045,2,0
21.206672338790472,22.424578664901137,4.04683326383179,456.8406297775273,21030.01157031678,19,0
15.482071828640866,58.047274419596775,2.578709587090394,325.9153974529109,44830.373377243195,6,0
97.28984540910858,88.00078393595784,3.5374598549687564,5.41825874939571,764.1103744401535,2,1
30.08666280953026,27.484924303739618,3.5871904336509157,464.099149873652,14657.134564675933,14,0
36.49612186053915,38.70380949938172,2.250224025164991,211.80988556838213,34502.941681583805,12,0
24.465875262090186,28.365541238071508,2.931014086380379,198.67401154046183,47968.45908265046,18,0
14.134576260343557,13.124965367102561,4.204754658837,116.03630235183383,32121.68717411722,19,0
22.788034968209253,46.83093407659058,2.2586593717635277,76.15151868760253,35485.07105852402,11,0
54.52054808824995,75.99244695117545,7.075029714258398,99.0997819867677,7701.620949263207,6,1
38.95000316489538,22.578307686828758,3.621886883627327,456.4817266649799,30336.009835338475,18,0
27.69319085464835,46.48819207821737,4.221918718250922,224.75453884568313,28220.519013790217,18,0
37.17274351012549,40.31455252600364,2.593376548062463,343.42429206235835,2846.6237849678487,2,0
57.753610489537394,60.818683989328456,7.820656089940686,48.16096064838194,17739.991043736074,7,1
17.201343419989776,39.21177214912049,3.838784516185526,401.25491478191276,48480.132514387486,7,0
89.01361170401402,72.46087146517671,4.426998175630869,19410.658500432528,4238455.074026672,627,1
35.01710258303567,30.230666750975086,4.6883811571919365,132.58170588399457,29090.042517844846,10,0
6.2886949286002825,51.66175355265051,4.157086652748841,235.9644930820192,30820.524150923608,6,0
28.440694645120605,39.91950373737349,3.4106383104585283,370.6805621110406,21319.078757598447,19,0
12.446428476618866,10.482780533282268,2.715029020842888,32.14588649141531,36456.100258677085,14,0
90.93396112255498,98.63718681889792,3.6854826701129184,9.488332556969153,858.2621533904684,1,1
91.95599268735951,86.27221714636237,2.4276096545844563,3.0991076551121877,724.1276405474406,3,1
90.82313628807819,81.2942777294652,4.012098663467272,7871.851120640396,2150694.0456156563,341,1
4.14691831147961,19.15495905724059,2.9958621777970427,17.006035657429443,49194.67674532571,13,0
63.50870215832102,43.2311970770873,7.219348854695113,44.30656471220529,5352.213272962278,4,1
23.599717664987082,12.326031031593494,3.4680161340560556,138.93023169213407,34469.352209909346,6,0
16.12466772640976,57.99855463306929,2.1547194973359223,42.32872549186735,25636.66333799264,6,0
9.07055698105415,34.87144576612975,2.2065148623097346,205.223224987924,8367.68913026134,10,0
11.670815356609229,49.77638838351795,3.1542146841993284,32.31426204532327,30110.357653313993,7,0
24.91222623803842,25.861672503264913,3.153189960411053,329.7786729585582,39749.13042284861,6,0
33.592283665514174,35.54456408140387,7.292889967467512,94.54812665637562,18942.675834775306,6,1
97.69271913558237,88.16968622064138,2.7053714109191516,36.91058535050786,501.78737805521376,3,1
18.923443443822507,20.133103055981287,4.988715459464763,449.8512775441111,26348.32547010857,14,0
4.702146281023198,25.435698913490302,3.720514833402614,307.6224532730248,20985.7892038775,14,0
13.784086702365927,27.40395996323777,2.750694434818797,423.5434416761646,16271.675703840117,17,0
31.34116412510088,14.92150883688801,3.1772473370068157,292.02147203852695,18345.347960329607,7,0
89.37581866620866,89.18956129642878,4.753530309160026,18695.458741230817,3103976.4056569254,907,1
29.181681732828963,38.519380966396426,4.609296403178295,374.19265583659984,25282.10831483944,10,0
13.921267442029066,49.38033422647697,2.586285476401053,158.95420425769353,40458.88859943996,16,0
6.88809790328897,12.371352871024113,4.56474179017245,315.66968438095284,49367.00148401937,16,0
24.996253183575874,18.55568520417463,2.2536693174174287,129.8986358114619,19715.791590621746,15,0
88.4205107117099,74.20991845266715,4.231460903856649,19500.05576347719,1789381.3904079096,662,1
24.68390288121928,45.28757877908444,4.515849194100743,229.63573246703987,34618.19384818746,19,0
16.71079762983901,19.857108059364755,4.587248886117491,349.3359628377633,28035.658511047575,15,0
33.54940128078765,26.491266583484975,3.712626447186598,327.68049490589004,28620.747541832974,11,0
40.47731288096892,39.64940424354069,7.82709724498125,36.63221595720907,5556.47827986978,7,1
36.63556360183889,14.184611897149265,4.820329478641708,488.9847328035762,36513.3195203318,5,0
26.109305615404242,24.07516923819448,2.2614185241897897,359.48954694015174,40123.73041120721,13,0
25.7315813891887,51.71537669046534,4.100444798114319,203.32024140819206,35525.338281418044,6,0
14.979960200901008,30.879236030521568,3.623226982871736,278.14231928589624,26118.54594840645,10,0
26.6616998859937,12.470539759722683,3.727871615717562,310.17851517025355,9816.924857762167,2,0
81.0795593171014,83.88591842526391,4.806093924874766,18382.724188102573,4307704.5821413575,983,1
24.383681320123664,20.534402609184735,2.881218148506008,237.09207031797814,35507.226767673004,17,0
90.56349681052541,79.22220782542729,3.993803756597271,14790.358272976813,1769265.2156585213,989,1
8.6521079821642,45.484794736421165,2.239726073330289,305.9787397882272,48020.35823357061,17,0
64.3301541793578,53.660928260777766,7.401533364067456,57.77356166263336,6306.213707794782,2,1
35.85792595209042,31.01002718296119,2.733085280899153,154.17470052160743,12303.130677550978,2,0
33.16783938129034,41.72624985861451,2.5006653286590588,440.2576251750289,30693.048892903138,9,0
28.404617688970532,49.95797689548226,4.803949013372617,323.5227705154762,1979.7483657130228,6,0
1.0314463948528907,29.75090728184296,3.591543919911654,19.05002392702727,18831.58500021477,13,0
22.572614129680222,10.002039930559022,3.5028854769403672,420.0749144327073,43573.66963153834,15,0
23.87717845295603,36.70911300370095,2.131308842242734,323.38810356593507,9397.132656268699,4,0
93.7539801664612,83.9867205820236,2.287399557017056,40.149683362574514,222.85092154406772,1,1
16.229879030918752,13.589092230217155,2.9954395186271783,370.7144600891263,31365.187558147056,2,0
3.3413327713445584,34.736412582957215,2.378984760069766,74.39905596164839,12107.22375582415,13,0
90.3454850225607,84.7230710642283,3.4959384710972063,22.156838911840293,933.4869792518507,4,1
5.196118133693934,34.13507799076265,2.415244965052383,461.2319904509069,5755.077553493145,15,0
6.0201376990087585,36.91877320576873,4.662343643840084,467.10100583435843,33199.72538270034,6,0
18.896854756748496,30.700885535118207,4.613678942188703,104.35326806821773,34032.00981491435,5,0
93.69051460857264,82.37912244766648,3.251204190123358,36.33501298840373,389.3115067063141,1,1
6.740923659384923,31.286443946820803,2.4086174135976286,272.2210690799819,31126.143454185338,3,0
20.26702663993266,53.076129290881276,2.75312695647934,210.00499745352155,39916.14761451127,11,0
31.163226829168394,19.3655417062405,2.507563688573322,25.451922092070316,46102.45219407872,11,0
81.42487502588692,57.47515546382301,4.441100582438124,17338.008771419023,3254302.616736859,872,1
30.427350152867664,42.22545107414402,3.7209706458314864,354.676666966862,18648.691965520004,17,0
6.2400212096129914,23.261740660333935,3.0239569780003515,336.78353054767143,26847.272886818784,19,0
87.39257685688017,56.17313786337009,4.648153332228882,8423.86893917483,1972802.9164050343,672,1
21.01696869330992,19.641094506856028,4.547326633968292,26.080581583041933,1702.3000392585855,4,0
89.72498781177052,77.53140640975106,3.126887749870374,15881.439561372086,2563645.098271874,288,1
81.67388618485303,77.73930034154935,3.155567654605919,11874.733519413368,4918724.891708596,449,1
2.095035661167741,28.45164083960708,4.863862309918287,159.70045416857252,5818.125284017471,10,0
17.804731852366903,45.79701045885753,3.0641579551128033,186.11726735430662,19671.1977227103,11,0
11.002108023074864,43.12205328296834,4.230821565713884,277.688561140477,49469.28892372536,12,0
22.06177428546693,41.436814747665395,3.9915970783777386,76.60380145198832,26248.697808207213,4,0
7.694740854033735,55.56734697470883,4.028121695618022,64.09355800153867,34377.993151667484,18,0
32.76776784488216,26.553637239262436,3.80031195280325,378.30001987698745,13720.223320145917,19,0
36.69585862981219,14.165221986188739,3.0478789474633348,412.2675865391103,19632.295017663302,5,0
24.2263844557935,22.917825946486516,4.216359658401305,211.0607943684771,30981.46765513917,19,0
81.38534435294632,68.28342036453039,4.980286416379764,7151.814772658553,2214424.1638170187,771,1
1.6616061593174347,36.98713966727502,4.623985761402011,29.876668627229016,20332.278078688538,5,0
28.984155393790388,16.385909531411382,2.735513983391224,51.64094284276837,34333.919826234065,2,0
36.50739071480896,49.01215945651181,7.015294785084809,70.60045329320292,17159.238984532665,8,1
33.47184443519578,58.32753888972833,4.179248874382827,169.0932916063073,40072.88800184334,8,0
33.275360088086295,47.33960906226217,2.1772638332673075,90.34285395077097,34744.37279221073,1,0
13.446493559239293,25.483146635965166,4.220783961870429,158.36384183248973,31958.691491695092,7,0
22.974502076142976,17.929445536854786,2.78139284099146,202.19311195444672,35959.8912266346,11,0
98.57995031052384,93.45589185749132,2.947969115706097,40.89733309346153,690.2518994318843,3,1
90.11501779271501,95.05437951280817,3.850664338558273,12.135237423394269,822.3597858414144,3,1
17.38429439429349,45.74706171374494,4.96233350744998,395.83816691646325,13964.30556277492,10,0
7.235438588868002,17.713606821310798,2.6788127484458517,155.8764351897493,31152.400209079035,19,0
91.356990100695,97.59409054678065,3.82502742504871,37.09513818151637,998.6352174257217,2,1
32.10638249904577,11.21725998455412,3.7203695596091024,119.84840826793763,34776.871222505295,16,0
14.642154425624053,57.49829987574617,3.3121101809314717,322.626126923121,31337.12174143641,8,0
37.97508243665804,31.664023593408615,3.879426269967079,75.0364590791504,30791.300281581556,8,0
30.437703707846794,26.628354595048876,3.4442411607166945,278.6917835357192,8814.378460955304,19,0
1.631643829650531,39.77640135608435,3.9269293242220344,128.47913973848722,15072.992197884823,13,0
23.39674056597188,23.184901546848266,3.362804923939469,36.36756531346543,28510.64517575261,19,0
16.404037120434506,34.71794576867372,4.6551774225480225,148.02275044616368,40947.84878784515,3,0
91.60379443130842,84.53173302309023,4.351149414347705,6969.40219046548,3187450.9933324526,265,1
27.325902995530402,35.345759010978924,4.615837727479995,367.1176039354047,45613.94187903386,19,0
32.607897160584386,31.64067570709889,2.467400006031958,143.6297288643392,6970.402318264877,5,0
21.816767529456015,31.371417492124557,2.896014103561436,118.03931998370965,14352.467064291997,6,0
12.638939164280414,42.7945110456308,2.640910247593611,12.525531261059008,13071.208294913047,11,0
7.735095083756249,26.663200119318937,2.9297717887996755,179.15630166712825,26787.802196858935,10,0
23.4949356917253,44.091537819001886,3.9128841733534907,149.98113467024623,2221.079972337718,13,0
9.26797665255108,57.62641359430144,2.711025138259047,83.28248289509834,30967.13233751897,18,0
38.92454128445848,55.70383778257938,2.059945026367625,56.813694813377396,10697.029966221182,17,0
13.286659048668227,10.238280511095113,4.143075614170193,329.7203584638113,40591.28702977911,9,0
9.902413188274082,24.33290951197006,4.820850954665968,169.4878558992864,3355.6365021049596,12,0
0.09175883797206463,48.49084997334624,4.599317953277238,411.31201545208353,43087.27144830995,16,0
21.171201989728058,57.84391051589074,2.2423171149955685,487.6257333311292,20333.85528204299,7,0
82.3127838708535,74.07418554156767,4.810753764971172,14697.223586627346,1487965.4704550873,484,1
10.838092297325591,44.84984828749845,4.6593558580363945,232.32851469555445,23388.369309995105,7,0
31.2583648740073,35.24288097471875,4.666814638869056,12.887290235120652,2031.1835210407141,6,0
6.293779792251777,53.11464528995048,4.642650676156105,219.1432631162998,49124.733264236595,2,0
8.476603114183918,43.65764300742671,4.480750380252305,191.31851522078045,26293.297616701086,3,0
30.940672492552626,24.08904273489796,4.741762455438607,314.06166638476503,32333.94993957522,16,0
34.00749201560373,48.30546945125949,3.189670719710713,85.41106449539951,22192.435055960985,16,0
12.739612741280943,39.33750888142086,3.704268462549849,388.05096022308203,46937.62578954307,15,0
24.444393808986042,25.405471650744,4.20699507018448,417.574831722348,38819.60099081277,19,0
36.845992217478,52.318297131465876,7.493099190864855,36.109446938488574,12132.479049323974,6,1
91.94471558108509,81.10966697615989,3.161777924896177,6524.58552295852,3492185.174996135,414,1
31.828357943784074,42.605972994654834,7.020968842645508,50.86392009247505,15527.209238619285,6,1
20.828558113906613,51.47023214090012,4.715080762966778,101.95038460188334,35518.56209536199,6,0
12.724160712315742,54.01478057754381,3.694220483754376,385.678899573674,6611.581589721459,19,0
26.745584630816698,47.22351392388996,2.812433945395649,170.778786582964,11035.208281622226,9,0
14.533714021808546,47.40724648729774,2.7751769148735392,493.7918385707597,39552.94129072515,5,0
17.581018459344047,16.80508238830184,2.8513632590617632,488.46891987141225,37174.98822630328,10,0
12.462316398468452,50.94195889961888,4.7370581523872115,412.84414010020276,39347.985868482916,17,0
41.07102279027792,40.4014410020917,7.15038600134324,23.301428971344045,7794.301071986998,1,1
94.32855077516453,54.406291488998434,3.243312177592723,15920.137461736509,1390184.8229769822,292,1
82.27768165559132,51.68773258339298,4.984947727009553,14167.421786034982,1965932.6229276243,617,1
0.11923245909831515,16.020076015554636,4.33530420470731,185.1497441294545,23403.373662704187,16,0
96.14646151302478,82.9225313533436,2.5735765284225143,4.6965036203019785,817.7313316272932,4,1
34.71726940838592,58.86091980229027,3.5512263343756816,264.080480564647,27867.235615810037,7,0
36.242491407981895,34.236258439966356,2.8337203633927555,240.7886447487324,24401.376128409524,16,0
96.60822270463949,91.05128786029434,2.4305015739129843,41.73632034069946,960.6433690722461,4,1
19.778203739167182,22.923348556392117,2.4977040551276,93.10634302806552,23858.729382667312,18,0
31.22443069863334,48.046944000115005,2.5306484119241026,434.7608311829153,9736.79472529749,19,0
92.0714864741513,82.21645829027544,2.4142678020296477,33.97246614629701,76.98738807019312,4,1
64.11876359371746,36.89467195588335,7.197743428534315,15.848609325476197,12677.2115548543,6,1
34.670709800858674,10.578517784579835,3.9624736772982723,61.837550392285124,20802.915369667233,5,0
34.461654322274164,24.001984456247015,3.1944686791399164,167.89069435360287,40541.471815343015,1,0
36.01257969160359,58.00166622939749,2.1875922710057534,248.65619978404087,12071.054910221039,5,0
21.488367613049167,15.97198563303763,3.4380294183914795,182.05989213207857,33821.12683747595,12,0
5.459993050466143,42.51174379933245,2.580324676958976,221.57271860231313,28310.176885257217,15,0
26.942631827831526,13.209402957506724,3.6149706676235485,63.154865829228626,13191.621832895687,11,0
13.138894976724306,12.572206173917486,2.0473892854671387,293.7272209102564,24466.087073111743,6,0
0.11423592576644825,44.13629597187294,4.1325931713335935,171.87778626666108,11086.024798909177,15,0
96.69656366412167,90.92876080210473,2.0336718599922343,32.684888938548,873.1481742017235,4,1
10.746478300175522,13.858384269617593,4.95635704086787,84.13120164075822,34423.38425598245,2,0
1.139369411366653,43.445666556489186,2.1374788776122537,14.47376809892388,33405.834374690545,5,0
13.298537470729208,10.335328788855177,4.065683790476561,129.60924135900694,20134.390418360083,17,0
65.7238449215684,62.366545549604844,7.802062488178627,79.96492852274224,6200.86788708726,9,1
12.399068103800381,22.22231266441896,4.262644902173296,12.471979447641502,43791.36800607315,5,0
94.73101929882124,79.56008471759924,4.7134520106802595,18214.848958171548,2762577.137288461,906,1
10.142546829443928,31.434977890375357,4.828525194197859,398.0650643895877,47436.84150697774,12,0
16.89075719866683,30.13997387287583,4.366796315813168,240.21339100633156,8255.155886879144,19,0
34.735336115798354,24.833899499023843,2.65750866102295,401.66498527215435,44831.523459168486,19,0
25.147947573122647,37.33142608467377,4.586975234178435,220.69693098513625,15725.806386232518,9,0
28.969086205695028,34.850901656233056,2.319827186854805,459.89575587929187,6406.572961838249,18,0
1.1061991412096006,18.65445273181553,3.1986532867357336,253.413000424372,23015.682411961036,7,0
93.14189012411163,86.0351515603648,3.6437662531688693,19332.40104012708,1864728.163532555,678,1
7.777772804238197,39.13338727534382,2.525314192244333,27.34889081581118,48430.83568155333,13,0
10.588652166941417,40.62887402675634,3.4836711801291367,425.98780482301305,30741.225856101548,5,0
10.747680742321828,26.03593806533286,2.2703904979187053,429.8393254814651,13954.018595510934,4,0
31.776565558709578,74.86442494245097,7.4887549347444375,15.867275082424225,10362.09240102498,1,1
90.75781383571422,88.37811744512594,3.788149650119564,12.480241822443523,555.3289194505061,4,1
27.815853644629478,53.05097430793782,4.1684339854224195,324.57663775568744,27172.492017024397,1,0
35.79252769397163,18.32972771693901,2.692170638553506,287.0811713782525,8620.858547506523,7,0
32.075265385477934,29.127290512094547,3.307759474739696,245.2896219100792,17173.829544626016,10,0
96.50935186627268,83.86402027483965,2.5101950846901095,4.72988253217676,660.6940820050438,1,1
98.53426350225077,77.00432364436809,4.970560353330639,8516.087054706783,1963388.3450624142,744,1
35.77062828423585,31.639841623063372,7.450596829576376,92.46563993717884,6948.939084834009,9,1
35.49798486901237,16.056854543056268,3.1754411207520183,76.58371410436096,48320.769949193826,12,0
50.142339859142226,59.50438656051002,7.070683054531364,69.7605570782766,11262.39947135144,5,1
36.75102256759539,33.84111094865987,3.5957535341037445,14.240597350706137,15658.7144998096,11,0
92.05463190884788,82.22115257508972,3.086274082270125,36.77895365355382,356.64924293461775,3,1
99.23343899991477,81.93148859867686,4.6583847941912495,7673.577161308298,4179605.3340721335,237,1
7.381569325020756,59.95511721444961,3.9821821306373666,389.0896339172103,30889.371218428812,16,0
33.22537525220613,75.45243467513146,7.911983629897059,30.25341200639194,14863.069757900395,7,1
32.29548713022541,33.332181703244665,7.730025454137126,86.6112629498414,7461.87631732731,7,1
93.59580213140825,74.67949270546183,4.704727796436582,17160.727926508545,1021174.1208783027,657,1
68.92282550871161,58.4117783232429,7.819812391802896,46.212238420120435,11648.477954282645,4,1
36.79347085209913,14.056618193780137,3.4062471156439265,475.52450965505057,42001.55414717698,19,0
91.48599348957032,83.66115490177648,2.7243895013250286,4.155442453045577,138.73118417991702,4,1
99.18447410261214,57.99105845873768,3.464903687533683,19972.39760979118,3498987.057594347,390,1
96.59616887651973,92.2552313088448,3.3277703742472506,33.41051188878591,893.2932270666205,2,1
97.15159929662474,84.36342908718389,2.1089743596634953,0.539025166374768,365.391667639274,3,1
36.255006962283716,56.96588615271467,2.5461802512412364,320.77677817858586,2572.528799760161,4,0
19.160644723779974,27.16832271757577,2.3000158659200225,469.8768886456591,44762.95590203449,10,0
17.324579290790858,26.378259240147415,4.593687217381943,255.93809688824666,4134.845829475064,7,0
35.06149130668133,52.47432766506543,2.891050235854403,338.04266059330917,39500.83655830593,10,0
3.5841696509139087,51.151999312698756,4.953341118909812,222.74819700466543,45183.7308294775,11,0
20.605602865421595,13.652829141308374,3.2471055327464793,108.94941502006888,7670.96928721567,6,0
39.32608784426503,16.478349389357152,4.359195222116,234.098203711668,21872.911910293726,5,0
0.2197254699933282,24.109150827720008,3.718638276213974,110.56982139038861,26566.639482572016,9,0
26.41703042287658,24.73392134829057,2.6149850940817267,293.29630261048965,27962.673001147537,12,0
10.560521500251895,37.35340595299786,3.6577698461665524,186.46194172381877,11263.808017451955,6,0
1.049785797613394,43.33191403861961,4.351102873357024,153.5723365913871,27890.63471901437,16,0
20.76044506061177,40.95129179698002,2.500781341510273,291.0979609424768,30391.267264009468,10,0
88.23111757548575,89.88081432835388,4.7341809336215,14030.52155825104,2300806.038790577,594,1
23.015391740203633,53.02784796344475,4.5344697103420115,463.39086754011487,24082.946884544865,7,0
12.486639686436508,11.953827071504966,2.1671002439391684,156.69583995495267,36498.817468107954,13,0
15.566769447257744,35.632172249412136,4.5062729677883455,187.21486734549657,1231.4179113136315,13,0
18.374097164040037,34.279760231952906,4.457956025840923,44.49980470991435,29216.624536647152,8,0
14.955740291896209,57.159505156634964,4.850284271681357,77.86408747724505,19225.221698964684,5,0
5.962392781303012,12.55922144357394,3.617462198653482,491.9166443754204,14650.250887842083,15,0
94.55593062492858,81.26763426666449,3.8033251547986966,41.936717077595745,440.6708008653798,4,1
0.7975091597907547,41.256717418882175,3.555714554786701,188.1460403655328,43725.159334217606,17,0
6.74949775010504,31.6297218546109,4.113411831368145,41.345961411215285,34255.22259252516,14,0
38.005634310930894,54.86377465077986,3.552174766570255,91.47735684605894,21395.533723544035,4,0
21.70261274981111,45.74797802790115,4.670506765752545,221.48438023288813,9060.04740775181,3,0
81.27863924038616,61.57929521208078,3.819646858621949,14441.85761624076,1505961.4336089964,157,1
10.36750189511929,49.469502317320924,4.495459709109112,316.2306667877049,48052.90289745241,14,0
25.40312477890459,41.74406294261637,2.6172104879150124,66.30308986136879,13644.698510882443,14,0
82.461346156644,88.5046629284029,3.4616270120768773,9105.27917645987,1124901.028011484,190,1
22.73590686933916,45.602122929152344,2.2889009662914868,308.0551829174208,13030.534342109611,6,0
37.99772934682192,51.970887730423776,3.644892699771014,49.60959575257974,3132.160024813315,7,0
92.04570309520628,55.23189981609286,4.344480446228069,13861.36442320555,2707949.8908659024,349,1
34.82137474455956,10.273954727074782,4.997448476958962,273.3757202300554,18179.672591593393,10,0
2.0184492100722196,25.981362095666597,2.8423049645499536,432.4014962829119,15423.868545320878,11,0
25.559429066100382,45.21769351685723,2.670122336221617,282.7400513952355,44602.69307476033,2,0
8.811787244835783,45.618304784037555,3.3611877153980476,320.1207448119797,30977.050150971725,19,0
32.34069214101239,19.009140032450723,2.516017631850017,338.24916246976574,28539.552931993345,9,0
14.440180982462127,43.98929717902584,2.0273100280706355,370.9405875757012,5813.050087677477,10,0
21.91533012728351,46.41759859931274,4.976942296725776,405.7012311884939,34955.1823006513,13,0
85.79262141687553,77.13958129698767,3.606605211183063,14956.932267819888,3271066.8847635803,415,1
16.488698255657273,25.325578597519822,2.12279005258966,201.86472470709393,24081.99718933866,4,0
8.351962891508853,38.30198901534755,3.9478628567740057,307.2388234620003,2124.1688645523063,16,0
56.59610197492044,79.99796222410671,7.498966970785955,60.23771707411918,9450.417420325384,4,1
21.56343936130895,13.728992827448096,2.740180801578546,463.0656383376114,38890.92899123057,14,0
80.0577315672473,71.71547755690723,3.131444389701892,10575.54946497198,3885377.808134315,304,1
99.87482082837231,93.88625994295478,2.844332916827743,46.65595071292541,795.1449539194956,4,1
7.858355102518959,39.135627935376036,2.2881653159272863,344.4165909564257,18502.189517373066,17,0
0.12460206789254968,34.00339619398207,2.903225478443061,206.84669806949339,15269.627404712166,12,0
22.343990225844763,51.81734546691741,2.196603113634954,207.04109357658254,48774.336904137686,7,0
95.89345298342599,54.48392020950618,4.301812187708254,12119.978011614816,4079878.452174859,501,1
29.56909460927495,18.464450119685814,4.3648927697796704,320.62040127450825,33203.333319410754,18,0
1.8135724727398372,41.42232787971946,3.6458188551035193,336.74153147860727,33119.05286716511,3,0
44.81516613563213,77.47260009021463,7.24040312815204,86.86781762286216,17357.96354247636,4,1
0.8767716898885558,26.792870218248186,4.55520165293845,294.1626757553353,33955.788171486915,13,0
39.3915863964971,28.025697496080646,4.18063935812838,383.9846179183601,27362.8996472836,6,0
49.088223100499604,55.29429691470546,7.707464312969645,66.37617521979867,19943.078573736115,6,1
86.78421429109066,73.31115666956143,4.6137264292339975,15294.973691258047,2042144.8419034993,591,1
56.040141232258804,46.14234025287107,7.55569230111826,58.85990274755848,11327.45434343453,1,1
94.48545568242056,94.33823205483142,2.3011776298162783,8.202793669985192,758.5992486486492,2,1
26.023578250626485,46.37116369886253,2.3849170394810404,130.10624808066999,25042.629409956724,6,0
1.7251783740375748,36.87679770435599,4.987634795111306,285.92223754139457,2467.8902388766464,19,0
31.465783454106916,18.12583164100647,2.9526069990442596,259.8568340499711,42957.1964960267,16,0
29.326959182713658,30.70761646485707,3.7894387588003653,313.2938215432035,32921.902080481545,8,0
97.90659229999139,88.53815840124055,3.296494181990493,24.067083196436716,392.85814058143495,3,1
5.2092118912117735,16.158423428449467,4.684375214336435,473.00476048067975,35230.481033147335,16,0
47.69653002514688,34.3620949535822,7.9859264818649836,94.9823469527418,5439.4801912615385,2,1
7.257260920133035,33.437597200181116,3.0783956136003905,299.6231895907403,20078.117304684412,5,0
17.43146538221859,46.64796705261022,4.143847611285923,288.68852021089236,13970.899845499793,11,0
11.658598194502744,38.20154797879388,4.067795488154488,95.85690797670307,48576.739099603634,5,0
21.791969739192627,46.95948898704273,4.1137954941035115,468.32578645737334,27899.6130374915,16,0
20.062098361882462,32.66740331903982,2.4346940301635898,122.72923807486053,43544.25838941505,1,0
26.195134364130976,42.56962037050676,3.449902833074069,41.68353565113818,2598.705841950272,6,0
41.4605747323364,70.4282292065244,7.797711741403108,51.788209521491844,19548.21268844405,2,1
30.703465668310315,55.377429478923574,2.426705508960371,123.24296305995462,22505.97668627532,6,0
65.7803011102567,45.29507040119784,7.212225983079163,96.19266084832283,17516.245101440345,9,1
18.91540341595162,46.413986727001806,4.511490205073661,327.3616649770424,43021.32637448149,11,0
19.537557653721862,52.436154314740676,2.0266985031066946,29.921869551360345,14461.59531507926,4,0
20.73832009326855,24.867650158786162,3.4508354120456324,127.95456838936268,6185.30505429384,2,0
19.817033352612064,33.02585578105051,4.991332264079596,39.99308412754513,5987.427936703494,18,0
2.948198642515276,58.158248702302885,2.50145912413155,118.247232883294,35752.35694025544,1,0
0.8587715764423853,15.672623236327118,4.964435009785928,169.46612798192058,27656.441507686504,14,0
33.35483793661054,54.790129248274546,2.9455326962022776,109.05735456512022,19377.703798412156,5,0
3.9202782974629624,50.189838102403215,4.701502636794684,191.97961474068686,20909.41159738857,4,0
27.700897642631,52.97923004903142,3.4645066808658824,360.16109522859034,19920.041154597555,15,0
15.810954126748179,48.40856781365343,4.501291950833178,326.3379848530512,14152.509296553162,12,0
90.44170967022355,86.72331669992391,2.318687563536014,36.98686418369779,588.6396715095154,2,1
20.70509678685051,46.02202723439691,4.639630254962203,42.986527511252746,42487.08697633087,11,0
93.84733596966308,83.6983747913754,3.9487757816938807,18388.647779292878,3640300.39341955,599,1
5.733162052321377,18.98742144174635,3.8945885361290857,225.31038784003857,48907.29323476877,15,0
1.1260265552305926,10.125937220199447,3.44318070983738,221.0787948892956,19032.233867447332,8,0
64.46761621812863,38.25233973580159,7.913379025080789,97.88845090583254,9565.325984097493,2,1
5.477851795303792,55.329349281623465,2.051120804440464,498.3715373643795,41788.734800396975,3,0
13.742245288310935,49.87276027813776,2.7078724361867277,250.902763207613,25239.51785703376,17,0
1.053473760129986,58.57129198917187,4.849567415743724,396.9648331670004,26707.231757416055,12,0
98.47765290678282,54.80257321957317,4.520791914499036,5631.1283543891495,4111043.6215397455,576,1
26.95329132698791,12.53526419397509,3.6705528344398544,409.507607578968,13457.833631769647,1,0
11.630672646326214,39.884459545769936,4.282833126061875,44.73149533965782,41935.967156460334,10,0
46.34591050487917,34.54197567121547,7.216609614912509,54.45062100577102,18808.465709980163,6,1
98.6178110474324,67.66772706546881,4.49877147888407,10654.95623031697,2797471.035345083,136,1
51.07356494026702,64.18059221514375,7.623795281586073,74.08290140626498,6794.368689522447,9,1
94.9003423073482,89.65732796710843,3.1168085726179133,37.1647115538675,363.4537334259954,3,1
82.03277821764016,63.09618863343128,3.485497701892462,11805.833463261548,3038298.358789924,291,1
28.709871543587386,24.226887901730784,2.902979066946852,400.35499880140463,20113.653658003877,9,0
21.298912821181947,22.047189492953137,3.8299757254116926,166.18346362629777,22674.615594098002,5,0
35.5676290032478,50.657580943516464,3.8910394915818687,51.6727747905751,16668.426981987694,12,0
95.85339240349902,87.6322297925107,2.1781870768168465,16.546544624024584,142.01203731597545,4,1
93.36699808391334,54.07327859678837,3.85263585756571,18358.522588188032,3599390.767155436,294,1
12.770737441599124,52.1197067942308,4.5886318610279915,485.03961376709054,35656.828150080946,10,0
28.502558966512666,32.421942877206824,2.9981826121974793,320.82093393185824,37709.54519704198,11,0
22.285591855511825,19.648816166570747,4.267508863386809,487.8476679888044,20197.88898837024,9,0
32.62925944416822,26.854469725459143,2.693198168025657,150.65365723080438,34172.753282050515,15,0
32.29961299313957,36.88959731289601,3.875734879754587,249.12388395967915,7014.488861164094,12,0
20.02162446747674,15.481308543798203,2.711522776655659,392.1189691197933,10793.289250179403,2,0
16.5839568590464,23.14596039347572,4.1022645905712665,327.3227001008046,18765.097548347767,6,0
21.760586344272063,22.53144012962431,3.6541133687541296,224.67251802034448,45839.08791545416,7,0
88.35652387856777,87.90851311337268,4.686935154507868,19349.0239488111,4360647.991912415,365,1
19.52194093513674,57.731261821147925,4.910235681098701,459.7553590402949,24358.195632768246,7,0
24.43841367396236,12.974001205684946,3.5454814873154827,135.88793290018072,41660.85341851822,19,0
60.02445135784515,37.33286006136885,7.898336481161824,60.4371611637708,11954.328117785219,8,1
99.95857666281827,92.74611537541722,2.8794281363076744,34.791583054478636,344.02620619739486,1,1
2.0452544047023924,21.93063254179716,3.6606904272450898,441.1192991542551,2122.867538388723,17,0
5.299513130038864,34.4448480325395,2.411962487770659,113.65327242408205,31740.477399862673,12,0
29.404317462376387,43.04671046893141,4.257639478188194,333.33289577647474,9123.190559230385,4,0
20.440151356708057,29.23420812636162,2.181516503831481,440.09189195150424,44910.21449105264,6,0
32.332321080102645,30.621499127280618,2.859406831438587,432.0747565853036,45394.91116402015,6,0
85.1544549375223,65.6839342862472,4.200178287212438,12769.211543296045,3527897.3876889455,443,1
18.872481825247654,37.34142980013699,4.726568184673922,338.66327023342404,26106.263284561188,1,0
26.7935839487943,24.658821590443765,2.209403767525586,215.35469104200655,21367.851603741154,10,0
47.03578386581178,71.67470153577293,7.378233106419735,89.71874265310602,18556.993394712477,4,1
15.948877726208114,14.170549156961156,3.2312791495735267,29.728839372591228,48878.26916825362,19,0
0.9609248634009848,10.792870186756229,2.178367200193691,35.81381266728177,17301.932556851127,1,0
94.53196420097649,92.08406936148896,3.8239029888808718,44.66279261583022,483.1508106344461,1,1
36.92505657536661,48.673265639357105,4.859887534080403,316.26289561921163,5436.121047893565,18,0
92.81372434039939,85.66137545108049,4.502135313757544,7968.675942882216,4404611.589319665,774,1
5.671960452486973,32.62256956939813,3.2808561826250995,371.13952418487787,38980.21835585853,17,0
5.254349645427454,19.986587372615563,4.433083947321093,292.27117085133364,30406.788642929318,6,0
19.543101194899045,44.298646919804426,3.677288571290842,317.84512839166086,28945.186429158584,19,0
23.780757747290984,59.026156305810694,4.158212848167748,421.67592612333385,29190.11590127345,19,0
63.34709500455273,50.412667278710856,7.743379236441634,16.00698142205278,7803.0712222061775,7,1
1.9451851204122805,43.714194335093204,4.4459104684571304,332.5203960837145,48618.539264456806,15,0
10.909275843246306,22.75271264891658,3.181381683604235,430.8232558287813,38119.70016307841,4,0
95.99483036406723,90.95347705953604,3.8899419219853573,11.481980170035976,974.3251850327683,1,1
95.70350922023854,64.82763079186515,3.694988817831649,11511.32851277001,3001277.0723429816,551,1
94.02055450495905,91.2629842371373,3.853873731257086,6.390939978705923,325.92620121602,2,1
62.87324239875914,53.29245856826434,7.584754801813081,96.57060443901825,13600.617838029122,5,1
24.355251624085547,11.755824541041108,4.671115154194046,237.85543567255232,12248.868951035442,2,0
23.62265401367917,36.70356471460744,2.0075462919903355,226.1638472239985,15862.307143929667,19,0
7.115942541057727,26.79552934967088,2.9335992737703287,418.78044771507416,1940.694163156702,14,0
16.983370909886784,42.266083035608105,4.8996220559742705,286.28523703040725,26950.361395749984,6,0
96.20478059146828,91.14366699629194,2.294320174454065,37.1888628506023,852.6315553264484,3,1
7.818642501832822,58.47107739060401,3.834295459039399,478.16945173803225,42011.75141005079,9,0
11.063135956121126,20.010951126416707,4.670538968732981,311.58511304943187,39400.38633712762,4,0
19.575793048402495,39.86051691208162,2.353554101510475,80.05452722549902,13621.159161690206,16,0
94.97594410485601,84.37635291363955,3.2667455204781453,11.247983454499943,975.9690138097421,1,1
39.15045209974509,30.09191209227838,3.618208461411982,372.03235517214523,18438.035701717137,17,0
88.35914472001879,73.04943730437641,4.192636833656766,9884.290766025,4015470.456332857,909,1
18.028022134212527,24.770231925733434,3.4332408651607924,26.62208748980721,29595.820144770627,15,0
27.244736702897395,37.38614544717372,2.642392148052089,290.64803069392354,33098.552021967684,1,0
68.104953403265,33.56445594951182,7.199261526636972,34.98532675756792,6431.052502521776,1,1
94.4154316064081,95.35539412003841,3.272055823719624,18.08959548407113,648.8203854627124,4,1
0.7690338587279566,20.50846770532469,3.393175811617863,344.10380772488156,8406.24678378634,10,0
34.45898805773113,50.83953349334584,4.133705222705998,130.48522474746835,23895.04856869438,19,0
20.734131018910315,28.875528136322732,4.426955270981664,246.7112647830508,29866.727618623623,19,0
41.50832514411944,37.06394014841313,7.337246256683094,14.846538312119492,7469.355571616757,8,1
34.657609661440326,49.63995644609227,2.65298397241452,418.5965003662931,15945.97224907434,16,0
33.46855932400517,35.70136232427407,3.2323382066572983,212.03276649000694,11509.788754986506,10,0
22.408049278928015,35.633339415230814,4.377534901845832,479.4531632817078,31986.36061459601,18,0
99.71616215920706,80.49043743664556,3.027274712894915,7535.919988878705,4367371.451405187,490,1
11.514065596149647,29.16912370930354,4.729855296840588,310.44140836082494,5450.935677409029,3,0
1.9601329477683516,17.186300825075158,3.792385597771119,272.89649350401027,44047.612015918145,19,0
18.7893472100688,59.54150795963378,2.6218447438627575,326.8232159478554,38222.76262740565,18,0
35.59400173399297,24.765131399621,2.7037444159618165,283.59929606408286,1411.4746010880408,7,0
22.002532276462855,52.309591089856916,3.9883346957999932,24.62809609169401,33909.01888067351,10,0
28.110812462530056,29.837524365035375,3.0898657038015003,289.3431181929174,10833.319808595566,6,0
37.921789363579286,40.429679863231826,4.964687708596987,350.9151311869476,41565.22729428481,19,0
97.88291555997256,91.768421465295,3.1992296064626973,1.8120353491174968,284.2982085311262,1,1
31.338620127490596,26.385374347094384,3.910179667715342,35.642124148619885,34321.76923911726,6,0
2.701404877703917,30.152699611865692,3.0685582691548565,48.54446438287299,2857.6330907695046,16,0
21.764352539748238,26.17350672094295,3.206335207223978,84.9083283872971,44501.30638848301,11,0
12.051195030527557,27.883072789175884,4.935815008858027,299.68882818429535,17043.66952801869,6,0
89.31845115922164,69.73694277872987,4.872442269991196,13337.099966088572,3992046.9219174506,442,1
98.05430651847549,87.28760024229663,4.0327166889982315,13395.272644105342,3138342.1167859365,112,1
41.482207036228864,30.957034248978278,7.717141989354321,36.99625864223793,11853.010305374668,9,1
10.336772791024673,16.297495359733063,2.0469628800197612,344.1733799863885,32904.919246930694,8,0
7.159085251477109,26.511455101373755,4.82037165555162,134.8700673978883,44795.196477282574,9,0
12.094682538305882,18.82087619493317,4.693869554339427,91.66419450918892,39061.27512859288,3,0
26.736542538718258,46.53731757164611,3.7925963914794156,300.6089518498868,5439.268072849709,9,0
99.23015387501749,85.20907253047531,3.9300114561542543,0.48146267343887605,760.4591626216555,4,1
32.76561804132279,51.77792528546783,7.293122965936872,98.65968698788058,13632.877101756909,8,1
11.3995956242522,20.636100573470145,3.8100200020476382,438.8083800491362,38123.49623181295,12,0
8.86637939284837,14.684491800733548,4.230240848797315,301.4592109686549,3324.7540103332567,13,0
93.11181055220848,92.62586783281698,2.1953941910244335,44.65024776216668,492.67913572307464,3,1
83.54085431587369,77.69895843974032,3.6812994243021526,8624.330945874077,1401161.2191244347,205,1
35.26846986675362,21.893416035283956,4.889673304200955,487.20030454078255,20856.245886930617,18,0
13.21969975327491,48.882945795033955,3.065411619236577,40.33033908822007,12789.438286678547,5,0
20.397537767566803,10.739215854445568,3.994158015568782,258.62879153925485,24021.163845987525,15,0
26.714234557298894,33.428648918691195,3.3394341032209187,113.96521821982508,8439.609365893197,14,0
25.321578328646346,13.281758814108827,2.945945530760373,462.4764694200137,4393.342412032949,9,0
24.968031185598484,15.713142603532745,3.6927840963520637,303.92721230818773,21278.327819260412,14,0
13.716617603884455,22.143546949157596,3.9877434381252885,45.27030786830713,13993.27642799668,12,0
90.54413854867481,95.93306912968613,3.806110953974871,28.91032451477252,63.46103419059324,1,1
89.53777846309816,69.84599606362093,4.171956777150287,11671.556851986341,2476009.4416040466,212,1
99.93045080171603,99.0096392710116,3.4634596231157704,35.16400678672365,744.1350295117433,4,1
34.6985405746415,39.46074556525706,2.417648775152611,208.23984939852846,2535.1681847464206,2,0
91.86604398362078,70.24813041109134,4.744696412505325,16029.98452301377,3269615.359314357,217,1
98.66724575814023,77.93187726173427,4.850312822830762,12268.976899208576,4673434.66904266,211,1
1.607757802722496,19.666700206357085,3.4921387728940556,376.20155759630484,1184.5932910643062,16,0
90.14812980631952,96.05107325865683,2.5634183593033315,1.9530193308411603,480.2258217286299,2,1
97.29553649138055,99.06305501119573,3.166060642523357,32.264653471907394,443.56612040083974,3,1
20.464986511040237,22.01769559499847,2.4332398262251886,244.0609477368382,29582.764769162768,8,0
31.514607532294995,30.274960262396718,4.723234770940807,409.41149324458723,45219.76710036785,12,0
3.688480260086493,25.6119243758371,4.187979055277017,104.04748244141734,23638.082621006124,15,0
36.74992308502841,41.173127247829896,4.488720944931979,337.0917655424544,9366.424891471077,17,0
51.78317290211964,42.62257623519446,7.325495280689477,56.056746950871236,15368.252348298525,1,1
29.985052014430217,40.268432581916876,4.220619930714749,101.13696517832744,42296.94432590542,12,0
20.18655569519959,16.804234128799493,2.2598989630536916,453.5321982409121,17670.56093462031,5,0
8.978736007453477,38.12847515580768,2.375106236498927,105.99314184983946,25660.94238051043,17,0
16.42974423625615,20.277631695846864,4.325441099724266,31.322797850424777,6710.225706188628,2,0
87.83045078514849,55.49763862716392,3.0015574704527737,9122.878087482099,2580827.096033062,716,1
3.6622285300925084,28.178861874069373,4.424369463349901,118.1890097986235,19928.58948954293,13,0
18.97138558847505,57.67729822182088,2.618997294566417,297.3664367913242,32970.15294442543,13,0
83.73884524443528,74.6599271607937,4.0932588516682,11093.521389739939,2044696.3898975383,129,1
26.065240257226854,47.936292851638164,3.47489780505843,412.6918080008148,36565.94898684137,12,0
31.087208865162562,20.548713872245152,2.1714500884951864,147.07319371753664,25389.453739910976,2,0
22.81094613852575,49.97457287768534,2.706207106946045,247.40853187846415,43099.977186050775,8,0
26.285682066867263,42.59355240723167,4.168268000973714,129.79418613832252,33357.16878004903,3,0
93.74195556544717,93.85654014972191,3.0390290016369614,11.415093670182102,978.0240111085126,3,1
21.01824442342513,18.67448841473476,3.798266583790288,404.30929717822715,26585.913674863124,17,0
38.86530171042109,57.63287204239967,2.782400182738406,193.78460273641275,43501.70685632224,3,0
39.21880299422813,43.26711565579712,3.426338425031115,382.4087986033573,46223.94054294909,7,0
2.9074035002302745,24.008887044405014,4.587132958202778,130.38464923458224,12854.117241900494,9,0
19.81857216818952,36.172506024551225,3.2031450871276177,228.04145096684115,23074.202878011503,19,0
5.810283440400652,54.470415968210816,4.889407935411137,470.43804284862995,26765.49874266492,8,0
30.28809277431201,29.77786724685125,2.1720744644313226,477.9005654867523,33212.838931125436,19,0
18.56744390532618,44.07668249675053,4.007508432075188,458.9915985639756,41645.822375347554,11,0
84.61090845747057,58.655324362114136,4.580844780214315,11341.0254986859,3850095.166476783,258,1
32.54937255200752,45.28861825880033,3.617334145106417,364.1661791402494,9311.464603111526,17,0
81.64417998665985,59.32702889638789,4.373361049472873,10260.759381975518,2010033.0267643542,884,1
99.10528307033057,81.55664403389068,2.0572377688949377,29.6543649384976,190.69196278028866,3,1
36.327132139929866,49.79013278252795,2.7326785704525682,413.1215921464207,23737.59404863968,3,0
2.113391434986256,46.276647038327866,3.8887672440645895,50.037930370845075,7988.635984340091,8,0
30.04985562770097,39.63110096968129,2.1624166114679464,313.64308549490255,19885.920875301726,12,0
44.500628456368865,49.85546152133577,7.059928889733147,36.11971411716494,14652.429304058473,6,1
92.37060216510726,80.70127976832731,3.563610804762777,13118.110816101806,1035260.2524019554,423,1
23.500930663864903,21.51190551018531,2.6923725436870622,214.09022330151225,1309.0054487155069,7,0
32.494632622708586,57.656027272892594,3.036035293651707,295.00284444008344,36457.12177540772,10,0
94.31617107448311,80.06348092495868,3.719186127417004,37.130857871190756,618.2766473310403,1,1
7.043523764619293,40.167914145574414,4.517333119949364,107.26407122755721,44002.85526241233,11,0
12.55329706974087,37.44489292770368,2.269686192611838,112.30140278657738,40292.772808848174,5,0
88.63758988135876,73.78794663203944,4.32516017131285,14672.232070325492,1811216.3100345698,886,1
19.825646442825395,28.530712939759646,3.2285643233836625,347.82269670161526,8213.049884462598,17,0
15.090590862396812,37.27404760873955,4.914111983770214,107.82546040545941,48976.20222589364,4,0
98.47508436195422,88.58209049037765,2.97986794427589,8.516359152422565,566.586976468848,4,1
18.889922751227637,58.039070211158766,4.963355392406402,211.56498893064312,47208.560132543804,11,0
39.66367804129632,40.19404232206988,7.015081577407656,84.45667840359435,17796.345699517435,5,1
37.576558019504766,29.269289753657688,3.8454838244015606,313.505508511402,24328.07869276347,6,0
97.02131123916158,71.96670944345449,4.890833723818888,5055.4987122083385,4844747.178037301,669,1
25.579396093042813,26.56968491031518,4.902171975472168,401.73650908996336,26841.949921967433,11,0
13.401986380177053,46.69973441647885,4.386460966389115,116.28957031886758,36758.400448970584,14,0
8.370302285856038,26.578919112880726,4.582844323654602,133.27809212266564,25694.02422797433,3,0
88.75201113334742,82.09561042516745,3.5739404925644465,18599.109824060128,3364093.548092687,672,1
50.32046417293944,60.23430781264967,7.270503146623828,51.57929605952939,14512.673331616,4,1
34.42979796785212,42.53463896858955,3.339934655318808,372.79662065855484,29028.72508281431,4,0
3.6810981020506794,46.304034370467,3.2598478401570823,469.9298304123978,20975.89561113001,3,0
36.915364923848216,40.356282333000266,2.719697091987247,376.7958719804955,49619.04873146358,8,0
99.49698559092687,70.96088191561617,4.660667342987839,17490.702026500447,3134357.493961371,105,1
39.89243260317958,11.32504727170869,2.4988829836773143,445.0391240839101,5719.737379457541,8,0
19.774141911774407,38.04357724494861,4.4072027577852175,254.68542259021837,30571.209546822567,2,0
31.92764652201859,45.10434068368587,3.4244865795576582,128.40802097075743,6748.793064788823,14,0
9.719152509845319,46.06797636811786,2.7091148244851597,280.8301179844257,6692.267183449722,2,0
37.10202107381462,56.531230976951825,2.313427884976755,316.46334601203984,30788.19755126052,16,0
4.444691213520051,32.87119853774446,2.8578448351112993,498.710161201992,41796.54833327656,12,0
22.349237114022756,39.54048872960081,2.809757838976385,283.68357429370025,33069.716382948944,10,0
7.996533487777802,46.30957631413656,2.09668171700976,210.77810879670508,33277.809228779166,8,0
4.289310034203422,38.83130569648661,3.716342785028356,101.55358994110703,44164.196343586846,1,0
22.186456293286927,57.493814702116204,2.021077902290011,55.09053158395719,23305.670919389177,12,0
39.601678835903144,53.58101013130963,2.9388141654800344,413.70835384037304,22845.691081567616,16,0
17.50801489559168,13.089086174805816,3.784239245602249,144.7743226222575,47539.094218319704,3,0
33.71635766509388,46.4501691890941,3.062339450416082,171.03726189624348,2719.274437138475,14,0
26.748729582231256,50.913764053450976,4.868284196230313,232.64169701374485,13249.414685216265,18,0
11.407149598820684,46.13126306134601,3.3690046945331087,304.8889958096105,6134.300359247881,7,0
34.48951262536726,76.95585490340163,7.7436585452528695,50.85353062082843,11165.316397515588,9,1
32.38319454938719,19.454240833625583,3.6724681699428086,252.60491491582738,19816.45264224793,19,0
35.429543762848354,51.64189232259899,3.9315288598728517,42.27565605578321,39877.19358972978,13,0
94.75236914544415,75.67662024745121,3.017180929793357,13555.491322090005,3037884.696382931,163,1
92.40902232985556,82.96116699154106,4.638247732382909,11827.053054646134,2866759.4037367054,580,1
90.57538718294397,86.59652076660358,2.4714118555624314,44.054394826842106,504.7195518906754,3,1
1.3698821087879764,55.104666663964096,2.287349536008093,402.12217262983336,41862.29465293511,6,0
9.678884103656182,32.914438919338735,2.8697555501958365,305.99231468845795,35137.47580156039,17,0
96.08783675724959,97.79340083600883,2.47195988050351,42.29664003365258,608.9986974231934,1,1
0.19509738786033903,21.503975068922333,2.8140693494674296,483.59939160089186,8211.55535817949,11,0
35.517024411099634,25.03038621170663,3.870577363834589,51.90504307153274,19530.15140540021,1,0
39.45429306426024,32.81940430829374,4.010780120934664,193.02221541886817,22960.212153570654,15,0
37.08581335119643,58.732665226966176,4.330842091881643,495.7474570402621,39839.001731486154,9,0
90.32660207423416,90.06395425037253,3.4979490437644047,3.657855872574328,354.00883148646614,4,1
17.60394684229475,38.73141631053211,3.3593569450761795,466.6010130869795,18148.48037807601,16,0
37.93832400213398,36.975394986643174,7.375771886850454,83.28806973521684,8666.986195116519,9,1
94.94052983343606,89.29001445166556,3.780779092772889,19.18133448506239,13.952722250724413,1,1
37.15699708420059,46.77449479632992,2.353952632147915,73.46480693917431,15680.603839789328,9,0
24.132982854096298,58.34756846497314,4.205815162166929,461.0254083429204,36741.72244245579,6,0
32.515829637535994,11.655237672238325,3.092865773327763,127.11625477191069,36894.74250356309,18,0
82.81422839928099,51.78242615241879,4.909928423796853,11413.128296813764,1942826.8406535792,922,1
10.546102363120141,22.5287055247511,2.5211232237314203,260.93713809322446,21869.20630361965,1,0
6.00551377895278,13.910172673423551,2.503540118667985,470.20400584062287,19101.581361863075,8,0
86.07627035149011,89.95902320008162,4.06585879286165,10246.17572020113,1329247.7413070821,198,1
96.73381199504952,65.40923444927029,3.796910144979058,15838.958530349857,2639700.096961139,167,1
91.58141521443969,85.34625403814232,2.7087964197754912,12.900215511822966,657.7178581657668,4,1
17.138765437459362,25.153388081354315,2.129567841538603,97.07170653659291,22658.194423507128,16,0
35.92879590319349,58.24020573196978,3.618247160626582,126.73674832228447,45938.266549660584,16,0
10.159269068069143,20.664049354949185,4.252597321251704,155.13260806792533,36216.98757400911,8,0
29.791297240510282,29.86878972575685,2.524563376800235,142.26030204230628,26626.774703118732,4,0
26.281586489723935,27.77360791431744,4.061847525462408,340.96677955789886,33518.48917002067,3,0
13.46524162900879,47.58743426491711,2.7369097330844028,59.495293431098325,48790.376171199954,13,0
10.157763901621584,25.15542057331806,4.131740961742696,52.891255036937615,25355.588970677538,4,0
63.80375671366581,37.585314109751415,7.405390540727489,59.29659590372333,10457.1019724671,4,1
35.201555782421934,56.16141660078149,2.488428832601169,427.38164922607416,22220.434411705664,7,0
27.527348776125944,20.02824963547927,4.9114150425882865,202.28645223646535,38171.13063716934,5,0
63.793336438721255,42.447970329412094,7.4408051981199,45.94657083543817,12514.791045507216,1,1
80.91368349750145,62.037222726836205,4.624658880689387,19923.763682128054,1589451.1136603141,949,1
57.91603131016416,31.05681956163411,7.357519863753821,88.89611601514117,12783.704894799046,4,1
33.35118457556219,17.88745539087129,3.377350959021032,12.266756588961826,12203.513158642212,3,0
36.34928914481883,27.373677427481198,2.651386404117887,211.93209996808997,26628.974366059745,17,0
61.43852760479935,32.184559540239015,7.994440289496459,49.827705948631994,19731.885157906792,9,1
0.059460289344972495,59.778632500588536,3.789563360154338,441.8063857342173,34386.892021155385,11,0
98.12141455306104,68.50833978609805,4.656140632283174,11349.843805148586,3559113.9251343724,214,1
98.29322862373797,51.50274911157326,3.896838728518711,10211.837220231908,3745305.7234151904,226,1
24.02184973386977,23.069412878799657,4.915800728704227,470.21220180174123,8150.802624555143,2,0
82.86489058204344,79.55284941154795,3.3797433682939397,5696.468570089376,3807526.6664954266,890,1
38.39751854481625,39.00925256639685,4.3065453751754745,310.00036529237417,11372.050482574168,5,0
11.66267935147339,19.19691671122659,4.981542491119502,89.71204768641981,27290.266934182822,17,0
99.42549600669219,81.78704898040166,2.4085860136368353,8.280802967022083,769.9041930985848,4,1
13.864914664681667,12.925440987960481,4.912573126395751,139.704961103244,11115.563477363046,17,0
27.75445383971357,37.146139749212516,2.2628137401794577,95.41796346015573,36053.73898321667,17,0
25.427326145430914,23.228436963054172,3.372222581472931,190.17542194412212,14010.193455923878,19,0
66.88901333786211,60.88730586711252,7.242763937779298,80.6299209936014,8015.399578473016,4,1
14.232923919514388,32.12314866619714,4.440185333778419,235.25445263801524,34857.39581021571,6,0
22.401312842731457,22.766906093627966,3.424307656727045,217.6223798882546,17518.166479212305,14,0
31.097787172520782,28.78935761821624,3.5546519926305944,296.0038263652796,31454.66212862304,19,0
39.040882293953075,29.244224292752694,3.8198678767180594,415.8467017111583,25608.677167359572,2,0
34.73190099918448,37.41397211901814,2.3334551366098735,12.524734372853429,22222.023007856773,1,0
28.758669889059462,10.907590458180863,2.9982306265522043,71.60917290733444,2186.291427410498,11,0
10.512809120988669,10.646104553220717,2.4169945267840305,397.9276157248946,47604.28634571912,4,0
87.90833696312079,62.634877013284324,4.386207637927589,14507.096861613782,4853502.058874885,739,1
5.3950116977163765,57.88215130714112,4.842996578537003,492.2981434741887,42713.523548008,7,0
39.88833961418826,32.87641594582804,2.3218069068158638,30.743541164592784,30865.496297251982,1,0
39.551775899133766,51.14745960831219,7.16603407069584,17.153762610624728,15853.20620313987,9,1
10.441228534226257,42.14866945693991,2.0808015558789004,355.19624740731297,17922.641427350412,18,0
94.00723367853548,83.25459087370727,2.395683700892798,18.585688231270343,452.17278047613354,1,1
33.00002124718435,48.422516692604034,7.164122976428745,54.68994446551844,18274.256908068353,6,1
9.061657436861568,39.94784683258762,4.378769061314518,107.21492273512571,22955.299358639106,9,0
25.851089415886275,43.41342766356591,4.300403575453522,340.3946938829522,38164.254423173086,6,0
3.321863833813903,46.34470262480031,2.973002051443324,298.6246363680922,18106.881611739896,12,0
93.8229286757849,80.58575270056326,2.9040353937694228,6.9699369713712045,708.7662893801748,1,1
81.06979989196446,81.64620119612965,4.371198927804681,13132.055871831126,4728626.857129796,978,1
21.83498573441437,11.976397842842559,4.9219106403208395,211.09853895904354,49035.49650563982,3,0
93.86727624518471,97.83699730403521,2.584446429872424,7.4498987932861915,864.3651849046034,4,1
96.95810768030424,90.9192037024906,3.775206646080186,38.16383045291307,235.21588321753583,3,1
98.5727440374969,95.31182920779626,2.6625606273828852,6.754103392199568,881.8076850406572,1,1
38.81517014325565,39.56946156046608,4.089448119869722,495.4340390895706,16357.31694767839,15,0
36.47612772543184,54.57130304515192,4.297677512293858,114.5760297773861,41974.96896917761,4,0
97.94548447074632,51.02853512514231,4.915711885306037,11346.584890501366,2716803.259334215,801,1
55.51932420176254,30.461174166708712,7.966162202903952,99.45134159217216,7864.438220449034,9,1
5.2559436989446295,21.460078805429525,2.2071897433633207,140.48514538297724,38249.361658330665,5,0
96.0830269520612,87.91057258547731,3.3047861505188796,3.493439823405958,448.35234619005536,2,1
0.40559405500253387,51.890931593276854,3.695355970546694,172.53847152849022,49800.39706153782,9,0
1.6392641723730295,47.43555650009849,4.384879206383782,163.56708330113946,14729.920594405086,18,0
25.146438281935033,28.79263965404643,2.632843791871762,189.63175886345493,34054.69578717126,8,0
37.95245111706519,12.812643947556666,4.115719171132259,53.34034315292588,19813.44465345279,9,0
32.17794025275187,42.44942373177964,4.796592347411436,410.25201101871556,17251.02985328629,14,0
15.275493583530558,38.0303576736478,4.038112763418033,291.8898207717156,14377.480723975454,4,0
29.498269344170396,35.88212056999512,3.701018213805305,236.0266110647585,3609.578825868125,10,0
87.06946133257192,82.74727235144458,4.436196696616282,15448.381596665224,4437862.013658438,727,1
16.80986674548674,22.000685552424166,4.606070178545483,397.95278181889233,28019.922554425837,3,0
80.15114258638532,61.481337001123286,3.094161223194899,6207.714251936233,4456314.872673295,934,1
11.067183693134407,11.241404925869254,3.7762848148756434,448.8526197920124,47431.85074513685,7,0
9.031945391774014,32.28734835212775,3.234416556647482,484.3184628347467,35514.86650142406,4,0
99.17953738854501,84.71282393763376,3.3388041614799437,22.36427273057322,817.5294943920667,1,1
25.66434323300507,17.84722189044318,3.80009977235778,217.43483914856733,49873.30234494703,9,0
36.223504912389195,10.373831610553005,2.0536059888949607,309.27594599407405,8246.958552759334,19,0
30.446958341676126,46.808581463820985,2.9536756420319374,214.3851123951093,24115.409362688162,17,0
23.730204662126482,47.043354690309776,3.890536247051899,335.4044808373625,4496.028721822522,16,0
92.77211280900009,51.99845379772994,4.439851790178281,9414.723701383591,3827142.8291701274,576,1
38.36033387590575,53.96524368610943,7.225096199324468,92.70640434589463,13837.53238249413,8,1
89.75881810562696,88.84586954914971,3.1546519935223376,13105.166818723059,1593903.7800098546,553,1
48.735318486223875,37.016778234802665,7.029153580451666,39.491368982285834,14605.227695595897,8,1
35.80741598650793,27.613363260012722,3.2837734112157135,400.312015605085,8696.936490140579,4,0
28.675468606806824,45.61757895089765,4.778230834398241,270.68480192606904,13863.292090272422,1,0
14.169137285003712,45.26753479273685,4.262919791041268,20.618784881408775,35465.09918003884,19,0
12.980740654897925,12.122114973289458,3.099920371273459,474.3997894496653,44043.75699133817,10,0
26.145487168099994,32.391566621560926,4.108226848812862,217.99840446030302,21646.10437654965,10,0
17.871173331961426,42.64243984999241,4.5282195875555455,405.5608174154259,3951.6327117424385,5,0
17.44027666372205,23.660100831690684,4.638988480326918,88.2943595094342,47753.93777899584,3,0
91.77167290086012,52.96018915355579,3.505787508518572,16428.90400076394,3177457.596708969,107,1
8.876430067673905,20.14186738988238,3.3133698232916844,277.7361658597921,8749.105241002464,19,0
18.29415073644659,25.97619191534661,2.480534208063622,367.16856272144025,3815.678794722428,13,0
36.105592348536604,43.83634801757208,4.689860489530522,304.4925090936267,10160.140207628941,2,0
11.380051831343302,59.60720651670158,3.0369807255466155,115.60204464693152,33476.83336940174,8,0
99.12338795179436,81.64900827872805,2.6661108768516746,7.210811259604638,515.3000676824831,2,1
34.087749272608306,41.25546364433481,3.2902747983634195,90.65250523006475,1261.233908232872,13,0
20.946785531525776,17.130454192390566,2.4694863139675793,353.6144137023337,37026.71252600753,5,0
1.9978185942923776,52.66237813310386,3.808298727320214,179.09460143423377,3981.2987598968543,10,0
13.496096003291417,10.992527229367528,4.615484113883109,325.84663011680504,32611.87995270799,15,0
12.210504711226505,52.239037692118224,2.718336213296461,31.859520493604492,46463.733652049894,4,0
0.23870357165621137,22.52438415595406,3.299116474899403,73.92727346631267,37476.94452756045,10,0
33.72463791775391,36.42643561321874,2.2005044754766008,406.4085379817033,39075.90978099244,3,0
33.58330793152306,36.04848613574516,4.6501492279361365,471.6624100528886,40953.29366390386,16,0
99.11482118786837,75.22986086109069,3.004115405852166,12071.182074287173,3221137.7167698187,840,1
22.22114081293411,21.151932352623362,3.2644313163907506,54.699306179130495,42037.1816618215,15,0
23.083085816705832,38.223768506874585,3.8096543373142477,384.88556655214205,47977.23005942224,3,0
33.742475847644144,45.060747741522356,4.885966972985533,49.49218696329763,21471.522908187268,13,0
89.50236262369721,54.16203040242049,4.459324224359061,18491.675873561602,1071683.3317792348,168,1
0.5228577383510746,51.011530025333634,4.3746111561639625,227.0408143683365,32938.71222940754,3,0
33.57079925238508,49.97277414946211,3.9993060356557883,356.29997175834353,13251.433614325055,17,0
32.38435343758974,30.853105089084195,4.694571998371272,490.13380699637753,2366.816932816939,8,0
10.946500161080897,15.702174310638537,2.8532070528261073,378.374389531241,44444.39833960505,6,0
97.49614342829634,81.85049582433437,3.347956829853515,26.4210342794301,895.6463122735346,4,1
12.670647067915812,51.80579744178682,2.0745506490513685,222.28589835117216,16142.744379613076,14,0
34.24982225637525,55.1354833030159,2.3999560507987105,480.14290423670406,34427.91503672175,13,0
33.690309585309585,10.11291631280867,2.3441112260852917,421.4094765374033,35745.3586552755,15,0
90.69291316077381,94.03522479899055,2.3063387514849536,8.673501467939143,932.303031624763,1,1
11.137020187234494,38.8116366118915,2.0029681400900836,52.624019986703225,47207.2729554582,6,0
12.992293340845414,51.3188680447784,2.2087362346719974,356.8181271144226,22099.041974277145,9,0
26.971458638978785,54.429149604163065,2.1589414324919103,126.9556717996652,27504.278896823613,2,0
13.651821500340255,16.421130343565878,4.332536787905187,417.9763449287819,22464.606599004575,2,0
39.36618992004723,52.93629929668277,3.8848902650931727,278.7351579227118,36463.004347571965,2,0
82.39379200831611,89.21430117922729,3.803607183523922,11313.483911634288,1829865.3121397942,226,1
15.555061395140616,47.95037208255357,2.5768295098166956,150.745380410295,2269.078780367863,15,0
87.10779299167079,56.479529243457655,3.76167549276446,14378.799865140845,3157478.0460007377,990,1
19.38079359590194,37.23828955103647,2.3329812856313237,276.0689590919083,25680.27400756399,18,0
91.03208206998283,99.03674119444328,2.263818865327303,45.76180183867917,863.2237762373685,4,1
1.8424069846117197,25.148957013516302,2.6575362042660897,487.4841788903352,1438.1650215996513,3,0
33.558888478068475,65.0319844616354,7.122264488275896,62.05087778064902,5992.567541509584,6,1
90.95886479681656,67.84604128653655,4.871720302292071,6018.06132508457,4089809.6774486206,488,1
17.402003525722243,14.413352951917648,4.941182819236266,56.07184218824384,26181.78496907089,7,0
99.13797546481182,94.86491688089997,3.948059023394828,36.2103721553368,11.446606327446318,2,1
56.15531684822451,55.09464462703296,7.905282739047381,67.02286175014832,10900.22913710758,9,1
97.30077566580952,88.36919357928892,3.4054192104655523,11264.551981956494,2746081.368263895,969,1
35.66357032084303,29.83910835031025,3.9058115323156786,98.07329555099473,9617.02546732414,12,0
47.682063523870376,40.767874116806105,7.987089551863295,89.00189415027735,17710.518072837418,1,1
10.95164015794143,41.59989293125789,4.616898021458678,41.8992734496922,41217.280389894455,14,0
0.842074333667755,39.586042515360994,4.835825275530082,103.09819363008391,41629.40214724905,4,0
48.63972335316227,38.87569785970774,7.755381208534721,10.851875239199206,5149.056148790322,1,1
34.26116085773031,32.79689423380019,2.9594087026139193,270.41215417509545,14646.811785800213,12,0
37.417995864321966,44.9649105741547,4.266472279158568,313.8985022261043,21444.441251321838,8,0
39.78331859025358,32.42492038731244,3.3886721486138307,440.7760140415104,23860.721456281466,3,0
96.10060967819064,90.6268981953236,2.5930060813935714,2.233233480377411,341.8337667610951,2,1
45.37298499018536,70.03219535979485,7.646089542905707,28.822252963845017,9116.173833905239,3,1
1.7052236604777438,48.170865707368016,3.576576193868598,401.5209423678269,19555.318173164167,7,0
94.2743422284621,81.56592206869286,3.964289131618071,12672.82762573833,3559116.944846992,949,1
97.83173138740327,63.020859621987604,3.9033664462334228,7937.123531517225,3652755.5661357734,355,1
29.416082973600687,46.72183008540385,4.778858645845389,244.32547149360437,21977.221733874463,6,0
28.4959569700445,59.4262056155997,3.597614062226807,309.97961078660217,37616.222852818944,9,0
39.870662618969696,13.047926928286799,2.9028107216419246,118.1009751465957,32135.988833144078,19,0
38.657310921571025,44.149096162758916,3.4670446954223753,87.57321249134147,28381.960562777964,4,0
18.555431006922355,10.293377036553654,3.9311115778938133,69.89200733130069,33080.76656595587,13,0
18.53345111331037,10.19326834018556,4.628655364675431,112.32326778380741,46219.73867317375,18,0
84.82859756127276,50.3258069975236,4.296340690300155,6279.217359241921,3039448.3033599798,254,1
36.560602298809464,39.035847541635995,4.857879314900628,255.3976773625376,7861.290934569048,19,0
10.222274707270401,46.31518548978992,4.812961633170094,142.72027933723805,14471.508259596818,5,0
6.917642316208563,38.51078129711067,2.9752076160870664,17.30137579564401,5138.769687994054,6,0
3.7375681072249156,37.50840830086565,4.432194150633082,93.9979043268462,7427.621984488878,10,0
22.148028745640204,44.857028521002036,4.237434741202497,67.64525144223315,46800.464721863806,2,0
26.568740176641125,20.6111094062411,2.969370157761496,474.72770957872604,45164.82919184909,6,0
31.372236599025133,47.3887342363867,4.201829194586976,319.80409519795444,41956.623838697145,19,0
2.183523924632822,45.83086614097493,2.568373376577144,351.98053857440686,5875.12861881718,7,0
29.16265637695593,48.27270200995409,3.088781782194178,405.9469566692442,27786.358662142255,8,0
0.05956602092366037,59.622683944123914,2.318183124685998,384.538802097995,11287.72925477801,15,0
27.784455530985007,53.46782815077613,3.9198695150208023,282.3272495661532,48877.746662977355,3,0
32.47496954384689,50.04385016520269,4.211524717210309,270.13654473236573,14763.61484900789,5,0
41.56459076252926,69.25404327085093,7.226525206283351,76.55844905217697,7737.209001934662,7,1
18.237429822488945,24.859497692179847,4.532589191346369,286.66764786901285,25161.45584967849,17,0
84.30558751368415,76.11261490084681,3.572095003527953,10549.067414083474,4133728.41871151,440,1
30.36827362295797,67.45013596198426,7.260345177880255,94.68205509527839,5945.982660955057,2,1
16.13804952535763,26.47131401537189,4.669246225242494,174.8750754388848,21513.861048006915,14,0
12.287562431973305,49.19702445449495,4.6728949475449015,369.5754604156842,10679.923014442787,3,0
86.61115558755023,82.8016039629087,3.743266922374896,7888.81006823214,3118778.034811113,828,1
12.472166078986135,34.285591512867335,3.7310738241597567,119.95571292399957,9175.640804045175,6,0
20.87052715611703,36.97590390130395,4.4320096535335,258.484890727449,42444.678092784176,3,0
18.484945065358097,42.68874738020039,4.662554227935955,332.5947982857498,33302.39214173396,6,0
93.2460398980951,60.8582327404488,3.827299978967792,9391.717920736708,2131590.0231538806,304,1
4.120786123399904,39.21299005167917,4.3735496611276155,310.9745311125096,36392.07127665017,2,0
29.392843081359953,57.34280424867587,3.4572928103871665,198.2720300656224,15602.229309033177,8,0
21.841589564819447,19.55201029691668,2.7233177745564445,284.31189239889943,48995.61342527859,11,0
6.449308775177571,37.61576355336419,4.239598291682033,349.9425072136959,26753.27565376133,7,0
24.39517276165908,15.285299877131983,2.3545142365768617,84.07122522990262,35169.83355680889,13,0
9.079273468676877,37.600866917329135,4.984851664047415,158.93754428085947,33256.109776417725,4,0
26.825183318437844,29.75650143454473,3.6938513045984522,132.82454005509487,41319.111234643955,6,0
11.523854693315055,22.07009401628317,4.657970657106672,286.63907474674176,31740.92077646687,10,0
5.365064911512363,51.4828370698883,2.7237368878611528,419.30866974101895,40391.495717074475,19,0
21.30200730170051,34.165324299591745,4.973446655148867,228.7120438433601,21630.30993153431,12,0
83.68645493165225,62.952082509510475,3.4944343465347227,18061.24303101466,4588697.441653652,147,1
28.951346209742074,45.69962037948965,3.2244341061478745,462.5879689625367,17411.99598054972,17,0
27.74491964768959,47.41132656719063,2.9938037631395984,402.3222947938378,25512.00155760852,17,0
82.83080316594854,58.29753956737874,4.44110254891263,15351.213165213427,4508254.719967017,179,1
26.696993030799554,18.13588917623414,2.939917900065879,342.29142287625456,40556.74460847206,15,0
24.78209760506601,24.91745693672032,3.9806841196865657,368.5072994705145,26762.3763807913,11,0
86.71428715960127,62.24044662286714,3.154213887100525,17239.344704377218,2189725.336181788,414,1
11.412696367937079,35.25007333864704,3.355394849419329,53.76292821943655,21335.39058337849,8,0
38.66106579491388,48.72587762862222,3.557320089766665,188.47688221282198,43985.0200327239,11,0
87.98506352278072,51.289351971032545,3.413523404510684,11557.128453668458,1615026.9638792733,879,1
3.029654827796251,10.489308202379373,3.3625964105631856,348.8619546176072,35556.86560621707,13,0
25.794651068389417,45.6117447301082,4.997332990558207,124.49494042476957,39299.838564431535,12,0
15.23549334866486,29.718793780479967,3.7344572249277603,397.5531111848986,38740.578202721306,10,0
32.46508974148337,17.024080985272533,3.1088718030544595,85.51313782641539,12400.979786378964,7,0
28.983970716458497,21.703520614160496,2.5787949718913916,311.6331303231659,9029.07522744798,16,0
14.409659948838263,25.280624185008854,2.530461186003265,221.7332390195378,2198.631954454382,8,0
98.04202730749927,86.74567959474791,3.939246764234884,46.39584815668382,213.7922965054806,4,1
17.700929257904768,56.5895119160081,3.5532194118017673,104.5276642859049,10087.554108924804,12,0
34.85831191989821,13.914098180388937,4.602258255708456,366.4506742050066,49523.370966816576,13,0
93.06845546507743,88.66502731449879,3.230279505317699,48.55738565270709,557.5177136341105,4,1
99.2802654178497,88.72856593925786,3.008279484041483,25.79046324847117,309.2347331658348,4,1
47.114831231171934,65.2651078528935,7.870200413804297,77.23007754791564,19659.209950758293,2,1
7.291252663935501,14.70922425138034,2.823881268420547,430.8503394346064,31498.433876060426,3,0
28.695081033093626,57.4471549284687,3.5939679301687506,209.78688193859665,30653.09367860186,15,0
7.343052524453788,15.697357614416015,2.2571369045383016,173.31799667210976,40651.09247184046,8,0
18.219342282490754,19.125674447642794,4.646363970858058,39.87200949859049,21095.69029886841,13,0
95.89125937010618,88.96313361293865,3.345297786110385,48.05703259773634,940.8906153555165,2,1
61.58444283256256,49.84584220987277,7.194454446956191,95.04739642082897,14152.23614785398,9,1
91.49713267405097,84.98145461887924,3.9207647406580586,16.2871234240687,440.4712796853037,4,1
0.44073241291311405,48.479271862737924,3.6384230430565685,87.20462257631955,2189.400453192884,19,0
7.83891465726001,41.31390564764372,4.574082572844194,349.20454861558056,16416.412533576982,1,0
27.51768889412926,22.10715041851826,2.91983260701081,211.8580183120544,19695.49519070275,17,0
22.78750751728406,26.886768626574728,3.676157326533097,211.52670556468132,21286.16112370531,3,0
35.29832101136373,33.28217505807794,3.4499887593673884,26.51565996577506,15296.77147734165,17,0
5.267223628093745,35.32802636266064,3.264314440904999,233.20240250617223,16242.125581140323,9,0
6.200802308917566,18.44524792884048,4.768569287535216,402.38958236287317,46653.299427490136,17,0
99.65532807576706,86.83203818214525,2.0552580721189746,6.5559209010077,534.0341377563907,1,1
30.674953501376663,49.545224764072266,2.8739279732205527,422.7485025010906,7901.798731076694,9,0
18.98165692514096,24.348529607139564,2.660175823104536,181.9860703086716,6157.06484778499,10,0
30.85821229523158,71.51634354576757,7.701650534665029,87.24436644548338,16883.809109163012,7,1
14.134006071152147,32.03069693760965,4.614913180259409,325.27781630938847,41256.12131586403,13,0
12.253727838893917,20.778295256945658,3.616597039268882,129.50898078847638,40744.109775344994,6,0
39.652856193790896,25.8547893973371,3.4150721499981316,452.593445441269,24607.1800137326,4,0
19.439364513571036,31.475626756207866,3.130050515391975,152.9033705082659,39950.583004200365,4,0
33.99597826939282,53.64649376384038,4.5685978949592325,310.6377302408273,35712.542989793474,6,0
68.92758306076453,64.38304335649842,7.565122503804586,42.45101751709227,11950.018153235485,9,1
30.5135215380783,53.81580192856518,4.140808533006782,90.1759971495223,21147.165597925457,13,0
61.174412785708554,57.963804390666354,7.937384833039956,15.340000627802242,17894.17083253193,1,1
43.09177130464244,46.718904636887906,7.918855318546923,90.5778587833355,14636.542213170618,7,1
18.885281257182527,48.61660222201036,3.329511691167738,290.7547920131438,22687.150065567374,3,0
13.15651876485493,56.061461707794635,2.469188688661755,452.35107138713585,1702.9419406012976,8,0
91.1439457530852,67.48906776643321,3.9510004519793522,5893.832674396587,2851573.7023061495,620,1
14.16928171201269,19.969564914327616,3.0269480397416206,103.27687167577903,26577.053399482997,17,0
18.25093651149732,23.0602913736361,3.785056962315989,356.40812246767007,28485.836612860214,15,0
20.57975396366936,41.9375700537577,4.7846055118454895,45.26250470819916,11411.139505101399,18,0
64.537523609983,37.68968286343502,7.040915875244822,14.891177459847045,13706.53150368002,7,1
39.13516101921031,52.73367302606963,2.6349979964050796,194.60415700939976,6421.540574267677,19,0
37.13616160319914,61.089788690680166,7.083962240803403,87.94812347348707,8677.623669793848,5,1
33.640413316879,36.53504369123069,4.317892368017665,47.030842570299384,24120.405008032772,16,0
26.36461616624929,50.1343615576077,3.141792465543732,151.29014247240787,26872.007032310717,4,0
34.770789772693526,36.35255223276088,7.921770296233089,37.64854341607525,7610.1591958759345,1,1
22.747735260521694,24.448150295731487,2.8753115577870667,292.016699858595,8474.172545105412,9,0
96.8122082750707,86.92872457014663,2.284932348424198,25.606257643569002,12.283355555366192,2,1
18.625185920399844,48.90037960234787,3.6289651733365718,299.61537187121394,48513.35655987716,6,0
39.18282690832879,51.67301271207134,4.1225886608776765,305.46797244238667,22199.303419162938,5,0
90.46360714929568,87.11567668283028,3.760652697871049,45.104400294037475,528.2313897631619,3,1
22.402705396845622,20.704546828877593,2.964734854499591,442.4823858952916,12127.91986986837,11,0
6.803904269891268,11.507240602177678,2.6582622187342104,408.9437858922501,24903.399866655884,7,0
38.311676966165265,35.27227083919782,3.02564093203359,477.6846468133217,17003.391491460425,17,0
31.969783651793875,19.320963865362238,3.2215608661687094,115.33659857573403,42628.09316778758,14,0
86.65991696857292,85.02403030665533,3.8252186523526737,8074.675499661873,3335565.3465426946,432,1
99.71812231435258,94.31112526520684,2.115735225148554,9.994011126986301,390.8032941798444,3,1
29.77354190471459,20.078900909442034,3.747934365273487,47.18310617476432,25227.272590874218,6,0
80.89605296931755,71.45932643652944,3.9484214427925473,7740.856863874341,1017633.9259978402,750,1
14.356838185181626,13.044834086812308,2.7724040402203065,126.62368929015499,14711.516142712991,4,0
31.94639521484241,31.673778886851014,3.5952777143673686,57.53877544571054,26146.86826832801,5,0
3.630424456210619,52.48041432622322,2.2048704228898046,209.14516523312955,2506.477053049919,9,0
15.978862192880502,45.01888153134894,4.689829633570962,483.09105062138406,19844.720263567116,3,0
17.985666893724268,38.08777182356617,4.46904440626823,39.824044346144035,11759.438328568896,4,0
64.38442047734611,57.719878526152726,7.710537963625418,62.94775004980139,18026.79943536785,8,1
32.380208189207195,23.2673950351408,3.2842849143290778,397.34061684186,8396.699892878802,16,0
99.04873324727227,89.89983690555103,2.749400148436254,33.65989752617802,577.7989830623818,3,1
68.629931166759,79.22755820320273,7.80039782544416,95.01548924954226,17359.73934885629,2,1
29.8253984019603,11.885848423834119,3.493353330612587,264.8496616734209,9631.589409559887,6,0
1.0348230504616573,53.905146978584916,2.624537170429466,93.84488485156211,41308.915619559106,8,0
90.77610314083324,87.7877797392646,2.0246769661794835,36.25947856309823,58.248268319519795,1,1
3.908043408071915,56.4358336640817,3.719500436334032,217.92996896521743,11822.584793084476,16,0
38.61025437461774,54.134128435738575,2.12729553522952,487.9918905296956,45807.14409870171,15,0
96.39199588180182,96.10560273722734,3.072612644815415,38.27410824173798,453.03263975431764,3,1
38.468437910867486,66.59204897843982,7.185799211442397,17.786917340768156,14073.289104325231,5,1
93.95219067896284,87.54049549770772,2.002360418298122,19.219170232801158,305.93839051038765,4,1
96.30906596784264,91.16697102421361,3.959196089522451,43.31680940016397,421.3488027576472,2,1
41.913323329519635,47.168226331474045,7.524606260879126,36.144228996658285,16672.391239762946,3,1
29.38560517506002,45.82280338051261,3.7555671506483286,495.80513094882343,31952.931929755352,6,0
30.867862074075852,53.48882458975537,7.125283691323724,22.178391287092932,7694.60839447012,4,1
6.648032970388371,21.040417317142072,4.022729703254242,322.116255695,43579.832976460646,4,0
96.74991744012243,64.92989502414352,3.1584028412146994,18024.019937235258,2161891.4294689093,995,1
1.079809527746618,10.918746141612054,4.729375054385673,231.66539488993755,4803.689946243829,7,0
14.52544578594443,38.232905343939436,3.0152529963099233,425.473698412647,46408.55992801239,5,0
29.555353245047364,59.819403460757854,3.0310564843033614,85.80824651080295,16113.206790215572,10,0
33.576052389396196,37.91837173905297,2.4181433733452398,347.86633476705026,6179.984892856527,2,0
99.79290575604959,83.38574101097998,2.3929398195261453,29.215449052165017,72.72241399281987,3,1
34.96519625683729,54.53302198958777,3.3067706116136284,428.1069637597181,18895.01188988966,3,0
15.810515473432222,18.15313695051117,3.636197845690238,219.63986338194326,7109.5111317029005,2,0
21.038714049232283,12.606476857087596,2.516930421647131,289.9242160961614,9286.47281800802,12,0
1.3327222894836455,47.58057609687578,2.763068568737335,374.2826769051522,21493.97092788465,15,0
82.95997514408185,55.998489080150634,3.247849521596309,8146.477154747239,2796502.2733422937,251,1
9.483957487200772,28.060363671903733,2.8833389509539717,232.26426374292538,22789.759844792112,17,0
31.278893716941738,45.81479756252693,7.463319664045002,62.49465796303106,16880.077217322054,4,1
30.531661706737786,17.436503248880825,4.308828197741654,183.59063268106308,38725.906938173626,7,0
4.786652111875704,12.747759602495247,2.6789930872234757,199.83256837689544,27154.47014566777,19,0
26.131296009118003,52.44502195899376,3.670577279001489,381.18294404230386,2354.2723547512705,7,0
95.17938502660053,56.42352708008513,4.945501780307906,15447.497734909215,3292328.8895912585,913,1
53.785881605451706,36.141162343454084,7.677844155397258,59.64534877670792,19162.29659939502,9,1
27.867521254354116,55.36595410925812,2.784719974793291,243.14029194929205,47235.916266009925,16,0
63.17916151462121,40.0514479257848,7.686114527687649,23.804071515938375,11177.619597499892,4,1
98.84258169442393,56.26289426601966,3.2543049167318583,6755.961043328913,3946251.994384789,336,1
15.696669361380016,18.294703011091908,3.9067335495362627,286.70371955940317,29776.482391695725,15,0
11.07210859418226,24.869759428639554,4.364578948208931,346.0741186509053,33057.95486000048,11,0
11.129706778749927,22.535052711115966,4.26024581256162,390.9175047425568,2784.819385006021,4,0
39.41001636761567,25.1267348822948,3.686688481578236,102.9293878233903,33408.12227592456,9,0
11.249801631490186,56.838130171717786,4.39462472881932,368.9829380626444,41068.6666000696,4,0
26.916624032396097,29.603922734901495,3.0848135474070766,448.59772834224486,18549.889907883862,3,0
38.110590504857484,59.250922245756385,3.513129030101501,97.44593722554526,9759.498255276265,12,0
2.494610439974898,13.772073491315181,2.9640205531727717,134.90158729649457,49923.57168613353,9,0
2.9161921010251923,26.162580568480784,3.748801573475532,231.92898878167514,38097.68536848893,18,0
35.01471132850576,28.13992926559581,3.521295683691559,325.69483690071,1232.9828863028654,7,0
98.20814831709161,84.44849656181596,3.0903997209283403,22.010531805792233,979.2712443032036,4,1
36.1245975459752,48.96439367097227,7.742984733506542,73.19046618755829,17918.967908279337,1,1
2.1624564488382036,42.18925763393502,4.718034997189114,415.7349241453489,4008.9119521546963,6,0
4.9411031665956795,14.273755845717142,2.428795682213087,101.48861104392017,7687.0537635847395,3,0
23.518171840730744,52.286322705085745,3.222635771464196,114.97456292916738,35843.31308631516,5,0
29.44080510126085,22.10692794183641,4.685085984601561,24.768088154885195,43924.27814536469,15,0
92.19709385247113,95.66635609597989,2.654094628624401,4.840627226230515,803.7796187880969,4,1
38.799247639102234,42.992532166298936,3.4544887499483483,295.090800727326,17948.335976794482,19,0
1.6888309472980456,26.659500947021815,3.023917449857765,169.27650713553064,14372.212005141793,2,0
37.50612371251876,29.372428335788534,2.9600753660758627,22.524914751052545,38236.88740440707,2,0
20.37332406645551,10.380661310566632,2.848930991955081,296.84947283799795,40044.86611603224,8,0
21.82536729520484,42.860192367446984,2.3528495992486924,147.00227073683462,11172.164230506552,17,0
61.62966181157074,79.82518133579842,7.669132132105074,40.262388663355594,13467.979678775184,1,1
84.77450128965636,77.51088133442089,4.845061765572806,10203.437979540246,3429201.684095301,766,1
66.42590174032532,34.31421136005018,7.608395661291407,57.72657160153513,5716.912558103837,3,1
32.377331256539904,17.78469588666112,4.819930802035778,478.9462163035853,47672.58167968494,3,0
25.02127765836724,20.98015784359004,2.9255856429454585,246.33976698355147,21272.43507678953,11,0
2.2525649879650222,37.53507105177164,4.057246610113042,26.924923899512805,17635.79646006861,16,0
27.02693827123464,26.22084542782679,4.096032828475913,410.1872439553844,2096.7348709067765,19,0
1.5094896474996933,30.477578571565736,3.7765642589367374,197.5093893511285,40224.311621018125,18,0
43.838842556514635,57.90607799805431,7.865061163029511,91.84953287621119,10067.018181478366,8,1
88.25800215017136,50.91940410415714,3.3407526291742786,13947.13817231834,2478222.986732277,623,1
23.46860323109075,25.824545415092466,4.832944831679592,497.3955704081585,5071.877909046847,11,0
15.496776749648209,40.612827514477615,4.710303948226909,373.7579075838714,49140.93072080929,12,0
98.85172365461395,82.38417745972593,2.7850929432284746,29.7032034343846,143.2320123085934,4,1
94.1868078127637,52.35590577175103,3.911836058075389,15374.242051739457,2229436.1682327017,661,1
32.48061517955812,48.866281805788965,3.4528928773360583,479.2251797715421,36038.361664129494,6,0
93.11465604738319,79.98307565159959,3.568747827972519,11162.99823492123,2216670.625712198,934,1
95.79055049550277,65.19945321612417,3.690330690121191,13062.919555882354,2485485.3130795937,796,1
31.627316719196106,41.04418301955961,2.7105967726627185,439.64392584585494,46485.227279284525,18,0
96.0666092413274,63.36880045444049,3.9706419787058156,12508.016043325146,3769909.6105209365,598,1
32.68916403906631,56.207331016068046,3.368960108435129,285.23674955083453,9180.43280888219,16,0
17.90960765559803,28.901312219454496,4.674627251273266,499.9974189432874,33547.61690650885,16,0
97.07570983767313,84.56354970998935,3.8143695950780456,11416.730976398121,4607171.135795351,156,1
35.52101393772462,48.30814079119161,3.7954747628726087,33.76357887363244,9988.368427269583,18,0
21.181889272902964,42.678883117262124,2.0785698772488868,450.41884337687395,47294.047695041525,13,0
21.597466060196382,41.59557469731219,3.2320010342929497,495.84904012060724,14713.936018333367,11,0
19.16225945722757,39.55158006831475,3.520123338865828,66.6576958312075,38708.80209559582,11,0
92.72148685442849,88.93320857533932,3.7252109379630394,3.70704993436986,448.6361405195508,1,1
26.494938859377527,24.394167742336933,4.84613305322579,242.93463099213218,33747.00874747966,3,0
81.96618249797753,72.55443736833637,4.628971578134847,12610.274627921914,4895235.241367515,905,1
63.08899006952521,76.92617844804849,7.271227177532878,71.81376200851881,5613.863178726389,7,1
25.76721950725462,57.649975407216644,3.366568625484618,63.245866572095416,24253.558503872893,17,0
32.91583344840578,32.04756728804728,3.8454901373928982,13.649459164245386,27055.41775308955,3,0
97.85159889297388,94.30452297978243,3.56517358983223,11.811521101660787,399.9988688338174,2,1
30.21976435467282,23.811290274396313,4.44382166537885,136.67550843565914,39648.70314034522,19,0
98.7806758780427,93.38241640970688,3.352055416927968,44.400551367030204,280.58164895747495,2,1
13.125683361845347,49.32228916734944,4.6710634588721405,447.62626488871035,1399.8866171387178,8,0
16.662255814824192,55.82612885179595,3.5090225903950367,295.70286613537127,11080.550279404497,8,0
19.49867833640676,18.74442945992532,2.386128822257112,397.0552777146065,46924.41994608573,17,0
2.560556081852985,52.31185674645288,3.9188220796008935,445.1305211050511,6342.40496990306,2,0
28.607582420568008,39.670655907213984,4.019524491311266,125.95100534102382,29897.985948199806,18,0
58.32597276417751,35.54849658452243,7.18401767167398,89.12988936104774,5970.722381047969,2,1
10.582972240615941,26.93124101962634,3.2994382455875666,344.63066667510066,32206.19419829202,10,0
5.644625132183965,24.13755532268562,3.9113646423427197,21.251239574619213,43735.190220106684,6,0
15.856542737605857,38.83452365553602,4.134120345454086,210.39275666684892,14634.489908839196,1,0
39.606627477727216,13.51313677466099,2.3709482035766936,434.55685286512704,31020.720868184264,19,0
31.44391989349815,15.019103232072215,3.2870476766338204,274.7643629979404,45539.82277048587,18,0
92.52539421556492,86.13884342236483,3.98558360368456,18.30586476058469,863.2530902960774,4,1
40.46112349398594,56.578991941065034,7.823232457861504,70.56730360671006,12645.388992818214,5,1
90.73656751876784,71.93090544365057,3.002645300467705,15694.766670959032,4913182.040334448,157,1
31.87569344563215,34.54625214232624,4.553641282074114,428.77668896406857,5141.60170063377,2,0
3.491168337720154,14.57837170786446,3.0871995464251363,186.9917316796194,10611.2049465722,9,0
89.06661120847328,62.31785467195681,4.894940561955415,9014.016338689837,3964874.7811377123,473,1
23.22575645808044,44.48710530904642,2.9748071445409603,452.3182969210401,43041.01842816238,5,0
36.47891247567925,56.62587344608902,7.817985107815795,38.5261517524325,10871.64980212877,8,1
38.406857625748216,50.4315212665317,3.6730791260835534,194.58954624235216,8878.570617113073,8,0
68.08810633680596,59.302287594717995,7.917554060842072,45.015085044992006,10793.259194420803,5,1
92.2718323796926,87.67507710132656,2.7284854005907953,16.2347264344887,819.1025205510557,3,1
17.39919364933953,42.74260219275958,2.5284175012751096,425.1365036205513,46975.80495514905,11,0
91.23553753692863,67.07958836429479,4.40401870783576,14940.509158011395,1465481.0930453176,859,1
17.62798516820307,52.48579559510415,4.809962808183213,82.12540488557606,15592.238854803642,12,0
31.487561513262683,22.94953041021842,2.916646180669725,427.7508389087302,20136.228212074115,18,0
38.74467984869674,23.98317737855695,3.8556968611261064,491.1393716078052,45039.81367054114,14,0
4.681540122676742,52.66263251003611,4.155984186727132,379.6408454499645,36046.57955390355,19,0
23.945632264759187,22.045553541884296,3.444964610789543,49.30476619392744,28652.23776762586,15,0
90.55071288877987,81.84838832229306,2.053581861616716,35.130726621750696,822.0521510671866,3,1
35.541972544115346,20.65603876966027,4.564735605410973,453.06000631252937,15616.87045084093,10,0
38.73753090711972,27.133979262400338,3.1271114982164,43.25728999766318,33414.89404431346,4,0
6.83394188998208,13.21116166046056,3.394222067477379,259.33118525855866,33531.836824044745,14,0
33.56235035511163,32.43332260120841,2.8968156100510094,289.5415781949105,29525.988886481256,18,0
36.06918122887725,35.58304076867513,2.724066573155242,497.4950096459305,36432.27741727018,9,0
1.039356298299614,46.3124211465661,3.0556637327353458,169.29158310891754,47602.3773388468,19,0
15.26681996562402,32.7106731381912,2.4769332295970763,458.9321734862113,1448.1395614753321,6,0
82.06071074120797,81.73197842044912,4.106512062279838,13240.579934315714,4509748.824229552,673,1
16.227803056344257,57.40994590757493,2.555869715196347,165.59060510460273,20574.42115293146,14,0
97.42950303732525,84.23475621454352,3.246968754471748,9.748586697337608,765.465014575025,4,1
39.343803643330205,15.364019743271804,2.974273239783774,159.08320378328565,23754.87635937833,12,0
5.211277459349737,40.16882080225693,4.911429876452246,450.3532975420594,39926.70190448684,11,0
40.52574305146627,76.89875160885705,7.624338548183728,56.41118647813912,17052.9730459115,5,1
24.16933990000761,13.146943969810112,4.978934231246806,60.851337467985765,36737.26444440701,7,0
35.17905229246625,26.27429924227978,2.2478828366889574,13.55411110731426,11754.050954001248,3,0
94.21132852849075,87.19619316227966,2.1520484999254883,35.74464915451488,198.04818483107266,2,1
25.129622296832363,43.92659494397594,4.8453976943678665,266.7255003358297,18648.45782875523,5,0
13.38991597301099,18.99258052524724,2.002747809477774,340.1391626364079,36515.395003988466,8,0
13.967952632940817,46.68437290582061,3.5206040057848793,241.39567799868914,19168.765757314904,1,0
22.91648951920614,58.729686018487534,4.024200969593612,39.83671887001498,28064.52704839377,9,0
0.5356533007147135,26.199613053238625,4.411721827495443,437.9136888799522,19912.319715884638,11,0
14.704460152959173,25.435224891564303,2.491668725153816,255.52471476719478,6980.15418031814,14,0
37.51129205093348,20.668699666645814,4.325335739575011,78.50682923442845,16381.04371524016,9,0
5.307748342766105,11.365000644525383,2.3523785850649244,317.9513336858756,46699.009548815986,10,0
30.667166321207944,54.36820912384655,2.9581753559010995,258.4627162330896,3598.725298108496,2,0
19.240357609184247,10.132843147157258,4.1610111862724555,280.6036577896419,4437.229623850825,14,0
2.2294585431254177,26.715313284871552,2.7420173032331467,70.34252891806136,29605.703364523637,8,0
92.95418289184164,84.74399451916496,2.4827534098269024,24.22239717831738,232.08089981439673,3,1
0.2544671642636187,42.678707366543534,3.753838866237732,236.63522871266412,13416.103468588426,12,0
30.87855365519197,43.00155220909856,4.340736897067167,442.10416114128066,26472.51661880267,15,0
13.606293040865665,29.377771730985383,4.98819062339834,436.05535828234156,44491.35073646046,6,0
33.19052857999894,35.48869679666583,2.195337321314188,41.62154674350175,9064.003252852513,17,0
39.81820430324571,20.027323540839905,2.8467111197533663,216.65524659138353,30252.576842680013,5,0
30.235664016147027,44.375982905038875,3.9281255103416433,96.8416907445643,13300.248540488326,15,0
32.38191097739132,23.18808299432147,2.48887574117577,256.23190044463945,36739.678876982056,17,0
88.67188000656661,61.32319305473729,4.710372143369133,12444.210370823717,1761769.631367173,211,1
30.638368331046784,10.698841489403035,4.43476282564987,497.4975691461304,19400.540909849813,10,0
10.393924222223223,50.19083386900865,4.1857587906176414,301.04291065803596,35059.38884394384,13,0
20.491708765792453,28.234088743337722,4.624559292376272,172.21757573723568,24507.510971150088,7,0
82.71599930180163,59.92622941677099,4.2013889127900645,6763.630756907449,2612788.6316359863,782,1
37.69009747918823,57.93120479785693,3.828688474869066,434.4219602049746,47137.148136766125,12,0
4.548946432372785,29.181748943711245,2.5651269363154823,487.94664472205284,15059.761574400072,10,0
10.632547256201136,13.637390181713346,3.455195480333262,490.66286824590645,30319.979598571754,17,0
9.73572546596655,18.605046005696195,3.6900123965455145,262.4119312317406,20178.7125071468,1,0
1.4007191324981294,30.178538515174267,2.5312094563423435,245.24569002919847,4113.252981381847,8,0
10.27586167929526,18.834532198549695,4.103115392978722,492.0748873390328,47044.52409117119,8,0
18.39554648464042,11.072694409775293,2.8202167627210586,241.52356060482907,42256.64060413532,16,0
14.876118674874137,10.072000950673633,2.609846914089258,421.9530611085794,19286.34269409664,4,0
17.328741094487874,15.684184725480367,3.7883823690249194,352.897137467201,3703.714930978421,3,0
32.670562256361904,48.931662070739755,3.686966434569933,137.72294574523204,30985.122091513313,15,0
10.64213470528927,32.83315711545559,3.5589777450591344,104.11887841402894,28572.341508593814,18,0
29.502790107083268,44.64123515505657,3.4453050933465907,402.8799043555272,30326.864928255876,13,0
8.422202648580871,45.20656547980808,3.2235308071148987,492.95353761197003,23056.88562949571,2,0
16.72478592598655,39.89413048538768,2.5020934699298785,143.65498973173462,28278.625317552127,19,0
95.78487596264445,83.38879014678989,3.0717125873319864,4.802731521403148,635.6284027688883,4,1
56.27059927862848,41.3119644284301,7.975588196180295,67.73174996283014,12649.904537948049,7,1
22.505149611179426,53.6593199793077,2.4747895542941016,18.008396751361666,4675.090368918005,5,0
9.490228663332662,43.362868384167825,4.888688977889165,142.232025898235,43369.64987810465,13,0
39.6972314710553,26.97340035131572,3.9875371008773146,274.709798672502,11511.37911442183,2,0
26.05267019940877,32.017944082949235,4.348319860322012,188.28558922957595,1188.4283131463383,2,0
8.038940114931727,48.34509276494682,3.863273839122618,420.0031566346917,35653.37642152854,19,0
1.5385215163638488,16.223299096001856,4.096302824740466,166.8457070155507,19074.75442490814,13,0
2.5229164813345584,29.204808331301233,3.7712794373643845,147.2392325884603,42593.25645228368,13,0
98.71677778585034,81.15021277714106,3.8766600502776516,16641.97778642525,3328710.517224184,198,1
90.7416745869403,60.59674608124087,3.325116227611711,5843.2614996272805,1600020.3703319617,456,1
8.83554528946993,15.622589228166259,2.9686758679254823,313.6267324410088,43917.705914414946,3,0
16.50226626002081,59.88046897258315,3.188345935574997,262.08751169355617,30033.912577982075,14,0
25.795454980933172,41.246439056064816,2.2184058911893714,331.5027631182948,17295.002020874705,16,0
59.79460945670889,59.26901468150878,7.348218776781263,98.05113222047741,10878.108288254722,8,1
97.4397929578771,81.30837120824393,3.092454911717783,10.604723245315473,423.77982498108855,4,1
6.309604291235611,36.3895460331438,2.3972458776845906,392.8437091095192,46990.79342197157,11,0
23.440019382484856,18.6204205697589,2.0155832384659482,365.0881381628853,3669.527345664695,15,0
2.3413987206915055,32.88098557151787,2.265027624610247,397.78648309711343,23336.500662908762,4,0
27.47332724570803,19.736112999017738,2.8784925012768836,261.97513437082296,21757.344760197135,10,0
19.657405008916,57.63832327613458,3.3909141028109357,334.1338796323876,30773.886331621306,7,0
16.827509141760252,43.832417363426714,2.9162324845628933,318.34735287070214,14798.158956724272,13,0
83.83236280196122,55.3471649631743,3.5128538626610144,7289.331735273474,1232652.6636330835,313,1
13.061981008227423,17.927431595198026,4.656749509441242,211.67917355029007,40907.78165970067,16,0
31.079680616102866,19.931654889072927,2.345003775105458,146.48909800009332,20952.149234826888,2,0
38.92161381433673,43.36255968599994,2.356639462181873,155.75616224513638,47702.013101566175,2,0
1.104241338795502,19.952045899663126,4.760352776671807,116.97947465194065,48212.39784669941,19,0
81.41916364429683,62.60310024121077,3.9639777831549026,17635.154875511602,2159805.9347068593,113,1
4.914064049544122,40.27666181040455,2.230893493434671,491.30619424234686,28549.11934578655,12,0
4.403153298613844,28.175685355969133,4.87915897573601,23.505465347788274,1342.8622378977816,2,0
10.097490665306701,39.051854923117986,2.6820655522800885,472.3452112740627,34412.25751271234,8,0
96.5948680207722,65.3233141546111,3.638917517655007,19113.26735037918,3169092.0481821145,376,1
10.742357325183223,26.550166164954934,2.5848444384759484,490.59076667333113,20119.8238419093,18,0
30.460958979693636,46.98963908459485,2.371310978806982,40.88896364379963,32923.71583653262,9,0
26.138683459745135,44.974297391423406,4.954878153950839,53.49828939341304,24186.02096182988,16,0
4.2427094380597685,53.32848735185662,3.244426916737197,119.49530858800566,29583.991474541774,9,0
2.0736037124667117,29.572267956566353,2.2843893149238124,403.47180519983016,12303.340942635103,7,0
39.509223361625814,21.28422010067271,4.728930857255275,315.10188745253384,9111.339656906694,18,0
59.288100235352914,44.01990122258779,7.983247446837051,47.1121036298176,6189.618522642153,8,1
24.508939293709403,37.6381615231316,2.6959359449699107,238.025185920842,21070.65149480959,17,0
35.83111188239578,21.99141682411996,3.3203495642261993,195.83852149835624,15531.601178950836,11,0
3.47841323125047,59.64396152926222,2.6351051252201487,301.61651917575074,18126.628477924278,19,0
2.775195122998193,19.171632432215826,2.1877718648398177,257.24704611442434,13258.423122638816,11,0
92.56384837304698,86.08964434166323,2.855287973381615,24.94208198641553,896.3615035292444,4,1
24.50358524899071,19.750303393766934,3.8367058471873103,284.1150246470683,15553.61925462084,14,0
41.48865202724816,63.2782416072626,7.392895006258857,23.661111548915564,10174.925523977437,7,1
81.40401676609692,80.75956381577154,4.830985579857055,10551.866945673988,2662660.7995024687,425,1
2.850392772480359,37.31752082373761,3.4263821128197463,93.23523743375436,31519.02268385483,19,0
35.163374719652815,16.03570348996781,3.4927824908097493,349.552201901385,28792.649064557947,8,0
69.31465712542385,54.20022314987134,7.7040271198299,36.41086104069343,16966.47298377906,2,1
0.23218112817187553,46.025506365830466,2.459819744430517,274.0009024434744,24059.237480106647,16,0
92.19233198615395,99.09446975001424,3.010454922502892,7.609755722768064,156.74784603577285,3,1
81.81974805015227,55.95593695695568,3.5798465482223163,7107.984191919093,3674207.932639745,254,1
15.872500079228985,55.876034648824266,3.8940507092134657,339.7979385550169,23421.004756412138,16,0
37.97187115207825,74.27599115777173,7.902005454137554,38.04266952918799,7011.340073730661,5,1
22.778345895925586,12.680039914200217,2.1316885025655443,152.9084566264832,20053.83325154032,8,0
99.78359564435013,92.61904067023593,2.8358665227664623,48.18278696699444,908.3438168822865,1,1
28.217354420912567,43.0797074138947,2.496112619799363,17.087856886045316,24075.72340819911,14,0
11.909590586640032,38.959100461888525,3.735584518485146,23.258903721822772,6112.11993498476,19,0
54.43775706781918,68.85637082019345,7.631614816620047,85.42259522562338,15838.55387958644,1,1
15.45462693358485,17.139248035937978,2.040712038486749,86.81180318855027,14104.49353291018,4,0
90.63062080035164,94.07783788059142,2.288001085995861,10.51985385983068,537.4850059250278,4,1
39.693178349559844,38.05218080862615,4.375527979755253,82.46134411406648,21093.914659759695,12,0
29.11279214224804,20.282525755315753,3.24647169729627,380.38466514616886,47986.4207311079,5,0
4.969674833872633,59.236175048888434,4.4465454467561045,323.36198996785475,23242.297053840164,14,0
34.988535441254044,53.635665749096944,4.745379243588052,19.996595368295374,44208.57631080549,6,0
24.7087921540653,11.671777651173473,3.9086591911699444,236.65011209075234,3867.0515934369937,6,0
25.507899268896473,21.276125429073645,2.0417811752259527,16.414704907430767,6200.778872872437,5,0
93.00902722300505,93.27995364567818,2.879975849176289,22.31816513636376,524.4405225699234,4,1
2.891813446105065,12.495854451874663,2.578234815771128,268.03491575242157,38124.752826540025,16,0
34.811153864985656,35.86206577721556,2.5454382330981886,261.6459900671849,5019.477380907214,15,0
68.96156831781929,49.426603779919446,7.135285029727204,17.192142799794944,14708.82203151214,3,1
7.479801838190823,24.035679609751394,4.720499569861792,428.6422061400624,31222.217881241842,12,0
11.41034083388815,33.810935607895345,4.162615541127295,280.0561921198623,45198.53020366178,5,0
94.74566656649134,81.88241820015706,3.382945410627973,16.79743272521035,726.1587350857446,1,1
31.70783738724598,51.21871812909564,3.365269036581795,287.34714710383327,23228.864653728957,1,0
1.4424135627405121,31.994035511172022,3.241854525518715,332.47655704094484,8643.874348388686,5,0
35.12933774361818,27.444741116905778,4.6861654704292635,348.5307372393858,24215.483588527644,13,0
31.519691930024717,19.999710193314105,2.9190093840523823,32.40109902651666,17411.499076186614,6,0
3.0595381540450273,35.11564220732413,4.429443747596627,222.42481909126607,4850.330967280125,5,0
28.478374317840156,49.75284261813968,3.765138766458217,241.11620020191697,29699.000500708058,3,0
9.101661985923467,57.55658596857988,3.924286424700986,202.57768895530364,23940.389699762487,9,0
4.851742716967378,40.55606970800507,3.5304617992360963,251.35264563138014,23452.806998511198,12,0
90.03654947668734,89.91198686688324,2.7109157788751954,45.28174163341359,32.096935088960834,1,1
39.2421409127313,74.88366138508901,7.6958532227327225,67.6616518171283,7043.470242825573,6,1
11.285535826332493,23.472899413805738,4.32417056819488,167.63052981885642,41804.92573024896,14,0
6.233394826940457,14.21945095379187,3.8797994096615795,146.4459856452692,16413.475735969834,18,0
95.24237331569444,57.69393371111138,3.5501986441107007,14071.030061448639,3809173.0599381495,293,1
9.789152712763624,45.315044506782726,3.6126287276034006,243.90583459439648,27719.992148320936,8,0
92.4863386701007,98.19322223449693,3.816931209376126,22.046021517728338,665.5219453928466,4,1
85.13185492852801,56.88223100665071,4.390203861158416,12058.050969071282,3020937.3972810376,859,1
22.513810203706328,30.746587530649695,2.9601420362240747,395.6171059899411,1774.6853028880355,1,0
15.145456194408805,26.814308534727672,2.8240623423831117,28.99757772597021,22164.695654937226,4,0
34.83678396053919,16.581625983204347,4.069677503140703,320.5422748166844,4221.897623135582,3,0
17.118146831221498,50.20048793881996,4.727896459318652,165.14309101758388,20583.882645755057,16,0
98.9208573559953,67.2506162348621,4.81026784326259,9551.62894316393,2491812.6604440315,945,1
18.06552186730837,42.20062471896556,2.3417206483332986,489.85558334770565,20000.72137866951,7,0
15.30968604666426,37.3118266141437,3.3199032457046456,261.389132344953,42940.32684670128,4,0
8.672625607681441,59.40448284721964,2.6043758799903305,449.5806614580405,40217.66383063907,2,0
10.763135394564362,39.79546280750328,3.776457317986092,41.12491846792949,20896.921943719433,4,0
4.26224839226359,25.507155151809343,4.227693121366756,493.5971703528988,26655.075892625024,13,0
6.4781212991041,19.807924264313357,2.280135620013933,161.3125074863692,21320.823912007796,11,0
61.99795157072449,39.39805756567635,7.251199086133694,35.928816261261204,16121.283162816002,2,1
38.549202764942855,15.583788653359779,4.094716625942666,352.79667594449353,11336.915342809487,13,0
16.823273847129954,22.531357151181627,3.3374787580735283,438.32369409933756,26064.337323701202,16,0
23.563582743213104,49.145115801432354,2.0429002620188816,107.55251019582504,7011.0929894890205,14,0
38.35705922087991,11.445072087550075,3.0142013310063245,83.16509840456898,39890.85966628389,16,0
12.79923327282022,53.71087783754465,2.7158062314033042,394.44942194947595,13105.386898932346,13,0
1.2371730867628417,52.57494186062511,2.235645923748016,10.12959690540056,45011.773967354864,18,0
62.059790838256355,77.04487354606948,7.5342402031143845,74.7605502199191,6185.119181606175,5,1
47.88206784094168,72.38730636964732,7.473147033304549,84.104076471517,18490.890509708333,5,1
32.03856713931976,15.266999779693144,2.5168733273160644,166.05350518383284,46300.1386722543,8,0
12.101285200233466,53.45178466445101,4.729203368736212,329.11491056653176,45957.81971187908,17,0
23.482920957600705,27.28436949630543,4.754500686194315,217.4869309129488,23212.710123598637,18,0
5.0585215099136915,15.640979328689955,2.819767111936623,134.67129213375335,27682.44439648649,7,0
82.24804229471921,53.22901558997184,4.08749435293983,15860.35880783981,4442910.940013479,568,1
82.44106069739807,87.0537399171061,3.6135094163766928,16034.192696850092,4084808.075354794,277,1
14.247181911655534,46.729990612097765,2.9018528818207363,444.3324044615206,39406.78525841523,6,0
87.19131873610347,73.26320887475379,4.264773252775823,5262.749094611878,4380275.102189686,591,1
32.76360561267915,53.445752953651336,2.903760880080301,373.15090684109873,40024.035025690195,12,0
23.323016938211055,22.362638515114128,2.804762258947136,31.774516815056494,31702.77769244509,4,0
6.664308894443267,39.738306633301654,4.154894083337838,406.41797986515,13818.299061109215,10,0
50.72622095830735,38.50240054453753,7.505799304090768,83.43541607772853,10768.154975646958,2,1
38.92659132111325,11.162605058341887,4.4791056632042485,289.51797612926026,1674.5426166183743,9,0
26.002240080491624,27.68820930204476,4.853570778844573,155.7376713924358,20934.411549268636,5,0
22.60703725671287,21.574086865275106,2.1434882057651317,226.23686519170533,11398.686172850976,10,0
87.42279553997653,79.86502048796117,3.675860674531269,7687.276446046875,4691799.548504142,434,1
97.22178188628922,81.31184770970339,2.4175978419527078,49.72407898533031,603.9564124637164,4,1
0.591369551801586,51.07531901068466,2.272956046630516,173.53122284531804,47242.16843507311,10,0
28.31543176088056,10.971284129747746,2.1765365852879475,112.92381931495683,49161.77294092033,18,0
20.93575941778175,10.809312283732549,2.7218984264835924,141.8850538113626,31741.799711707634,12,0
11.407883789273058,33.12247190834072,2.927207319867735,296.27793970126885,9844.845205898047,18,0
19.25535339228748,52.13767390780367,3.0264618354647617,156.1044699075679,18498.09549388664,2,0
23.105497554473505,17.59415316329689,2.7632241428109885,160.1040162754661,24298.837326252222,14,0
52.948663444540855,33.910235695236146,7.061462821332135,34.23885730257663,17695.366511138916,1,1
90.73695668091152,87.86921209729013,3.8364988093063346,32.16506451496359,155.2807920810976,4,1
93.42671280867035,71.43582210757387,4.98248275229186,6977.579720455507,3100001.320519556,708,1
21.163226274209674,25.242887733035268,3.5210637815868644,201.2854172480768,17544.895286346113,12,0
56.47446620075172,45.14208371536192,7.23419786386172,54.150981916700175,13685.834404848678,6,1
16.49463621303271,11.080196921270476,4.670904113950399,41.161270169054276,4356.78313597499,1,0
1.147996316591322,52.985881211228076,3.1790585346095575,349.5866818103065,12266.509685009485,6,0
8.561450941825143,12.258147147660889,3.2641558249631273,126.2275397472684,26084.395558591244,5,0
98.56724931974722,84.8934167718095,3.272751509434236,41.86374144799454,3.8983720192202753,1,1
35.41486107356225,45.79800065734663,4.9309979777667605,305.18271653765777,19890.732234799554,13,0
1.215084358684777,45.7923290895893,3.9796977815857204,44.37750150351239,14680.353195615045,16,0
24.47842881050995,52.40023981016745,2.0913111282799983,168.23945476209312,41468.01193748909,12,0
36.55091265448841,35.03504792446378,2.5714466349316645,113.96561526963679,44338.81216194984,8,0
0.15848366586049156,49.8097259917932,3.835569443816321,281.3082927496493,4438.214279159654,10,0
1.4606987615846911,50.69834050754241,3.404901506913951,342.6143858467559,9213.583778200873,7,0
30.20960747815225,58.9852019761312,3.831184659353702,391.53001459839453,28750.025989967202,13,0
21.030013334044916,31.63060547202697,4.628835213690634,124.46548804475198,39797.185294750634,3,0
22.680760020727448,57.18333547586814,3.594994960735748,241.60738761249004,5213.996543649265,10,0
6.611112853704597,26.170828735740507,2.971641913781447,23.242406715929796,39189.375893274795,10,0
97.5945420882683,71.39502780437809,4.446434092762171,5333.734094947112,1105596.0663029647,610,1
57.122389550261246,33.86080746162459,7.29467175952914,77.32326896406533,8894.80228434585,8,1
25.512865745988854,46.22093703273464,2.430226429022374,347.6636545482295,32375.61024721275,1,0
33.803667916406546,39.31906615243885,7.431936396554187,88.35417942643257,17171.094237884805,6,1
33.89808577158632,69.06930419855428,7.441793842515604,71.28194305386035,17156.9831342197,4,1
88.69749942053363,58.655189052638974,4.445779020148666,15230.187752460877,3490566.626003158,265,1
5.712354966010684,35.93547173387705,4.465749412972755,332.7995528644767,28740.534843833946,7,0
5.139069374094061,11.56608228349926,2.5878507941376654,269.71325991969155,40328.51676531634,14,0
8.280051830965224,29.790340411710538,4.073917318411722,27.480846544449754,22969.270180844982,18,0
6.957700710278991,29.048934546965967,3.116412400241254,253.0838753203496,2934.071905970607,14,0
12.485822497170563,17.512275541224206,4.252710407035107,246.7828120006703,16019.05655113314,12,0
93.20567647419554,94.01641673599988,2.009352416757932,29.937734879159166,790.0194835574293,1,1
24.11654429131022,23.789722915091836,2.863839491579025,240.52924397808232,19549.330342424237,14,0
98.54375419787206,88.53263449973095,2.658533990723526,20.334375300366535,614.9800182201589,1,1
42.07264650583773,51.83832794558642,7.297729485809909,70.64392696201648,5558.7306754163,8,1
14.17166926353104,49.93320730464689,2.113484198990001,127.42869645648,40054.156636327854,9,0
53.95867570798829,45.30723103061085,7.86902692125901,12.301731964671042,11746.48184930188,5,1
29.68754176740575,42.818787050933466,3.4856462182077674,28.170273850431002,6188.419553138881,8,0
45.65968262615398,67.2608544712458,7.149181937735862,13.959521553466262,14727.451561558832,2,1
24.831629316383154,40.041087786160396,2.8237276701235707,302.62460944143726,7999.008200908703,15,0
38.69497357177936,44.994810768246,2.2814648462685168,472.98093059427043,2385.7267994522517,1,0
1.2070082250909797,35.15478233641786,4.364892580381504,431.9169867746571,7908.380163548543,1,0
39.18566806933819,34.64833620283568,2.429481387383922,56.80367355686239,41061.43826462645,11,0
7.934157683785497,56.05360073489753,4.161844281275853,312.9401529930127,25853.22969899245,1,0
6.4332622205051715,36.86416831098957,3.995697033528945,163.11392345723152,47436.78350763213,16,0
10.728408462913773,21.562791503864645,4.939198461394115,202.2316750091239,28727.121908121284,18,0
18.348869416499547,55.674917371410594,2.8169339468291352,374.48050056867964,8364.584219667611,3,0
55.93587543141807,46.055145206743646,7.577575643460356,19.00369945934466,10041.603494026023,2,1
98.74917969119244,85.29402643535893,3.9311622100361467,6.719077419827347,783.413028273178,1,1
30.8319743214086,27.014960352473263,3.876174142050874,470.13850901644463,32606.65708422618,14,0
26.01876747989001,18.278230904086282,4.6559441524863,471.88403554526377,17157.309722547936,9,0
15.234618366536964,54.33918390944508,2.921814962287183,88.0649133957813,11448.853881818364,16,0
38.53055000762852,13.243104606554686,2.913466077005052,189.54762968541897,41032.47279502563,18,0
36.404922603554176,48.75785627620085,4.516086458688644,200.52025218538094,32294.60658102931,10,0
90.76224433067816,50.06411143125558,3.9376185347165906,18077.582514338428,1949137.1787399512,865,1
9.275652883434216,46.029292688596996,2.0280695727770452,143.81251857057163,11379.243385959522,4,0
31.546168057075068,40.93088470735534,4.552684392209683,50.31074793877535,8308.432492715081,12,0
16.195702150606728,29.72759791786953,4.782818025715567,171.74565105825604,34247.36124983844,3,0
59.523460401693114,52.071419965742145,7.897043254912368,21.178894218098108,5518.116520195568,3,1
99.04393203983899,94.98532186141746,2.413677149317752,26.440888474160467,138.0766047329418,1,1
37.04275239432094,57.98860984360787,2.434569071588514,142.79292922916048,31743.711268782958,1,0
23.00512616825857,55.47097750173859,2.333496575906868,35.21424479299102,29608.74341768666,16,0
6.4567727959040155,14.837521996720834,4.965017320430686,480.3746629734283,8111.868138647092,18,0
19.9445090814522,40.100972392350606,3.4374443205998944,63.09212067709029,27091.670808611227,13,0
32.99152648824246,54.341923129369505,2.571042092295226,470.28526985568175,30114.45059974232,9,0
97.43982881562681,80.23448753944527,4.053082084155635,18268.962316039997,3595917.2325136703,655,1
3.0823619628021515,46.60615910445525,3.2933515874013195,428.52620478172724,32949.98399541904,12,0
14.021963573740305,30.22336743085505,4.146743206490524,317.03501723566535,1676.5143469512918,10,0
97.36747177267965,85.42124179539576,3.283857212317873,8321.965578511536,1929979.4190854193,388,1
29.03571118870111,43.597406141395844,2.515719120745883,221.69116477092376,24123.084114852285,11,0
12.42749749609695,59.238522622030295,3.8380793756966733,292.5201492487328,28209.845614574395,15,0
64.05165583025203,53.45793655583798,7.905047826077724,15.04701115879333,6789.41476829489,2,1
16.148010467331616,38.24067904492003,2.089113453715146,400.7790817276485,49696.71642681593,6,0
80.16506045602317,81.80873836423515,3.583285102673136,7404.4626576939645,1575647.3281833671,783,1
1.6468957762241443,15.983039100885057,2.1467667237159884,241.88683350617038,27659.62701762803,7,0
1.0466271000084681,41.995809634330755,4.6956779640390565,316.3765733599286,22641.53210963637,19,0
25.27372269262644,20.2910037687638,3.6938956595864245,214.00408543786733,45147.78998785546,12,0
5.929091334916037,43.3705886457322,2.553783867364334,451.1510228764788,41820.28238718019,2,0
5.299931680279282,41.98958899242122,2.584915930311188,53.36790193376464,20351.50201877442,8,0
1.3517673740226765,50.793111139681756,3.6195226551025366,362.23596951561086,47605.89472319556,1,0
0.09315556926016821,24.96609981445028,3.4938178173006085,242.54757018155942,27908.51160310377,5,0
27.039729219497232,54.83083148098708,2.1510821703102985,457.29114012423014,36601.35823753947,3,0
86.97159834594643,64.91026190401604,3.1596369371617286,17270.740059936314,2167449.139554402,231,1
12.832970026251825,57.600162744299304,2.02394981850028,72.81308918352074,43528.29057945162,15,0
99.31106643015598,61.37930635980139,4.028312697221834,19920.224208486783,3751595.5694115376,954,1
14.638106194515505,34.457368315581796,3.8141651279555697,260.11496454536206,6508.514457038336,8,0
35.41851972948574,56.35822499556102,3.5938216053778533,125.90992312012125,3925.496934700313,11,0
94.17604713204767,97.20198165532851,3.301410760814867,10.187100101863479,323.23173289878895,2,1
90.95866331986997,69.185584797369,4.199746087506786,13901.503778003167,3086494.3569390117,600,1
57.69518211257157,45.8142951345837,7.869705754827241,59.42217698632001,14381.583043318125,2,1
28.043365186818484,23.083499400652226,3.986466302684895,192.3793619598388,42582.648283604394,11,0
97.46634880510297,99.174775326032,3.892184872421759,39.3772301644376,659.7056144673745,1,1
19.004263116357144,30.99738352056023,2.509440436339318,39.87689518928246,25646.303468118615,10,0
37.37610538780381,23.1090736718901,2.124020953207691,89.25625538785486,41257.65674918627,12,0
98.3143903208643,85.13138150942842,3.6810590543012207,8228.056942877105,2280772.5624677544,547,1
23.70440220133077,39.321900562791456,4.565247120322601,182.56423275940287,1045.047712681562,11,0
27.966668869537372,22.204959228159225,4.021802659030666,493.913672722495,31341.98844716273,16,0
18.38200676182238,13.038070290275163,4.540645069005402,184.8826815090839,43395.22900832391,17,0
26.161004417181726,35.9090667024455,4.889092879659934,169.27654815424145,45123.6457715484,11,0
97.23785528514158,82.69385271660508,2.7249242862058827,35.943727339429294,968.6716149178641,2,1
59.38369964382566,71.42174891916765,7.126396864065898,97.27572378247737,11915.981964569524,8,1
82.66201928678325,83.89161878869865,3.7047494700071426,16522.853128619467,2469442.239543318,973,1
29.101087982144502,46.4847991957895,2.9794965535922477,197.33086837143904,22574.10857494581,16,0
45.252675037267494,54.49710389078533,7.737411450818584,83.57090915102432,19902.96182234842,2,1
86.6337932976964,69.60400270946916,4.979816867137493,14934.114395563745,2415664.8431431632,449,1
13.96203114887613,51.53631714880314,3.0245428966373176,199.05363108744038,16590.830314172097,11,0
31.727691562241343,26.902001676799006,4.580904607256088,460.2665613140339,28022.675638221164,8,0
14.90111066451703,49.526688946989864,2.8160346511935437,412.36287089997427,31954.08273245659,12,0
23.180542193715322,47.418712589668964,3.7011659557660836,376.15188532815404,2729.00159605763,6,0
95.31479300985795,85.47429510215922,2.5231651846837932,46.10574600034281,466.38038494511056,1,1
91.40663415145244,55.43677744776071,3.1186711454424425,16668.297199392102,2255337.9606472664,334,1
25.91298076704461,50.24950213116641,4.635265104808359,121.8499267484131,5191.489950303201,11,0
23.46398369254606,15.640979349335574,2.823577146392746,212.41388026256365,46642.41915410016,8,0
30.4036615061937,15.475473624290617,4.45335943104525,270.6178667487988,12524.383008475792,6,0
98.7521182063807,89.9608940385919,2.304597494529466,35.84055066635059,782.1228600809254,1,1
27.364083604626344,33.12452368296094,2.6734949052568173,265.48827518949986,37634.55603423457,9,0
29.165843704417863,41.5453329088285,3.7646005505776436,123.99577293675162,4969.116533782055,15,0
30.540688833484477,51.28350288106981,3.255770495006967,485.23635024624997,14374.427314469813,4,0
8.312873007055623,48.30566376378985,4.764588077409883,95.12125050287574,18074.795467217693,13,0
37.72070722682064,33.249472880979006,3.641501718241274,419.06807772455124,21573.070282086803,4,0
98.24439794609052,96.49950307711782,2.924193004047319,36.91478356634764,737.5680617802748,2,1
3.4302417738091107,37.467439343369826,4.197715902938057,203.9282737099324,14953.143751502896,8,0
38.87450295761846,23.259518148294568,4.050219457155313,202.9836506535633,30178.12303830779,9,0
5.072719758809661,59.34461828615094,2.4171364079516726,488.384236895512,13222.51862333651,5,0
36.135122081921,26.854553016276775,4.17536085936071,166.20112416887602,39210.463172147516,19,0
41.283508117320906,31.110428975792725,7.243109014005234,72.19263226698502,12749.647757125302,9,1
38.646573230516026,43.6188319989149,2.144523687919835,205.1325065466813,45524.66807208284,3,0
12.19108304104413,20.813976530306796,3.722357625326819,394.25430668727535,23806.634185057304,7,0
11.84129741500131,19.174772306370187,2.448095520006383,342.9596686888131,25155.919202580673,6,0
32.07010220433998,10.334010050903105,3.864282191061264,333.44143725837756,7015.402069942274,13,0
36.16252371789519,24.662658311842762,4.257688928379015,328.42609582316373,47433.98210924016,12,0
13.670010112695735,57.421388056024604,2.737169248666846,101.39060051819087,46984.594784301014,18,0
19.685207515951305,12.713520561311189,3.8807305124826383,261.60328184881985,19539.594919308154,13,0
99.41244383822534,69.42678390542285,4.421775441793604,12645.872125372473,1371849.4341865894,605,1
91.68725419891113,71.05091803492256,4.187027617083964,6563.938575109865,3642760.8174071386,136,1
14.252886199486884,14.540055387518315,2.684189632341344,332.97272108569825,1200.7472863501653,18,0
22.58101013203523,43.44658697498172,4.55205637852724,379.342065666582,31142.07644346394,7,0
45.79647719023927,78.96013448446806,7.951370682694332,75.13027471443505,10726.904572764619,9,1
93.56772277483124,83.43330009263009,3.5681268666536003,9.965691355740331,912.2874111120967,1,1
0.5691951543894858,34.409350586332835,4.628727032191829,125.09303979719509,8025.792483259507,16,0
35.1325597720058,36.06465423532013,2.2263887667539963,343.3400680886716,10161.620766575687,12,0
34.31025589987647,76.97310507149382,7.789017177577466,97.6202436663547,18248.662353535015,4,1
32.97746766620336,39.11621092136632,7.793095399186393,47.02012871055113,7956.4126196664,5,1
3.400001634083072,33.84028340389245,2.105208962144352,170.03712575490238,23864.561950632353,18,0
26.821701132105,54.91996668509508,3.2516803954623814,146.70174142660588,37547.873209241436,9,0
60.51697203857948,70.23673636449746,7.173218493611722,29.61617070935952,6315.921281411669,5,1
65.42590923747267,50.426835968520045,7.921599004499912,43.989551380341744,17983.136611801558,8,1
44.11910512491448,47.81583879182136,7.064381634577881,58.44815206539703,14952.169184471051,2,1
16.462032747421198,28.049436165058154,2.8345690322851285,50.844128289128314,12508.056127860305,5,0
10.958819414232224,50.685273459811846,2.605322507732298,111.74862937856523,26096.268019018815,18,0
9.081336032395786,22.731273657195565,4.130119618605047,110.4473620653397,44687.08404110733,2,0
93.60041688532333,91.97449108560069,2.7353147739848236,45.777050682777805,588.7637142410437,4,1
28.743507634631612,34.39450814869906,2.7052849914025923,288.0453787176017,47928.069650088306,10,0
6.376123769446815,40.25882104577029,2.127915900421371,39.570618252415116,28478.165718958295,18,0
2.722637401392798,19.860998170577894,4.710193879113791,370.23259774635187,39684.83929105971,8,0
17.21274294387748,39.623420971594626,3.548517509374919,148.0508997691662,43787.10606957289,6,0
67.24166749392468,70.03330243383314,7.880238242897831,31.004245658207868,15944.53738256818,1,1
37.8267772750693,58.53822934195395,2.8092456797350165,424.6537088846991,13412.120943920238,2,0
82.47517958559213,50.41360987392928,4.766945434781937,14644.120543465999,4801095.724206211,287,1
39.799602807704446,32.4193454587601,3.8592729975895566,471.2356269306372,4268.251197476695,15,0
0.06737444529176351,51.43859419264059,2.8712773622889474,180.44018885635876,25323.122924186115,16,0
37.72603437691201,51.53652336602175,2.8123138313375513,224.79583590734376,44590.19970622733,15,0
1.1644681525995226,16.198830419134758,2.8862509919005173,426.81610246797675,38675.90610906754,10,0
13.884412270547802,33.91116995958634,2.1021111657644074,159.40166121795733,47758.96337345798,15,0
25.345933683625322,20.54390341640216,2.8722271788820746,320.42824118274143,25581.735351481457,7,0
3.5749110383068894,37.64425018712721,3.0182156954013104,303.1697310008256,28688.38812179674,19,0
93.7548261083079,98.1950021905698,3.030816193945327,13.21018995609905,168.68093963179655,3,1
21.331298597537682,11.272083783573825,3.6888989614782983,30.10342359445664,7161.968580280716,3,0
20.639757898220154,50.083918794602816,3.689880893693168,244.5661799083049,42205.15570183529,13,0
17.3041940660136,33.092407173462874,3.7525136981591634,171.12274672896828,4511.435925659668,8,0
20.004566004452748,55.249369069324835,3.164857199056106,226.58490898567752,40478.46581618717,8,0
26.54253271256241,44.65117143968317,4.250175557880881,32.152798422999034,34855.90204796544,1,0
20.320888074814974,59.00509731177462,2.362902724848973,478.60537386645234,21541.288249293513,5,0
80.408398491504,89.17544411017246,4.7462120217086365,13847.926565033864,3185325.9863022706,844,1
33.40911744797791,13.60290246915216,4.001246944862451,87.52045503796379,32348.95944835661,5,0
90.75418187449,99.80697083614926,2.9024510057120003,8.169028760505553,275.7872028847741,3,1
21.47672406692768,16.910595761753484,2.1171083151599728,213.17586362060925,1586.257885436698,7,0
8.85355238990285,55.20752364920606,4.612840386266462,300.05890730393565,27994.507333363217,10,0
24.013445232747458,19.696422615638603,4.910445777306809,369.78078923988767,14281.624545857625,3,0
15.380882841785883,32.02886767021492,4.161813060055026,366.3515675800228,13307.680056733265,3,0
41.61952876911229,75.97964466975569,7.509354107664244,21.91820475366989,18300.529472858463,8,1
38.70735361141724,21.49254898787008,4.930552807993976,232.14201006637296,1764.684365677668,14,0
17.339500573927474,27.865080017932655,3.0208812430341916,217.70465329719795,19804.964026058777,5,0
18.99141996459923,25.599266975432954,3.2019068992444386,212.69850309368803,37935.73977287806,15,0
7.275115939788832,57.08162340540854,4.672344615245537,365.7110127944592,13727.161643485608,8,0
10.292877963239953,28.101190480731894,2.9291404528593006,239.51434061322792,13176.8849064408,5,0
18.094859751118616,29.2823520432456,2.0403066446648563,150.68654811270886,33393.36512019493,16,0
19.41011875549774,22.258297088755725,3.6350181285434475,214.68069748753382,11965.718556663427,4,0
64.43775909136306,54.51205513225554,7.4783270489437434,66.03500318618839,5767.499668009967,4,1
24.21502186274353,13.126264829106212,4.388794432303484,240.0744007477193,6037.935795637282,7,0
9.861596902667742,43.93309376148923,2.222102844219785,71.90045540774307,28043.756912651763,12,0
90.21217827668528,97.23211825640045,2.498117472401441,12.442153745900658,43.453637023675995,2,1
48.168208910572545,33.58074340972613,7.794863243529022,94.20155783613187,7860.417007489688,9,1
81.87023207674177,67.10869644089522,4.2158458583517735,12571.507611183606,1974583.286951848,566,1
26.831384989885564,16.246782366172987,3.8885852593773116,254.43092284285026,49412.06407546315,7,0
36.685449358195356,21.68451686159857,3.2733311465177715,219.55174819313746,13161.95146518207,10,0
1.2673826498610863,15.063968799456099,2.646843262423081,331.4423666047365,25640.371942524493,19,0
15.260116869880225,42.310775621994665,4.559926439311516,448.6127055982415,34263.41927431654,1,0
8.874228410915123,33.48619369239985,2.2231609977699893,43.708604441557966,12262.791688462654,17,0
1.8965757777465164,49.139681455740124,3.770506309013819,383.7002387795282,13021.78069594068,5,0
28.420817097857768,49.764889611295416,3.4678086123978957,226.38247802324548,10621.183375684072,2,0
0.8368072933436999,37.48282748594849,3.318137390264637,126.53804386192662,14922.504558624805,9,0
23.189001586686814,11.824953807879265,2.7121188078865366,103.20205182651829,9639.242818329058,1,0
13.298117915551458,21.553054049887415,4.566245185011155,461.6673079750215,34428.348067853265,7,0
9.913162190280765,21.985546823368644,3.927078997401669,363.82948823450073,37733.028949165586,10,0
96.62235762027534,81.05688165268641,4.951901831372863,10557.145626029476,2560091.9701053184,161,1
22.525651623522634,13.03252511080423,2.4024539145200627,234.75549143088304,13478.829070665923,2,0
96.6619942312702,95.71569394350887,2.331479634922143,23.27007968472154,766.4379864183124,3,1
2.4937317214819554,56.35369798218666,2.089976274548038,372.4004770566326,25924.511188763387,18,0
2.915529684387068,10.667271635964978,3.8711363023275145,237.21661585177563,2260.0200707101617,12,0
97.127538309343,86.1619922190549,3.405741040467621,25.079506024344518,162.52042141024236,2,1
8.37243688733703,44.838029425667074,2.29746434050305,321.5866957604459,8495.895370415688,13,0
28.51471596212385,15.636364818075307,2.6006744097702295,175.25048196646594,10886.365263804557,18,0
55.9338769184474,66.23246165786996,7.221615385481727,65.56845951128497,11587.340279836206,3,1
18.69701174848867,47.44670508482539,4.225736000277422,429.6415875642686,11305.123529383836,1,0
92.60732244863763,90.31068735053351,2.434323971432601,34.379538068989156,226.6640226164599,3,1
11.915380510380809,25.011855643222688,3.2486101045503086,100.28515587564887,31969.798355833605,14,0
37.854652666368686,52.23567048811252,2.1578480361560164,75.32115803133817,11449.266469169055,5,0
11.416403108651195,22.463590669845424,3.6672697715566116,339.0237544233132,2380.1442506820977,10,0
13.43670541657399,18.35290082943189,4.321271082370847,477.76527513864113,21781.0097070747,12,0
81.86330492695987,83.5832596428137,3.6374893519059386,8682.412906273175,2380439.252070371,459,1
38.46762276256869,22.407248584251597,3.78153146967758,256.2823469809107,17480.259231839642,7,0
92.98013390701084,78.5281974333983,3.9802346358858856,5109.006764514768,4631845.516258363,459,1
86.64533915665065,58.57925845823734,3.112315850975703,11915.215798915466,3557958.9195359666,680,1
15.76509148596366,39.54357744769476,3.1295008005183043,127.08906525287695,25635.153880245995,10,0
27.98883997521335,25.955411132954683,2.8203847568184064,60.36609842978079,46094.447199007984,4,0
23.290587253012852,10.36012309653357,4.055134071429136,61.607429686347295,15526.002368967733,17,0
49.022818810525564,35.29445265110098,7.294704499821417,74.8795939896744,9618.675452959043,5,1
2.9617371155506067,49.196830461846666,4.007245130927165,79.64369946626057,10725.228974943691,14,0
81.71052947454424,55.090810722067964,4.60563424108002,9216.867090795371,4557057.287594663,508,1
25.227277508824116,38.59143574524434,2.7025994647445124,61.40168229318828,1986.8313326297593,16,0
99.83072859623537,99.72718491629928,3.555470839729095,10.845023363812794,980.2732154519658,3,1
98.0749697527132,86.65980894392204,3.860959291474232,42.72879792284776,3.686580489116409,1,1
96.61571206987443,90.7343534493703,3.196813989819205,29.92280327956992,360.18801206723236,2,1
9.841227532981174,26.724136353005388,4.902068529551627,450.9655163315491,19704.42178880618,1,0
3.3623799982992963,25.350527729699017,4.86670258865934,84.5484453940334,36081.34654706244,9,0
11.81714275971582,50.26273922543588,4.520035203734414,471.70185215856384,36819.54964344792,5,0
96.25171231714187,80.18858854067895,3.5941779978193953,28.040449896174884,696.1563143335837,4,1
41.549370286923086,75.72180636645803,7.541632223789744,83.5126982523464,7062.281696269605,9,1
28.914981351800396,10.681533356637082,4.533387933920058,53.22102402335836,41741.356839858774,14,0
89.12669510338631,85.65145822344101,4.344161050905353,8633.17766932067,2221160.335023005,625,1
53.364932464536935,70.92946102546776,7.496667807565653,47.899551830656826,11553.656977628143,3,1
32.42422259505326,13.438353106217168,4.6328297123854725,356.14629457134987,31813.42840551763,13,0
24.276004736380354,50.8753865709999,4.13624949223227,344.44392960251866,3127.5362164055873,13,0
32.21271348488882,41.13322822693233,7.628594605445099,41.181036807199064,7240.9816004990535,8,1
14.147671018890291,30.274717570451724,2.273451152016957,236.95583798742757,24774.181854652707,8,0
38.53816542079319,47.708798792607574,4.926103547686031,180.10845698794375,49739.62846292972,19,0
16.251727737707572,27.088609156621672,2.4756260909567174,286.18829574060493,7534.166319112578,14,0
21.567645989798805,38.47021976082805,3.203214274597973,388.5054126727682,37624.67632261993,11,0
35.31125562409971,28.788775120732588,4.322438245525755,281.08267891528885,39755.300956798485,8,0
29.374853589919894,38.76853587841077,3.351567914746781,487.11735389933295,10035.300044693144,19,0
36.358079684251564,43.46745699953788,2.7215611606725227,421.9528096548272,26834.129800559975,18,0
11.994970493561663,51.372730122794124,2.874980502664148,90.02001239301424,17572.140738601905,11,0
34.73706188363031,20.80188427491305,2.327785961529945,378.382974673995,6524.1981057477105,12,0
18.571483984502883,49.110397585542025,3.076891284276471,460.9162120148324,10816.454215988262,4,0
28.42801747347847,39.79937841790971,4.187735364007608,433.24705443834506,36719.57854944678,3,0
53.829996239787945,61.211855880856646,7.009417143837397,29.377248962281037,9395.397449312266,6,1
98.18108494139946,79.34656875174214,4.670999245471139,7356.8006683045905,1082681.4880188412,694,1
26.27079034984279,18.940275193210745,2.524346251062469,62.93351834669694,49904.37355501374,15,0
94.16109937540466,99.46787337862943,3.0611782399979695,29.955056482662286,905.737518767586,3,1
89.96244093138222,74.89537061548185,4.696722429350822,5371.653461735907,4259574.349165753,414,1
88.36686661848869,57.66211579890048,4.057695576925655,16061.094876666217,2654319.042695818,285,1
6.574080865097063,54.788611919993706,3.5133457727498105,170.0707795836693,20384.0832793312,12,0
38.556586267669175,45.38068823245107,4.137023469317717,245.15741554496526,23545.100859662845,16,0
33.46428728156743,52.518015749316,2.887745758316118,188.88276609967753,38052.421275691704,5,0
35.84355563706071,43.23332514892426,7.581082916200752,70.71190171080696,9891.743654250493,2,1
97.59789792659426,85.06201988249238,3.91425672920563,25.892911810982856,876.4834716314809,2,1
69.3194452447303,44.8771815914177,7.453272560615778,58.825762577612586,10540.418278446909,1,1
9.147928548016555,29.038993416872163,4.519007749929788,347.59533429420964,30911.179089441597,18,0
83.32952644022511,50.9246623302782,4.545549652565202,15112.713747803868,3821179.663465287,666,1
7.584393177567206,33.02258746410989,2.732859276618293,399.98242356037673,38553.42760095265,17,0
90.05449990564495,87.86117650348372,2.903875179967364,25.81573150173877,297.13209978694357,2,1
38.03760105111336,32.48136555992433,4.719997684133036,440.33795868263553,11124.5597395887,8,0
86.1376098598247,80.53420450360895,4.261743584060353,7215.745069139721,1524031.5930247519,308,1
86.61044816028047,52.91910444659712,4.476039507754507,16834.408829943346,1550409.5407800786,748,1
97.82125969983167,89.29600339789496,3.3728549732064406,30.855201638944823,278.0288169505256,2,1
5.438809955379265,21.74459538493065,3.5296496144909133,368.95786886585205,44340.67109339261,1,0
88.80121625800693,57.501246902822885,3.355442026044974,10979.196937668112,4577700.595140772,258,1
38.52896735411936,43.38850707318167,4.827841701436604,245.31126204341848,41121.23489315055,5,0
4.17344926667238,30.281845857661935,4.665364073579207,451.3129338446214,9517.390595022684,1,0
16.87622322544646,18.92919980723699,4.290088888716941,477.65858724738945,32909.365718951965,13,0
14.578652968370317,34.39427026587074,3.8019948337316376,102.04673842144364,15308.698693958948,7,0
3.6733930932958847,11.947158610381361,4.21486510618235,237.88478216388864,4297.815768731669,16,0
19.010259434797298,38.4938099867758,3.4510626101860153,300.3101261442943,14865.453481427308,11,0
92.48428337008262,53.1131633730613,3.9755049241501705,18283.130437013053,1019749.8192747467,112,1
27.960961815448016,17.302499332656048,4.397629954620994,14.543541505539526,34923.19116449297,15,0
1.1586310395155808,15.760536450098446,4.279465376883488,460.16098207640584,3365.4602116975125,5,0
0.35417298196635194,32.44715756367459,2.7375403982409967,314.4929949310409,42161.26153194254,12,0
37.00921191489499,26.17204636333826,4.0855487876621845,69.31174508260486,9716.426269223974,13,0
29.147612335441163,47.53941796501907,2.2991357626960385,64.7719162250149,16254.636071627827,3,0
10.618664608006068,35.360693084466035,2.2819784361893625,258.0151274672783,16134.590239609863,8,0
13.602009518904069,43.45708338861119,4.742043819696816,472.9328729356853,7011.6035021823245,6,0
19.618236649373348,21.438981977652396,2.2945082901936202,159.85917734615043,40516.74631305815,10,0
36.965289899223315,19.442256300350827,4.832602743264107,437.9628036951267,43261.880153903665,4,0
96.93286167361343,96.81570004187762,3.770677344407613,12.084386421214322,736.5865938200857,2,1
26.81074470960963,54.99223449722963,3.58166122920281,67.73463572460513,19705.955441101923,2,0
96.94129197883747,91.02826751426637,2.610399719516021,45.15688301453593,237.05299667378577,4,1
30.904387297020953,59.27725656972036,7.639476496389204,87.42604990208973,10255.33155582135,4,1
12.1083872841207,20.980257285152476,4.598974378303626,155.0241452380202,42054.22596077727,1,0
59.0734105614694,70.50664826029313,7.833771130604417,66.3499823108008,7621.293642323393,3,1
8.962577577479841,53.69303013288234,4.955603834759722,114.243465151602,25481.50313452861,15,0
17.22898362651984,25.285471274950773,4.0182001516123425,173.08796066207682,44441.995245858016,9,0
87.79813039049841,50.44299310711309,4.887202908514798,19423.127224771797,2385704.6976253814,920,1
24.904778275046713,56.48046929301649,2.8326894360410404,66.46071491621565,32531.00088047857,19,0
87.62608813846683,68.37639139408556,4.351276570326328,16896.75092980855,4243834.187432054,538,1
90.13662589161763,93.26353541582525,2.2881751821279064,44.70408602818127,520.8751406026682,2,1
93.45399614278236,90.49419684612322,2.703187464812025,36.59907064440374,662.5837744669692,1,1
10.791807864737923,59.55496467592418,2.53364268038275,309.9313520196447,25382.541924675996,17,0
88.99695808236507,50.04919836074437,4.566960458823557,15127.72655805507,2661607.0926226447,570,1
36.35767567732285,18.693944804389997,3.266217673393218,313.02556820608305,3779.6798244422225,18,0
28.12606132334721,49.29773280551741,3.1295965629462783,343.5727969640753,47711.187305022126,17,0
66.66243241093278,77.31499400720139,7.1459921634586445,69.42566019023357,10033.623384943294,1,1
87.5507559837435,54.01748144847613,4.336870453662545,12718.881079097548,4151815.0735226236,917,1
1.7020563304011382,30.998758758104074,3.886586759568556,115.28157524153342,3589.573402222669,4,0
17.573502796603876,41.91528989585333,4.624447352024917,336.8702194270625,19181.7157984895,10,0
8.79973856292851,26.931799658098832,2.5782728507450754,123.75551304199551,48160.366977799305,7,0
62.686901592734586,64.65374570759069,7.936449770919312,43.94525054855099,6493.134670262216,5,1
34.52754147570501,47.078134754833016,7.668651266003748,85.50614878952499,14110.726104707435,4,1
1.12444010593177,43.291646335947576,4.242447529017411,251.21171656991524,30085.689191948233,12,0
27.98910704154519,22.245331874833674,4.168436688905269,179.75225951162696,7961.82924966208,16,0
51.52821357432869,65.33102110996609,7.5348750246069605,78.5034794845229,8529.643465713354,5,1
21.87853116898153,21.643819365628957,2.1056301344626633,431.8249555769562,26085.651103777924,13,0
7.927243507002979,21.113369165896756,4.233053639617644,269.5306184826829,15691.296589724248,8,0
99.92493307511018,70.97565607883438,3.8220307744249418,6424.681889345202,4813418.3791521415,615,1
48.03152293903041,58.72375461026769,7.941537791965259,60.248702240970964,18391.412416618074,3,1
26.215811924197254,37.730990266328675,2.1923191221974494,366.3909063061654,6207.7086315365395,19,0
33.5753779429007,28.987760549848115,2.7603906747481544,28.39732484415838,11099.209587577428,12,0
54.510964836882934,69.74253851353895,7.256424719071615,21.039321232275096,10379.268673209768,6,1
38.11168982201451,46.42929111085564,7.9653972154018655,31.705595460572837,15488.009688035829,7,1
28.270313672504614,55.402960133732655,4.997820942975709,405.7032848546508,45385.02676879301,6,0
12.142601255840692,17.131962067900986,3.1043877340222785,372.83211854865914,33122.437184499766,10,0
35.93110183442095,30.146867230962457,4.937438093441602,276.95755730886646,18123.544146036398,19,0
18.400250125546233,43.06169546323348,3.595107089391561,183.45452072553965,24772.5992696556,18,0
10.971714750604992,43.3071611189683,4.514783699259728,381.5367036453215,11467.757335525828,10,0
96.90213013835537,82.87707258683457,2.1102795625274497,46.14839543419866,566.6416398010892,1,1
5.67096867528829,56.160766311981796,2.5665523910095356,264.15063029716555,21533.675739596725,13,0
26.725533520015432,18.261604290415182,3.8617568219390113,351.1206760281057,10560.660804687854,14,0
65.99150773319809,77.68813459100974,7.738805596244535,72.45316630326948,10812.70932512079,2,1
37.87885304570202,19.05296685519616,3.8040933196880706,434.8767162157204,4559.337376353358,8,0
99.54046797472128,63.526811400824116,4.818283854794281,7483.834389349146,2763019.1497167507,410,1
98.48812034463414,75.6235483564627,3.021042623811038,8206.044801764778,3965806.7676371066,871,1
94.00817234921718,74.41559275674737,4.50334710249175,11593.80790484821,2369030.238154347,547,1
83.9963105833631,69.39446496389073,4.328609296893706,15518.278979067944,2793900.124744571,305,1
95.03631344076098,76.93456358565174,4.374540312231597,16445.858599625157,4905133.313201841,520,1
97.07967704804771,93.83849402546431,3.2159566124210603,19.533951861038982,425.026707743375,1,1
46.12120782621163,57.61357982158978,7.879050052958757,74.34006531634563,14971.885512994175,2,1
37.37400069550323,20.287280801543492,3.0369319269832245,150.034725476813,3540.963620414537,3,0
86.50999802792336,76.9962418716743,4.352348052238263,9351.237583088925,1048103.9261437934,641,1
91.6148986398964,84.44814365267938,2.9382561710454125,46.25519274979536,121.39559662095078,2,1
7.985815629104751,58.577132242316004,3.7384300577765153,155.15395081006017,31052.726568375045,19,0
13.50940222853049,26.338171164037618,3.6068342716620574,145.26737262615075,48877.40062214781,19,0
21.185604211309588,12.106369088336123,2.7250524138871883,50.37032644796163,36176.372760450526,10,0
3.3197663653210485,57.67620423609036,2.079053260038036,136.76107830145992,31828.893479592516,6,0
24.462813063318567,38.367210149259435,4.391440053299006,459.4297248941809,46369.93346670527,5,0
48.38706272808095,42.54321738309431,7.04083689071725,62.392710440746185,10827.937322732043,8,1
36.49796845066149,16.471344887780795,4.835133327088222,348.9277272696521,49531.81013199933,18,0
24.446039701977554,17.950242027856863,2.0992325591460728,311.6074474551923,49678.18881578099,18,0
84.16529557151242,77.10952203448177,3.3243092841990243,7306.018313759936,1973309.76611316,838,1
89.4454720151027,66.44438671798156,4.39763457169844,19348.79941067547,3474694.7819495294,753,1
6.019616523607039,47.26391694454772,3.2301241216865493,347.36131894244295,33168.42651347888,16,0
95.41393867971787,54.094573490527786,4.146912430483284,15012.332930348028,2567941.2729930826,768,1
19.963963067876843,52.15239300409689,3.8557069097302596,405.36943009190713,28543.776448485085,12,0
66.90163720355199,62.67152665336857,7.436212590736359,79.69550138872438,12400.559657932687,7,1
22.207061745737768,20.40842906359861,2.47322627160524,154.81233535440782,9735.791887074196,15,0
38.56059911252562,17.492134922342288,4.01516126718395,43.73725295464286,13101.955891821126,4,0
18.380185957722745,51.34756288631218,4.941674204596874,484.68999011225407,39620.99569893533,12,0
28.300593300644508,51.38897992966316,2.7512167576821103,442.41419160252764,45478.80705035438,13,0
12.304207448077257,36.45853890497657,4.893295436428508,116.90183223734306,17375.33331205003,18,0
93.29769205010793,89.4501468937644,4.041342705445221,5012.28847916262,3397686.8638230306,369,1
15.36771167195704,31.777196486772898,3.1107859396089226,316.9727725968413,30200.203483815334,1,0
11.577848823555513,20.251786467296462,2.2234252110596646,15.555511793109709,1405.5858327708852,18,0
95.67298577329477,92.8244185184045,3.5205419837821488,26.45384455136567,15.278255060701017,2,1
2.893482777758316,55.24091756837997,4.217397550535704,264.1425233319934,1745.3968630757495,18,0
17.245482956058723,14.268848835579348,3.2174136030462037,496.78365929953554,21546.2449966499,19,0
61.03321186435826,49.00953824207532,7.982762072414784,83.96267471852765,16714.369388805117,8,1
3.2382520474347176,30.25705673529791,3.9242656712676443,265.14959076333923,31869.947899205083,1,0
13.160289430943632,19.418551425895863,2.1833000419398805,375.920287701516,36398.12509076348,14,0
5.8592546231958265,30.33299990519528,2.2158265426376387,83.01126397379903,41912.14903028046,15,0
18.80580370006119,57.189366491160776,4.649278508258442,209.9563237694662,15143.628018251471,14,0
97.28063942239885,69.05172412158522,3.5233592668250413,18450.23832542259,4939416.127841225,596,1
23.197561938473502,30.138897373564163,4.494122995567394,181.62232025265084,7060.756547233169,15,0
96.80673466113791,80.02427477242412,4.492987290994424,18790.67273379845,1467703.555696472,493,1
91.95688132797105,50.62641640707009,4.759614425607035,11732.067543386205,1084884.6257005152,852,1
32.39271465417429,36.56869491456966,3.3153552192090006,307.65173541182185,21177.048000905354,10,0
23.553258921467,38.92081032194415,2.5270311755297823,228.79804844782603,21232.89453274438,13,0
36.57247176010469,19.499780210716086,2.9736404776020735,166.98840956837824,12178.056774040082,18,0
24.54450185678198,29.974058109042197,4.148944678205045,472.1054340880848,5503.477413855421,4,0
34.56524588830402,59.933152206438805,2.4826850544342447,109.05962929678846,8012.8080639309255,17,0
18.179837419878524,42.37412323662988,2.282894823667859,432.3424002342487,48992.07388260846,14,0
34.862165328556124,15.806084914358344,2.8906349332964725,36.398854145280794,21704.15020651235,3,0
22.4244453774891,56.61280128955468,4.79186213846449,320.27100984390984,26673.706817879585,12,0
96.04595471808565,63.497898071942615,4.245581726560791,17400.72654237455,4432983.792361558,909,1
28.296140532716663,48.99529691270296,4.497047063923397,162.730223644423,25430.00895141113,8,0
2.4848995055508505,14.392647801306353,2.7435764599718118,377.42836795077363,23086.691288967108,19,0
4.776071620322813,11.798142214925136,4.668187363649526,266.2827214608051,31112.03319630507,4,0
14.722000096105386,49.43568742518201,2.0646974193752974,320.01330088272806,19678.098088037845,18,0
92.4106765564024,90.38866549614787,2.8485870835799454,10.421007069758998,880.4589381721862,3,1
14.933531418026016,28.93945271373063,4.221144681518458,109.88682618219003,28198.48219878084,4,0
5.041059680260909,33.83431894066644,4.266676285361636,310.01845199609016,16124.274363653223,6,0
37.32781629431552,34.45978735056478,3.876657152824774,134.40364774936722,1647.8842133649114,7,0
98.74921098321443,83.39376977250826,2.074333202938833,39.48075891251436,592.1967596680556,4,1
89.68221100717207,51.705467691404266,3.9702441133879094,7466.195678701211,3646181.5724877412,894,1
21.473590451982346,35.746226800430335,2.1966896288140907,219.37123892117572,37213.62848324939,9,0
34.35619752058932,34.21680182378801,4.0594627320470975,171.78053302123394,27056.615009166748,16,0
22.88175052840126,22.620153136196254,4.342674539953517,37.48412031624167,20047.09855139095,10,0
33.005944671476314,71.05394490613642,7.604080028811025,36.359112480913105,15865.756353002165,1,1
24.896683624182344,50.140612962229824,4.716777002758553,270.1693956583974,30724.87708015389,4,0
27.22285551161614,39.65559211190211,2.9206022511050156,245.97893257304162,23928.57310959152,11,0
86.43266507333256,76.62930045560776,4.681698963340648,8870.878899777805,1464162.7165701366,163,1
97.30202871968278,54.72577663536272,3.7478961900736203,17418.968418156954,4205657.572042011,744,1
48.954484560900035,56.17217477135226,7.434310550872977,56.58925390482942,5756.930107491337,9,1
16.770550637988144,32.80364691299958,2.944675167542083,427.72610150742327,18332.34254059489,4,0
12.699415856335401,41.89543708173955,4.712971596571828,76.56755313282483,44596.46408879046,15,0
30.800344991994248,30.744457568072267,4.450727926369229,246.8666854021284,34441.7522181129,13,0
38.48316680672651,22.247977685494583,4.410672244161789,223.73343044864154,9372.80558150197,15,0
28.119605099329096,18.853348387521443,3.044305910149101,286.55813192271836,25093.61665737875,9,0
2.9180400886072233,37.9821658846769,4.2309717310842725,26.158536949749227,2868.9853900827875,16,0
26.49958808190687,40.6868366723412,2.534533068379252,82.69895673939122,24223.708429201946,15,0
91.89424837026249,84.98482317132627,3.855222382290763,9.428656852611429,273.4867247383295,4,1
68.68719103217566,34.487451638980815,7.274861115385066,71.55695761630116,14051.87282141513,7,1
5.006213380367699,49.43379401936839,4.098829738864723,238.91190747212272,29149.872028179965,7,0
17.11403233741589,32.42405824845464,2.274222830807261,297.9041991350919,1039.083675423797,5,0
11.213986717124897,42.0976085367464,3.856959409264101,38.335154994033516,29108.98544493345,5,0
6.472843701508442,49.315305579497135,2.8910994739213334,209.764712294937,21757.477055165284,16,0
39.33730537100615,28.31114787734392,4.2235725899076,483.50867896990627,8288.669649509213,19,0
12.414474064471097,56.868446661763954,4.75469786618272,129.8513733241271,26057.545049080458,6,0
97.39655647608411,82.76394659304087,3.3955668604617912,42.3035488033438,680.860414880637,1,1
28.89387339466999,26.71248294020471,4.995668889490077,11.87207811845227,3275.8148708949725,19,0
21.023681351133362,22.097222279498215,4.899730981875997,332.23665117382825,43451.75247605601,17,0
97.5965796033366,99.25899753992891,3.8117458834725904,8.59020741799592,939.7649905675988,1,1
95.41438963367683,56.59483869744471,4.532310230192655,16768.011087840503,1821470.1413824707,912,1
26.30714440460335,36.314063960453815,2.788481745263629,16.99419761584324,2112.657226947605,2,0
5.316386904605364,56.075329340956195,4.086680448619073,90.39399275592693,6602.852052400567,3,0
92.30502582232839,87.61888349611368,3.4007792868754474,11.589354495789411,659.9310865427127,2,1
23.968280892630787,53.9877560099265,4.00245907249457,21.69449981344329,15570.354737854741,1,0
7.618784155648655,18.867372843080602,3.010289106330751,288.99683036787206,16470.471100962117,12,0
37.850795436281174,39.31863650188429,3.083503244991587,10.647399957270391,15859.705933817828,15,0
47.09216604886997,37.16008415298397,7.176095450205486,69.5919029211683,8740.025329356633,4,1
8.01980287325961,57.00572714481328,4.7203942523511495,235.21104372726342,25135.776753901635,6,0
4.872084707700273,32.55087368402944,2.323515208859889,77.91683893930434,46151.80952439638,2,0
57.03159169041443,73.17958815760788,7.29431783181385,28.362107993056437,14004.197307693645,2,1
32.23611138194346,71.44360369491127,7.506346194071304,66.42539654552102,11851.749872285938,3,1
99.03307699951812,97.36828091302303,2.698246658758296,44.284660827184005,783.4454147989775,1,1
16.592605292906896,14.286719881141899,2.6606722587558314,244.96402722745702,49065.32289525347,14,0
21.143436491377805,12.699438467443333,2.1785148455046492,338.3829162171986,2184.123328010939,17,0
33.34924054069698,18.25817392140872,2.6230899596559603,279.4206863566803,31710.299051466583,11,0
1.822708683274139,18.521636357670282,2.3115987759489984,267.95919700113984,22266.608587118582,13,0
10.943867208865097,32.67251852357869,2.4977749888769063,74.24245978819378,45005.410966514406,18,0
45.87421577239128,43.82096229210426,7.817279773484385,99.4019699786964,16718.26246324933,3,1
12.682505210176007,13.74315176109472,2.14178708927651,172.60645975029504,32505.371149404018,8,0
34.307772449020064,49.67407829175087,2.7076109479177375,111.50050920158857,34784.04465550715,5,0
35.075963986725704,18.55405328879355,3.080525301459854,324.415438022059,3761.912484370193,15,0
13.267449154472173,41.021369326521594,2.1087161944780033,11.24556649016893,45668.954698345784,10,0
26.989987575113506,13.766043052921546,4.4704846267946134,386.32470549956463,18026.940967648738,12,0
19.245233826038124,38.06472441253798,2.2779452642598548,237.2360952599573,3501.638040488745,9,0
88.81963195211537,65.38330884614135,4.962871357829173,15965.970100291048,2622719.364159389,190,1
20.681759106561614,39.19032348176928,2.7730567111980493,38.31051531088684,27983.622624729316,11,0
85.97575189598774,60.50419539962286,4.907491108895875,6294.960974682806,3591426.9262609123,253,1
12.133167605911623,53.961710015382465,2.3994825277951266,150.6173806256549,38992.455684825254,7,0
7.346760705258499,25.434277444591253,3.957300107910874,260.0388427755464,27371.976603242783,5,0
94.8447870407469,74.58276048828044,3.2508926456097083,15468.003183621911,4876192.966976516,920,1
23.9001915397129,16.669211908317518,3.776738737821279,361.6243323965473,35728.755191090044,14,0
91.68606145553073,85.17016486776006,2.2737333803921542,16.901608789340276,716.3711169245412,4,1
24.647498086707476,56.70081514695256,2.0873429775910033,445.09964957061015,39249.136650063396,12,0
34.452346436888604,56.898687649548464,2.029770385455692,453.5076780230657,14278.167709491627,19,0
3.329622105622767,55.382921472685695,3.8264607652358675,330.75333851940275,47909.43360755013,15,0
36.40246761470547,59.22140775005803,4.121429163468198,304.1181689133405,23747.85584332144,2,0
27.2215224477732,56.00919573183285,2.0828139967947656,346.107058429214,41080.29891615467,16,0
38.79734470781678,58.44649796230634,4.0905710390410155,484.52326251651886,24131.788724266135,10,0
24.119546953427445,10.544480292963268,3.6162060610862965,394.0197069215278,3353.1176752215188,9,0
47.571754534577536,55.44825296977617,7.451056601240261,98.75696023685956,5441.685089421769,5,1
61.71142863785711,66.49234726872999,7.628137356931332,53.57203297146387,5822.690915704055,8,1
93.68608595570902,98.80063300220189,3.112801908126655,15.515360118848099,324.3864626715942,4,1
31.944270693605038,38.26965659944558,3.533653827428065,465.6570543259808,47487.90015757632,13,0
97.57152366613903,60.632164208596734,4.5346375396411265,16996.21004144265,4070947.9378956757,761,1
92.59364186889843,88.39723532636319,4.102965862074887,11388.631725843283,2106690.2417831193,679,1
32.049089215011406,15.034501202018893,4.2532337323850875,71.38912232001121,31336.642854227644,14,0
92.79957575905995,94.7494616967956,3.8729352592152932,21.703864469410167,919.0661830914204,4,1
1.5016027935599352,16.734556176205686,3.916966477367447,405.5024368151645,32099.95430515697,12,0
23.973600784577663,54.79672234841962,3.469263614795846,41.59268586054732,48924.44708615974,1,0
37.61759393971653,12.601751457128081,2.360028941890724,393.80890764578965,39931.597176459676,11,0
13.434119546907421,37.203792747018326,3.8756122278923737,56.31922945192473,47450.09392937447,16,0
11.20140659763532,34.985132479649224,2.061035231943137,328.36611951405365,22014.518315994595,11,0
92.29874572411019,99.74889431429148,2.249624484190317,26.130426645668564,52.88639366837622,4,1
30.808426547241837,14.85360239196218,3.5051330102205194,160.12113550883245,1083.8349246354835,19,0
22.514231360532744,35.16478350507562,4.930790270929375,174.17082004518812,47194.861644715966,8,0
24.363481248786062,20.51775184378981,2.90564064238705,65.15706613015381,35842.12570062988,8,0
93.74217980299206,98.65904785607064,3.1917083460179363,21.966490327920702,556.4426973590963,3,1
17.97062503349646,24.019861330422934,4.411339300981497,434.63340611109203,25357.392957881075,8,0
2.3579983559403006,42.93393629427814,3.7673624051067214,163.6877598591415,30569.145196478177,3,0
39.9901651630923,26.341497389652115,2.299046638735713,337.8378321831128,38033.53738870224,2,0
63.095800779512324,45.82241346244938,7.7063256230009785,94.30573588306743,8117.186123636886,4,1
96.74143705784543,74.08465083181875,3.6775655141190944,15053.045668226427,1106284.6270832818,527,1
0.5711489180158624,21.02846755752757,2.474627879328324,432.25624981385414,40065.321397420164,15,0
33.253075923999035,50.95692824721278,2.5791270219438376,418.3134357446937,18290.300667516534,12,0
1.3030624560234516,27.441041442321364,2.6671345081437323,309.0537851459899,2874.3053322962787,6,0
31.366249819248782,15.81801834821607,3.888740310880407,116.38547631570147,12761.592681889302,1,0
6.867800624778018,40.689004778545595,2.113756981392063,97.1390324220353,35746.92343245793,19,0
86.3853781677962,52.91696144536037,3.871837000883272,18489.67171469651,3028047.0611102986,921,1
17.29631817407546,52.100031656760656,3.811139955686765,142.4794419078755,36000.30765745284,4,0
6.277778600851378,50.41429172455796,3.387789457134757,429.4919302291495,2147.8247983975057,5,0
99.92284029499015,85.96148635948325,3.0879633177416927,35.2805901911921,506.7048952079852,4,1
24.92237218022059,20.949985729120154,3.752444160083103,114.72962609465304,34035.30533984405,13,0
37.23074141530323,46.583493797400926,3.5397536692088902,399.29815415718144,22039.56394346682,4,0
92.0282151519131,92.96655124309396,3.3420125702322747,47.67557287768354,856.5409048986389,4,1
11.233936434141336,37.5363310191985,3.627676456856265,384.6252853735552,11277.880750962577,14,0
28.464729672508312,55.839662978766974,3.7495753632367146,363.4051780466721,15553.488873159198,6,0
97.20781756124236,63.83387272237485,4.1938755837761885,19335.33579389675,1086970.734291863,409,1
95.57295096549322,94.14563314469054,2.080607211878365,2.257085019748295,787.8839540401138,1,1
0.23377706449280833,59.824453400470844,4.512290962082644,95.35558549091814,16038.87067365046,11,0
30.378965019821813,37.27982008898928,2.483953263559871,305.44457894587345,37376.915095197204,8,0
5.243698974207867,53.32477535344644,2.6413133917605056,399.31892581560265,26139.780965946426,16,0
37.005743521164526,38.966498761391065,2.373317446562816,479.53983765768317,36129.547402236036,9,0
14.313722386911593,17.017835182726444,3.8521920579577444,386.3239467744301,41710.92635445614,6,0
27.572350825734983,59.203660182192074,3.396695134466748,447.2286627637271,45205.52839265812,19,0
32.60576349630146,71.2378788216973,7.678811215800202,40.57872790564224,6052.921020976059,9,1
93.27926348327428,99.2635623087002,2.5121987105029024,24.738674224304543,926.0382014722937,4,1
34.63434085873065,38.69707002756248,2.6298808763697954,134.54179159216147,1399.5390813099373,8,0
36.53172005585992,34.716551821285826,3.7900001374848413,127.49452151025739,19378.40137626822,9,0
39.66856240979084,44.390617533235975,4.880300911529389,375.5817192205716,12274.28184399249,1,0
85.30883035292187,70.19852207193003,3.376204381935601,5406.016345191001,1117805.388866269,209,1
39.55685347055656,14.183323821064155,4.029796905342366,139.79271714846007,1553.4480239744898,6,0
1.5317716937189108,16.976222027189177,3.516420948507612,427.62874939617797,16643.629739423384,15,0
89.44072939618745,74.38286160817641,3.7626802866084086,17407.94655499352,1977712.9831188908,874,1
65.62408751504475,34.3835202670048,7.344622256114627,28.0508700790564,6884.891069555668,7,1
86.27595703990325,76.86825593942132,4.9008867293942675,14140.25554064464,3641784.0941671063,493,1
32.73944855136414,52.063936741389625,4.477449841957709,31.566050631966675,17039.0286741561,11,0
21.57618198902322,14.2162593102484,2.202688722205202,182.94663138502565,32206.240983836808,6,0
54.873382035116,64.21736338331206,7.7129860039052645,78.46880204963699,5391.994158959131,9,1
23.173164275607625,31.51951343656377,2.5976759767902977,225.09275257206403,8979.404637618096,8,0
97.50597250860173,85.35889028499513,3.699638179326201,35.71546847017247,909.8169379300982,2,1
39.76934598013002,31.263669438444044,3.7661110019031305,78.95254871670916,49665.29181612891,5,0
45.811117984039356,69.94589421361762,7.15815406270914,89.33000733504973,11029.168668396087,8,1
92.93513083179354,86.19972694322308,2.5262497490181235,37.6579019293072,39.989628021087185,3,1
34.04293079575966,13.786718250340854,3.2761792164320833,102.27064284848902,33529.06892510665,6,0
13.195936101166348,36.633347041574766,2.8813971802628644,201.87739343405178,36939.955424958745,17,0
32.06267648133554,44.62092001635912,7.80636440059232,20.983012690604994,15725.292104005373,7,1
9.018278599096199,33.706297980551234,4.921016213478697,132.85439642003251,37359.91971256091,1,0
28.319785284332134,36.27174215109841,2.3919959852150403,134.7777911571842,13254.089712169316,14,0
5.1475481574266,28.108426830717573,4.460282669384497,379.3506938487059,45356.09580954928,5,0
86.44450274448587,73.181924731875,3.8962212396244436,14788.182419433915,3534831.706244963,329,1
91.2154805816315,96.33186736587679,2.2618002732342197,25.954542889402887,912.9562576528829,2,1
31.016248943174975,21.787550829178535,4.624876476839112,185.6229990300404,22832.704681573723,3,0
92.83744413963466,90.26699494463061,3.3277234968533205,26.899732683995666,877.5262840797624,4,1
83.48102982399719,63.54149735638946,3.36300715279029,7312.429509394173,1435781.2986003098,169,1
63.79304627391943,33.54306950281939,7.03621993730104,67.82426579536167,12243.487849193923,1,1
1.5791354856059003,26.00067772620195,4.525640375684667,373.4484373430932,41411.961455393546,10,0
29.778765490489523,25.143889159472717,4.492937230727456,441.36512426570374,27909.218753554298,19,0
28.653642851785975,11.960450852486268,4.881600604509387,301.5204379988367,49242.66474320496,14,0
0.870013647448058,22.708661336200965,3.1056902314239285,339.0115022928208,34827.92174472214,8,0
5.552204946625179,36.26523990422072,2.4544081048560478,87.47252674863896,45651.356204571064,14,0
85.07723271680821,76.26116627286876,4.683192634149379,5148.414620878734,3900101.483303675,820,1
41.85434597411218,61.69067478919237,7.4741380907733355,91.46396159294282,14134.309513319418,6,1
6.207389607329512,50.83721638195443,2.823111305345231,247.11661334172635,1532.994920070752,14,0
14.053930053065793,56.52295975728452,3.9879199916566117,366.7805639528213,40784.242044520135,2,0
17.03939122724577,22.322488158983504,3.3463172539618045,462.1423412249695,13408.04795382517,2,0
13.17498423510112,34.93041557361807,3.9934653320391953,282.12871976861254,13673.92835973928,7,0
95.63366208911567,84.98274738109382,3.3983047995438533,28.076012008721758,247.582730916157,1,1
6.059533966321529,26.755376544358967,3.592243686848423,200.29036306615598,31631.756777613406,10,0
8.76169970347155,28.940637112684893,3.8624018338281867,122.7961404166479,6169.50026922747,1,0
19.79224628800811,59.108626764302585,2.911448339014995,105.00788467718728,34574.65749286615,14,0
6.789789259307648,10.571305609358175,4.020984607674059,271.6970442289512,8799.379642218546,8,0
31.88404456817707,56.09616731241293,4.772852910034252,459.3889369172737,46204.81507977598,9,0
21.33279884856117,31.030241030163726,4.97748369998849,486.8475543458324,35680.8916562348,3,0
7.050775589300722,54.06833290322954,4.08617715874629,490.82375402173597,12087.759680396517,2,0
8.20212691266394,19.11199786552251,3.012593945988504,262.072914753668,2832.4184632289657,16,0
19.076396457128517,34.016148757410264,2.3493640983280284,54.58541939805828,25136.619916799118,7,0
28.39902812327565,16.624680189679605,4.493570740719136,370.05369285630076,41783.47009678485,3,0
31.98091010823278,47.92039401617917,4.387596506379752,156.5173708272331,42012.22725214462,6,0
97.42350454642076,84.81384718441717,4.387296185855975,12093.578440302561,4505767.651390743,656,1
29.67884810970397,17.484905006946907,3.5291277299055617,238.84687656742827,33738.42253984285,3,0
19.67205589891316,50.15294923416926,3.1195279372108855,17.177476760058433,44621.54739365916,5,0
26.324647850651193,57.096786017088085,3.4075961182891468,282.8034548241506,36208.65545493541,12,0
93.58572487552914,88.00895890651695,3.558035225333046,6.534799225961479,905.7296320937536,3,1
19.63754092096208,28.461322564446192,4.571990851625566,308.6295746969701,17024.94837918503,6,0
65.93272919347626,35.89303048144075,7.122247119700633,68.2637323661983,8365.49090688907,7,1
14.78159800477747,22.682200164038914,3.436434228568275,436.1724101509306,14258.835142287595,4,0
44.71957368597635,31.718344569049496,7.689932525577245,52.04303739764173,17444.954065380945,5,1
6.653725485065594,53.52710960851783,2.4545903137667615,239.66290233779625,36711.17367339379,2,0
9.98077738972631,21.194075286758533,2.2273569269777314,162.961254004306,38806.42018102398,19,0
16.500376453894642,22.53773727361483,3.267538959679114,106.50179604916471,34258.01646005379,13,0
96.38377777146727,82.7718383219993,2.9526202667195713,38.02079363138044,448.89918192008224,4,1
97.85300580396431,89.71241121026274,2.1062010256568553,9.789025495955523,226.86831142975515,4,1
8.008724903808506,57.563245189533774,3.667084727021873,307.05070088740354,36854.00681939652,9,0
27.11276082068696,56.002957091249186,3.8985156504964835,409.9534826326416,24637.689336474537,2,0
21.34346500463316,14.422101121947108,2.7871306391455226,375.27510777586014,6667.750765172631,15,0
40.94254995231104,59.027921879901875,7.689376810403176,49.89016805183367,19902.58440003902,3,1
62.496315994977955,73.47980814650398,7.7254545880454515,62.554616026725775,14907.736088007456,9,1
28.80078953653195,44.13857003289035,4.10324340048795,148.37057900306263,10214.938185231624,15,0
15.029321733252793,40.65553755207172,2.932732575710492,152.57434082804258,16923.723585279164,13,0
23.242684780806123,15.472783900940687,4.201488736495939,217.3572943403706,30194.870710536565,8,0
94.14910398285207,65.98239669655567,3.9022345048223404,7212.956698674958,2152713.343428524,735,1
5.0927891533073,29.790255511127235,3.2867039243720795,159.82588402389845,8913.009404621114,17,0
44.64888041168875,34.22858557723873,7.033865696611577,75.64028528492022,12288.737686051933,2,1
9.43524987004993,29.97453895291924,3.376030090993437,324.5045182118915,11053.949603780546,13,0
98.2934858563819,52.59226730732194,3.045331325184092,17113.539271017824,3447387.7661112966,415,1
95.26318283211425,75.8658017901209,3.220379495410304,11329.023983673891,3159740.731389307,216,1
6.394668844466418,36.92868425993278,4.861450237326778,302.96006214040796,11188.298053205304,11,0
3.5238415831645398,33.12817227095075,3.492426963807393,213.0178947876,17433.88039381697,8,0
90.12157613697401,80.1920085754898,3.577276092165488,14.347137523745113,527.4424363731903,1,1
8.396434799036987,13.493961200011615,3.7219960027135817,131.78327749787894,22643.94914495638,18,0
13.756633692014342,50.96952564079945,3.2186655661953836,278.5069053523129,41314.864500465104,10,0
0.46750479787705856,36.10825605793876,3.1384609242800785,365.4277397806925,19877.36242160301,11,0
38.33131777007096,54.160462380826836,2.6469920952090087,162.29584423835854,13587.05074232736,11,0
91.41866723113074,63.355057963051706,4.23738453131191,11851.005035236154,2187482.3574629566,676,1
92.40949188487866,73.68796734362394,4.03094116041856,9080.04650515502,2137307.1041113064,752,1
6.072783514130702,24.454732141765696,3.417605523920824,409.61605345554347,7188.0367994540475,15,0
33.24928145085058,33.594205678873585,2.8949432986905985,331.38133427183766,10499.162203493968,6,0
10.002848579302057,35.45912555102879,2.961667265847592,175.7463212791025,25832.598032007023,14,0
14.602870425924262,31.570158434457813,4.93373648104364,267.9730606900514,11076.786742938206,3,0
11.499309388292014,20.364665106676625,2.706255969555941,234.7053995315483,18254.147261088878,2,0
93.34675678810902,92.41137488629515,2.78374013518643,26.425352721247382,792.6492963163118,3,1
37.5888387197656,33.10934933947598,3.189500745347844,104.55742182663708,21197.16924515602,14,0
87.69209632379327,80.46904561232188,3.423284696789703,15449.554929188767,4184915.804631446,114,1
33.12956463400504,16.07326800857851,2.590348609392449,423.80617849066704,28985.19245513174,13,0
44.794811756686386,70.12769324850557,7.65032369339219,73.25540816135988,11716.552032679469,9,1
17.349270592105285,17.914536914481033,4.60302275347188,49.29318263639591,4270.576468827834,10,0
3.9272807985664215,24.352626803761872,2.526981599437338,161.8672970276787,32830.15449475049,12,0
4.197466455974417,20.6311762532783,3.8294103884011594,107.9548757282259,1123.1441835481182,12,0
88.2192063767244,86.24982552116256,4.8894760489226945,8252.330134664207,1063368.856801754,818,1
16.18570293360758,42.89452302499057,3.875052737817315,440.42551532824547,18613.30457502213,7,0
13.998658041602688,41.9070254809818,2.412893569599175,485.98710827982774,36684.651990149556,6,0
86.38493713966432,74.77289681955985,3.9411485903112613,15495.773410391712,1980937.344423933,132,1
58.64724960788408,36.23943353670886,7.705832782834465,65.35866794983846,10485.259096626081,9,1
96.22510911981658,89.26972766778366,3.0050971538535896,17667.012437655492,2385813.498711329,700,1
21.489280979107992,41.66536443786087,3.2348908738605457,149.56417790774185,4698.793302476894,4,0
51.8976952256094,63.14572226585771,7.889652291296344,24.67997937607502,10981.396470559215,7,1
10.393987826883357,39.53987814762752,3.5215170349719886,451.2495068805296,27279.528704676675,6,0
11.856285486177406,52.20308650513842,2.1386970928772553,147.37108150849048,4041.124992029511,12,0
33.38951581756149,18.434713406642864,4.586677134677139,263.1599810803108,28274.745184207466,2,0
28.251017925106446,27.619698564622325,2.1758908613152785,390.02021727662856,44281.721931966385,3,0
27.12511905740621,13.741029887371955,4.809290175809059,89.19092512323138,38802.94764359525,19,0
56.791254818210085,64.87343731591793,7.71170313896779,33.35553878671326,10773.983603154695,9,1
30.263547230638178,49.419138569068906,3.3502923954046233,301.02748649802305,21772.18347224231,12,0
27.67261881650548,10.404555387401512,3.561202274394955,264.0255822991279,13893.543669954252,2,0
64.16978353513252,52.13247184250467,7.431886093316193,58.12711684349842,14570.668597376574,7,1
86.83483719589947,83.21574868267837,4.264368714520809,11169.376052290656,3815751.6921076975,151,1
36.45470770955826,29.957003233791276,4.022718216958067,282.23266318418655,43106.7635856533,10,0
11.525133553335714,25.731943807220702,2.3456886160348653,207.54655640091963,45319.0647998459,11,0
19.08611010964341,51.28630890310512,3.1252839689073015,159.2821304095088,41508.07941052334,6,0
32.29375828412339,56.58920840654228,2.193856431874609,169.0407807320939,34158.80653784669,7,0
14.251929536384441,50.20453673502878,3.733208535994073,253.68999477665818,23852.37099427845,7,0
97.47094599539821,82.37861639043824,2.135637533854508,28.808762383911983,29.695784653790525,3,1
93.52812369591987,94.44044045278345,3.7763286083972827,39.53169921852096,480.5419717478482,3,1
3.442721563886848,52.81511631504982,3.5100389558000518,151.7136754542805,33951.61714001928,7,0
28.577167838250016,58.310423590787515,2.1665796444208754,155.9105733286143,34639.90483084514,17,0
39.19408786766867,64.61191868957583,7.114755848965833,67.52398387624963,14261.76226423356,4,1
4.945173597620349,59.34167659515541,2.6114131419426716,223.92333939325076,9159.76686680509,19,0
34.39048599796764,58.07323107248772,2.9293813855357715,422.57546167059286,25056.19149486327,18,0
23.915209236133485,57.75229208988198,2.882531671893028,254.31956387773945,40119.366090500174,8,0
93.79393037383028,94.06068666671617,3.633128874881783,33.676566184344026,191.08551894323134,1,1
27.93061070034776,36.500008287516366,3.0303495194391403,448.3269965891697,27532.77083834526,18,0
27.295834488560743,12.236757874688529,4.667509362246642,45.0377074878169,36874.218831667575,16,0
41.46846228329022,47.32772467736872,7.355248670976826,51.02408306479164,9053.851037778577,1,1
68.17279675258604,72.63813186472066,7.833689824961514,20.94375341400797,18360.96471168792,3,1
96.48712556868651,88.52227648976528,4.086333633627861,18279.055038262566,2061391.9097789747,141,1
19.229601992255642,14.280162727683978,4.443786168811849,268.98237092952826,22002.05277645813,15,0
97.25087072421707,52.359794108752894,3.333279725934405,15377.490586596632,4071358.7226778716,325,1
50.54996247892578,70.35491158650896,7.378249418326959,84.85498262525245,6383.694219764278,4,1
34.62248971277653,55.032537125116775,3.8972052563984443,373.24376757034423,10938.332704937678,11,0
7.104074600730099,14.116051506699957,2.506580449649384,158.39540093449978,4157.370432983291,19,0
19.16239175923974,19.49922819778855,4.141572902541126,310.30208447232286,25883.043304432038,19,0
25.80189058535739,21.210066873085736,2.4745936481042192,450.81834389320636,17036.823719541007,17,0
29.17132308608319,39.81984926611307,3.7636954288836484,287.040465713506,30193.55725427015,18,0
4.950780240211938,58.72038996877883,4.738177694631229,388.71875557030535,24671.102623569954,16,0
11.32178824150242,10.106195758245237,2.598518943065276,328.4456062317591,40366.33329693581,19,0
59.096547375619984,39.19732266427317,7.385506622132533,43.49855041248218,16271.36246394957,3,1
39.550521449278826,32.846607435460285,3.5417659369686483,484.53228149505276,15294.180320624906,15,0
9.894212064465652,10.493355326473122,2.7787433803904236,79.71019080793562,28057.842472380344,19,0
18.926376635855256,43.43013218072735,2.879473795647755,128.4320708442582,6659.065517980442,16,0
44.1140861576843,31.586736775990193,7.824468904290435,37.879801956697634,9975.313162344617,6,1
6.167895980979372,55.80800825497286,3.0970712352007816,438.9380569211562,32165.89574364512,11,0
1.3330691303197684,52.025884969836206,4.000113601838587,309.8784898439738,39360.044648397474,6,0
5.347723578525692,30.11522992085168,2.4703499921189325,262.3026337634384,35533.92818511451,14,0
28.330527329409044,36.71870182740918,2.0677580679148164,187.67778532422503,33764.16203670371,14,0
91.36473432134987,95.09786762585497,2.419012742503557,24.374649674702592,92.19798114278332,4,1
61.37782599252182,32.54402036606563,7.5815395690935485,58.15969897082261,10733.089563719657,2,1
29.05272464056685,55.93644363210981,4.2338919616875135,453.34272700519404,25642.834274098386,6,0
97.34250611751295,73.86102055706931,4.295686833404039,18205.65321574363,3402463.773643609,643,1
0.3452842407803969,16.57419899269191,4.952343827677279,399.00300107945657,16138.091698823908,14,0
22.285107265374013,17.22163775155972,3.3209265417195657,321.1103163970197,12310.210415159425,19,0
22.453125672936878,14.972817003787982,4.002163884280287,183.98580339533447,30973.54005703573,8,0
27.344180914133666,49.87649201389795,2.2154184306105638,299.0055270350521,49265.36532600507,7,0
28.856058765913083,12.645036392607903,3.8072631066693092,26.687979011068986,46382.02575410493,10,0
98.68997697080039,85.40117020995189,2.4728970246151976,30.497762299287363,638.4263938068872,3,1
2.0886929847160207,14.371158226310435,2.2369355034752245,476.25041758379365,33466.46082155972,12,0
81.87840266255614,63.400542520289875,3.663933224925483,8865.11325008251,2188491.6880489835,199,1
36.85354532153869,33.55679874626873,2.428676329618196,94.94413056575301,13342.954345204605,15,0
11.248578355836617,32.77224658609646,4.602149685637685,369.39611464038336,36899.020065777666,12,0
8.548167857851915,18.693592047530103,4.093342693729944,310.6871445304392,2680.307717364427,15,0
5.554063303345851,36.159063054270575,2.673436396633255,341.78013302735405,27706.563568455756,12,0
38.58690350866078,45.455405952887546,4.3598902952948055,204.81434314423535,35977.24204422135,10,0
39.94944406223854,21.18927285426306,4.494356097163379,403.91984628959926,42858.84547729871,14,0
93.5751207101615,99.10603435104926,2.58933877575572,46.124618074279816,349.9509352715785,3,1
33.55505804391595,50.77967043770431,4.357160601191007,445.5062166773184,23113.328696955294,17,0
38.447937337522866,34.089740939338306,2.6329302976813036,110.75120012296945,21043.94680051186,1,0
36.528643094600525,48.34019739313689,2.023010933235267,87.93427134021171,27234.230871646396,3,0
1.9264530489307718,45.17745480077443,2.0904931963276496,368.6521984522225,30314.386460302732,13,0
25.02604345959533,22.789272164081705,4.113926556515976,36.280810441531,43282.60546347191,11,0
33.84523988438272,26.833458059020025,2.830654048816394,412.14241506696953,36072.415211172185,4,0
97.07009091093046,81.89912499717782,3.2294117279476584,45.89665546870049,710.5355564258547,2,1
27.01929440013638,13.793998582327463,3.894714860497566,408.49903263897045,28660.914616801732,11,0
19.05137011735377,52.27792664928715,2.612808338240787,270.17314359587147,17543.346675064175,7,0
2.3497722066121085,31.220052503194246,3.6890613038266618,115.48277699943107,24898.694399516997,12,0
13.156372355040462,59.83861150495944,3.5400452304463523,104.5424982308281,31545.961442885844,10,0
90.57149517378421,87.3247389218892,3.791549158747545,44.43319892828062,74.47127382296014,2,1
23.131371553526957,42.58887296383967,3.031639717882297,84.70468988732894,3303.6059470333703,3,0
11.805690466467214,18.197525387411858,2.2910841213530952,22.388941022339928,12086.991339328802,17,0
31.490698641494127,37.12297919022889,2.8931696737800956,165.2219260068126,33446.01444619204,15,0
39.78952809030122,19.682140768411724,2.6809780120071913,242.28239126899174,49985.51496209514,10,0
62.46646965940177,64.21341696088706,7.602660044862521,21.48594868958449,10196.90834492267,3,1
21.44655252271565,12.335559831972667,2.3232917464426723,129.840114315371,5776.828083568335,18,0
17.38378437333018,17.249458128894442,2.1872874855005096,225.22095031894318,6796.4182515304965,18,0
20.45034397099633,55.87986142669252,4.560222591170984,477.314601914126,22601.621000950483,13,0
32.38222776165711,44.121548675062655,4.59727638499605,147.88875894649297,19628.970662710217,2,0
16.17010487208651,32.065475600940914,3.276781442319135,341.1899631800969,18374.536060474173,8,0
81.5744724098437,80.3842231142196,3.3526536555435484,16594.58505664017,1874564.1419873466,498,1
2.574032023844559,35.69106612174576,4.227317984612505,25.371722127893122,5326.228474079014,8,0
24.198758400242614,22.554858115910804,3.472741562771497,50.5122458429204,8493.634870672075,3,0
92.6817415932488,94.40633393006378,2.7889756779033417,42.39873681519682,585.115771802392,1,1
15.338422987559417,24.7196189159652,2.836535313962304,43.596013004537696,41511.81363817407,14,0
88.05891077408013,67.46200682677639,3.742342879429825,5263.4480252551675,3180272.2388407285,514,1
30.669618339279463,20.789383482007214,4.798396104167208,286.9822964879246,46285.32174847045,10,0
42.22350190455067,47.96213911684045,7.944864816041376,82.94350482982689,13755.234177707905,1,1
26.106034435539193,57.67562670616858,4.355667386496513,309.8233240691523,24518.603225235704,13,0
13.333292542004948,44.57412168571475,3.913751019863785,132.91039246703923,30042.23084640487,19,0
26.899492551771047,51.72383757678166,4.815808643331382,181.196791097183,21354.156955399783,10,0
98.52700443408958,94.08989633715771,3.23238240376301,13.743509384224467,768.7626707375179,3,1
37.40697333112444,48.33416454271276,3.227362248722731,160.65774623695884,46247.445392576876,6,0
30.636628657113288,27.720484773758876,2.820894123416097,137.91971794219376,32266.55407184589,12,0
7.9949279214339075,50.510134039541725,4.101400374478337,163.20995707587116,41518.480881359515,11,0
35.50091398884548,23.22926521223144,3.7006548681871476,407.7658394906746,32242.420979543756,15,0
24.10124759779334,30.669004861693864,3.39147353485028,141.65558691908288,37290.719043608384,11,0
34.0997278731392,16.12501509692327,4.548171247804216,164.24608595341718,2471.523109173885,16,0
81.06175173682502,62.05489950030649,4.669250948120801,8627.589180496274,1897084.5683139048,634,1
98.19208623319844,95.2188875423516,3.102583422607765,42.78839189009612,321.68646354352927,1,1
32.80349874056213,29.14425047025198,3.345730620545761,141.09568866478472,12213.810744618066,11,0
14.238966931535128,35.12924834504611,4.984139803626459,153.21324760532366,21512.070954106814,5,0
10.949259252644863,59.06301464718166,4.9564755234241815,413.6393618512652,36956.929954821484,4,0
67.69397075726053,74.02855159878777,7.7097723382624235,74.58601938930522,17900.691934674083,3,1
23.497866721229535,30.79541400718181,3.811945314454375,107.37239234277011,5088.247423451609,19,0
10.04360478672842,29.15630926323156,2.681518975516398,211.6711975706886,29538.274252305073,12,0
86.86164586114072,69.70667384995889,3.363832690667344,18184.88053410244,3480514.7139983033,803,1
39.80539944152137,50.22191563815326,4.606585765487204,432.6055140858036,22038.22907649682,14,0
61.75190792192359,72.44879535438795,7.190192893281081,58.95930239740387,16441.99210412205,5,1
26.458730537173448,54.07030373170199,3.2970630922246764,75.82602052282357,24922.36069520733,4,0
97.02571402805292,83.59607428834863,3.0922056321844953,18.964196912067386,908.8096199639651,3,1
96.08077600026566,86.56534913254607,4.514244584015704,5571.410959928994,2812880.517056674,622,1
0.8553392993575759,33.48695110621374,4.705966138320857,420.56569865072316,41530.12979133332,3,0
93.36166489744194,58.85162464726937,4.241193061165891,14201.574179588782,3236109.34629677,303,1
31.15595507330479,14.961250995954696,3.1720263070929113,33.68341864679866,48285.56231838148,15,0
86.23259953837052,60.55999141173899,4.8476877702202685,8752.35850362959,1337192.5434159534,213,1
37.93708186273735,26.6638525282087,2.706863734154048,435.80006323307157,2733.013742532912,11,0
27.194873241742282,20.64245757686313,4.630287017336665,352.91643541004896,16582.681784352477,7,0
5.551191374933175,19.57445230723506,2.8151942221725,435.7292900649029,22355.323365719076,1,0
6.996637392508114,50.25087505921198,2.820099841806189,236.07170822864498,11506.573448797084,16,0
93.39675785031856,71.93427409830774,4.305373498056101,7665.903989622508,4085336.294988375,100,1
2.0475920229124123,53.585991430564064,2.6563345466130768,333.3389459063012,19292.373556045502,1,0
26.621529053395754,17.756689762032465,3.6113413656953943,85.8292442059022,28791.39045868524,13,0
19.27417788427927,23.143619879144573,4.297135184033695,307.1190895664314,45587.8943930341,3,0
38.6433695807972,49.47400964181001,4.574642125436766,360.3771946178676,10602.96876512546,19,0
39.05810912920781,54.321437513490125,4.522224624598243,73.85699927356644,22087.225011865536,16,0
34.41975799591165,50.72379923209348,3.669148139234029,395.3275021790009,14082.457112369731,3,0
4.1176473078696585,42.60639148864827,2.3979976847079048,163.8687618658836,46200.88829259631,17,0
1.5668744074632368,14.711282648337189,4.335106002703217,210.80092459743955,49417.02880500107,6,0
57.27006703214844,55.122402687050794,7.084312059173664,23.869262060535643,19967.455357354913,8,1
36.837031760362734,49.20388197599218,2.4680586358471297,455.62302221659445,28555.721578390323,10,0
9.569765811093811,31.225207813411206,4.971273334423497,493.8764801846906,34903.2124143778,10,0
39.8987611621845,15.109774954447666,3.6183739932022205,350.04248335222866,14014.393028263019,2,0
5.894607849159392,52.83640264228976,4.900855146820718,394.1447459248105,21860.222613979997,11,0
6.771396282704245,31.3584979750844,2.846766410095351,248.03447335502707,49675.42326930269,15,0
33.97003642563896,32.47408836953965,2.135620557711441,283.6659317266061,1055.532057163098,15,0
13.196838309436716,28.39336437443083,2.157256415491622,221.86288465478614,46113.26908679166,1,0
15.663024582274016,39.06569824304553,4.147184697620261,346.087121595707,21327.459105698606,16,0
3.8944275593368527,17.64963559642554,4.276512180833179,119.72768826209412,33402.9770543013,19,0
9.272348066076068,45.95773111708308,3.8312289976460816,498.318809469098,44304.1370829789,13,0
93.04073167768502,90.91922447054628,3.767572235792266,34.74238082272588,419.84903486880154,1,1
3.6305462954506984,39.269326757313564,3.7709504074478657,213.99527031820122,24281.095421170914,2,0
0.8800492266697191,10.782506752031653,3.4659076971206195,430.1424336416066,28847.25686450416,18,0
4.730947122183622,22.929166428486806,3.7366851161478905,400.5767541945841,4761.615392322792,8,0
17.139786335209244,15.017736366008645,4.123269043222069,101.65746081440263,48478.83335377582,12,0
32.27890364091279,46.0625262772602,4.218091461166155,389.0952094045223,18425.084021576902,18,0
84.77919734501316,54.718957388153015,3.3307482784012947,10783.538881783707,1770586.422686885,277,1
29.073137488531593,56.45356612135541,2.538708860079033,298.6472018950776,33020.94461620404,10,0
98.51540263153255,87.49824422222915,3.096189790582912,16733.709115430443,1593119.7676660004,643,1
21.105398678072945,10.621858930036812,4.184648297191506,179.2039274349419,44511.49197279419,11,0
16.69309042692056,34.373103783788736,2.9097245711468736,232.68799761570136,27022.849934767994,16,0
38.619885316389315,56.66474002263455,2.668312518411881,198.95586840244457,3401.887182177389,13,0
38.811235627635774,12.679391175698036,4.18043184914823,222.64244737312103,40413.54971028101,17,0
13.694894379120068,29.301639570400642,3.17342882670116,242.27569762649236,26703.575452152603,3,0
29.071978088280247,12.415551144274087,4.817943121681848,137.74020989172945,41817.43248371984,5,0
4.4092817474296675,50.64098563805262,3.0728002257638485,32.52420807242473,40719.15133665048,17,0
96.6939718618426,88.53301214277121,3.4591258496552157,34.79004555175894,226.2923119975826,2,1
96.6730913697821,71.49728379958617,3.515456210612763,14400.375126442874,4485491.399231261,617,1
17.81611370654651,17.94091384691304,3.7170497745334115,292.97923922606947,35008.251257537704,14,0
9.849455970621248,56.04524360087854,3.4637724661432996,36.439277595125034,14317.194594590896,10,0
97.34292452726267,59.72993610269498,3.344761504213429,12416.391364914049,2758502.890587015,314,1
41.4972056433009,52.026724275845325,7.215337674506331,64.32199344590123,16858.492148497528,4,1
90.59788414239111,80.33275713486262,2.251303724753096,27.899110062605263,181.5748314917357,2,1
27.235393836297806,25.09441903553747,3.8674909175995698,419.88293415969576,38508.0676581229,14,0
35.636709225432824,42.53411814262713,3.069732109827463,229.50810544034653,43760.24421307451,17,0
9.718714578273161,32.37037276198414,4.357878907630853,367.49737354351583,29351.61642084713,15,0
97.2217244880197,93.14486032428943,2.247994959635927,38.54090113294843,161.85585404541726,4,1
23.385251270880005,59.893034958992224,3.8753228179852224,175.12383074269704,36805.10915681133,16,0
21.951318625694114,30.903499117193537,2.0129989369962917,221.3448819049372,11624.953381119361,4,0
47.073488906782444,77.79469559956851,7.4472518136356705,32.699332815239345,8699.837334080072,6,1
1.7312625723154218,20.21593849458372,4.405559373690468,229.3203700607957,1903.3596463598403,9,0
90.41663368371222,86.53112594385789,3.24999809601716,23.302583192580627,491.38499142370284,1,1
29.081390900868293,44.482499036543544,2.8655187007746155,23.214245943906974,3094.6308937894073,6,0
9.690612381398559,44.406490623011095,3.4302133588609856,82.00773921935738,15168.33521039154,15,0
7.350440889380745,33.99359743465861,2.4504989659097762,326.0242143648694,40919.31009158375,12,0
26.026907894509954,38.72898190588957,4.455982558633639,264.19225016201904,47165.08580633039,17,0
3.7889223870080446,45.91855636324572,3.8550954409758322,335.07823274312386,26563.651392427182,1,0
9.107454862836466,58.29928971204167,2.0242718893782525,84.72681873805026,6481.082480509809,10,0
62.46013603576264,76.67729129522695,7.868663281225101,93.58318471377018,11342.380461038914,3,1
5.027654016536061,18.19728656596377,3.084923352738298,103.10352650540122,40717.25827328256,15,0
89.65018964276624,61.46199966735696,4.104534426895578,11626.487486006317,4768366.924797919,805,1
95.27415934270508,51.19061229562146,4.4038554699005505,11493.656376104685,3832581.258850174,959,1
1.8903895705396456,35.840553537649555,4.174812962361818,267.4499946724064,25187.222048987736,16,0
6.043193517965966,36.4351117555809,2.6148987372912615,39.000584855784425,24033.05827377725,13,0
60.44308908959655,61.93563599811185,7.7417999518435465,97.95353308068746,10632.74962667936,7,1
0.4615840885129252,52.78219312935841,3.7476239354348677,180.39854337712487,23548.276866804877,8,0
13.691797057421912,31.531574861674606,2.5743544353975256,400.2256231202942,39184.5322804594,16,0
20.826917915327208,11.253541841526506,4.553506051813201,370.9565134656123,11625.983447701667,19,0
9.999174587281875,26.08442832797148,4.294036295710786,189.16431718408535,7396.087847291196,5,0
20.37747466717391,10.149293505865906,3.0857493263207467,452.2611525896837,37998.53076766089,17,0
7.465188707444272,46.623722011975815,3.05534718683706,287.84927897060516,35469.50591294008,11,0
29.454159279676478,22.290030248478672,3.7098121810476563,17.692968447788886,3647.1011598630475,18,0
90.85644962620763,87.90915528445146,3.2159285386896306,13675.274233550792,2714558.2539444575,484,1
24.56808621401903,22.73965242320158,2.389798261331294,20.934437089079836,42315.54305966782,16,0
33.46517877743735,16.577098108496237,3.8853016558446347,185.74097316628595,9052.298742284165,10,0
10.68013427762609,40.27883845863401,2.407889051362777,59.32385339457221,23413.60186600626,11,0
12.005448143766632,22.491974768249285,3.3496522200202863,278.6528209787588,11040.993855016477,1,0
33.24116008378668,63.76292545375814,7.779177295779193,82.64834880924538,14207.053006533613,7,1
10.879907712115656,41.37970977456906,2.7293689330162403,197.27356753702526,40583.15072780342,12,0
3.1983277450624126,56.67770632694533,3.7794392460530934,346.77979777002275,32492.993098793067,14,0
19.409559434516837,21.570793228553264,4.760682203386389,472.20024487487524,1974.2737802919569,13,0
84.56630392112491,74.04343340615357,3.5061339126448337,17953.72226826506,3145551.427624263,161,1
4.0805330660542305,53.71089152079931,4.452053906469452,239.57743603032444,29838.041162140293,7,0
25.909454436462735,13.541077934807575,3.5234629762211203,458.5195630088628,7749.7655571914,7,0
38.80534470916101,35.60526182154737,2.433436749349676,46.94666923710871,31018.325343280758,14,0
18.886619214918767,54.3954469545045,3.204096081624706,253.5937729367784,6341.980257930436,10,0
18.20575917349796,18.87891599349776,2.470167136260475,336.75646938263475,39601.09758640303,10,0
23.138307716555882,11.295226901949075,2.036135911109895,167.6942524360509,22121.442486557604,12,0
6.0337042757196935,13.56301638481239,4.209508306783549,200.17594077771355,28654.948835978146,5,0
39.832508639578336,32.99757882389122,4.931143216182694,153.71722907625053,19227.751179130257,18,0
6.534535628373068,29.225769416541127,2.3228709671602923,433.21959765416176,13767.553641038856,5,0
10.722335722602857,33.366060637452875,4.919101703620267,252.8548293282652,31327.571629603135,6,0
32.47741291459277,32.51622330474338,2.8387615836278046,270.19269552867434,26259.628167617342,10,0
4.702296849652163,23.624361478564403,3.7718772936092195,182.38248117601017,40463.39288692033,6,0
7.3552274847584265,41.0470589402441,4.789427129124319,394.78433039424453,37272.908220024976,16,0
89.07825850154752,82.05261100088234,4.540985105322081,12294.557030101168,3835811.5357086235,504,1
3.9927018965088834,50.757439779542516,4.266350220055388,379.941970087545,39741.32211662661,13,0
30.177917887678216,47.82601558001864,2.345898402273111,336.5566518504765,43888.483775565044,2,0
92.36360612304334,89.618203123039,3.8948802536027403,39.61648177830375,919.5354858214896,2,1
33.17751145781128,59.55272988134022,2.4676152857484617,479.71539545167707,14898.152921828952,18,0
7.4333431287218055,44.81200912926681,2.4901225178415136,291.09637982811313,16637.08798026703,18,0
95.69774516954249,79.7351998389161,4.718201092226867,9206.728683696128,1118014.8848828338,387,1
26.609922814187613,38.45473344305152,4.039114022402452,53.35991373742998,11652.414466197935,1,0
30.37637302780928,55.70381475290908,7.069075088722059,25.389595597010658,19004.65508000266,2,1
10.658132696478635,26.155441443882975,3.380452914600613,346.0694956793932,28272.11491116599,2,0
2.831662720399599,20.16525102542535,3.9736500228667455,171.54235963472377,38769.46586049903,15,0
97.5095656262279,82.1477038958103,3.64504175187677,2.8106970811819565,628.907801018929,2,1
23.68410730407764,34.945958373975586,3.3367976807760806,478.8536878400728,20113.23360105309,10,0
23.652332477682396,15.355374080013615,2.1974488548782274,313.63820490499063,23375.221714300773,1,0
18.954460478866594,55.59534439720942,2.849920324869622,469.7134917293573,12418.24964710468,16,0
1.5989775704350828,32.71037787524856,4.747324877944535,217.4387513312315,42447.15492860853,17,0
35.92496595768357,54.0258318492433,3.63939309228977,64.95206006299432,3540.633470395718,2,0
27.19402155198741,12.299020277910003,2.7027494535293575,390.8925748063292,39419.71131943057,14,0
0.04271364571759584,47.53548692085375,2.6728903062819787,202.21502794715195,45849.95176087115,11,0
20.84619314389183,46.607529519360696,3.785708426022062,72.39846929732713,26607.13471558502,15,0
31.631613851817676,23.830087387989536,4.064301295878614,268.54436753185,28235.116994238768,4,0
20.02672162379487,19.241234611123446,2.6753760968167555,12.660749099146287,1044.7890751913574,7,0
95.92502477783754,67.967225666677,4.299272570891168,11923.259034074727,4777621.638924325,633,1
25.750674989730328,48.498415423451945,3.656293509811861,374.1454227920746,5327.048829062358,10,0
86.98390469294542,77.00667247243939,4.586231854950337,9500.479331681569,3987553.7523437617,818,1
33.09280808090988,20.51666044261919,2.0268125383521944,356.36809495591905,32616.81099104752,18,0
23.525308022184397,39.83565157767034,4.9898242904661805,288.08873078966906,11562.999815757006,19,0
24.677003222423775,33.66755427797779,4.713544726255584,42.38229177656243,42378.57340458252,8,0
95.65424306763545,95.48548853111691,3.2717493865811984,5.037446443505472,459.3747519797119,1,1
10.432002136303398,40.99859733642313,3.5938792154301575,279.8092875239238,21269.32360568236,8,0
31.017604251865855,11.058993501443311,2.6476304674288182,45.08733780644019,27847.489876829804,4,0
92.5765998227563,85.94694894327485,4.2203054002199725,19188.085645204992,4405536.751890068,458,1
34.009367114874756,39.55456135421201,2.2669816915379695,444.86706706715876,32491.734408459513,11,0
33.53200633360375,38.81108278840109,4.716673505733063,217.44784588700477,9008.549978175195,10,0
28.98223591747861,58.903146674013506,4.9309876775568595,210.8774690397403,21958.386963831406,6,0
14.386070111079118,29.051282784322687,3.052225622326915,311.78209028152463,34950.64843903402,7,0
96.05539149307444,83.46056269229581,3.8096418310625833,7.904784613334365,709.6450509732106,2,1
92.73267832737065,71.01234892710721,3.0688196532015404,11619.26321443515,3486316.083880695,634,1
25.303059158044885,28.66642998054784,4.910166035060534,485.19913648934494,3962.4278215137883,7,0
30.148096181688274,78.3196038128938,7.2735980394535105,73.32555664979887,18488.500197831272,5,1
9.447422456481078,52.9614601016584,4.780942421044237,467.36119265386833,42424.87985955889,14,0
22.231234293009724,43.140881700030974,2.655677542232844,457.60191301255196,24831.208119141822,5,0
7.35452655322459,10.776712918944739,3.044155533670763,386.06042050734914,39117.108629818125,19,0
93.13668744095784,84.92406039656547,3.6320145477918144,12.359249494194124,178.38660404407312,2,1
33.95595885583428,57.9836896147493,2.809287922275461,455.20187088646145,6989.776011667943,19,0
95.53026142879185,86.01902799367792,2.217610696609862,27.00870022656871,145.05890477541672,4,1
16.946805752037925,13.12966904587601,4.304877553967168,235.89411877024267,8720.255423818824,7,0
69.35976244028419,57.29667649028531,7.909222242103725,27.149349480521497,16853.491125092325,9,1
34.62506021864157,13.506710472724333,2.078122886525174,201.20258263648947,49778.47311996533,1,0
96.92039335387769,90.59448612336966,3.5712744892715467,37.812929375800216,509.03413026679914,3,1
12.078336227857669,52.67939870120868,3.567348496035328,140.78850864274867,8849.616770053743,16,0
93.197121000472,82.67380232407353,2.7837457281227076,20.11726423238251,782.6512299146218,1,1
24.622708351572182,31.95207599477459,4.362063003101226,266.9508191477091,24067.45809496788,16,0
30.634046011068342,27.709233585723744,2.40243321817665,213.31005048396105,15880.001221283092,13,0
27.025912150645045,53.17560124999639,2.1920578311694445,191.87305524108834,18154.65869257322,16,0
97.97270920651704,94.25282435547616,2.508177916507468,19.501318616257212,867.2727571723603,2,1
22.265436806502244,41.626809975833964,2.749336239171166,324.6482585799481,13649.27587518661,12,0
99.21952487927814,84.51511951100242,3.9044533253104596,20.551152011638564,775.3954907446308,4,1
29.12553236394502,51.15803360589933,3.2737770135612108,477.7166666743005,36275.12971152371,6,0
17.122496437285093,59.63693595180952,2.9934704504377523,233.13048652758928,43602.68914541772,5,0
35.90531990665538,41.86885992518904,7.4598076180141,80.47889300922327,18179.244021336486,9,1
13.436866170507011,10.145702435433298,4.118243982788115,486.96102844208946,47896.59312190018,17,0
19.585120897475548,17.916114869588363,4.220612138190189,315.3230901734232,5514.7464949618825,16,0
34.64237391842113,51.632563182051136,2.760928490995491,245.09659896550917,4180.630180347999,13,0
30.26045476413556,79.46801060942745,7.866959763472142,99.7643783052778,6772.11926350282,5,1
28.13585590633171,52.706533878805665,3.9862138248795294,142.85357737743328,28518.318990430453,19,0
1.20877847724441,28.874457862390052,3.749139011587156,293.4085705382295,10655.423555347003,5,0
26.894097694862936,50.37347724137816,4.91114308994047,392.76452687465775,7507.926439208618,17,0
27.065744338979666,23.86070260662848,4.732323998202317,477.1403836529694,41647.822879185536,13,0
36.75613252647643,48.60724769039548,3.018040594249414,105.4398247545688,3117.9477091569925,5,0
90.4492399074268,77.61637089259563,4.662180492061581,9273.305877132883,2331086.5523680225,568,1
15.291974620237227,52.00308810342965,2.9510104525252276,369.4436220608601,24215.11345508069,11,0
35.27293398395191,10.928316942388951,2.4839420141598723,346.80590998396644,7590.743773166097,6,0
0.2711891498745489,19.28322096315958,4.096588066889059,296.7392099992701,45734.55653822223,3,0
13.879357286470633,16.214332285754445,4.488323415454898,162.89153135832854,42244.91419453915,18,0
22.62137849236045,17.762019495074334,2.29117829473561,479.25940057510167,6246.933744206483,11,0
6.836583981350728,57.85316244938763,2.56699711404274,434.9614173431207,48411.81034236533,11,0
32.70103458198504,56.127992319582894,4.63113788978735,45.44691758039921,9039.27127957594,4,0
7.919920544583188,17.64076786935344,4.169976285255165,389.73305755003463,36429.57079336235,8,0
25.016081246453126,22.05794975597468,4.673450552777758,187.72269074902553,13038.557795245797,14,0
86.95442298436926,77.92118952110859,3.119670451390025,9106.433476299673,2956556.745902483,765,1
67.36900757718624,62.25876229251725,7.8677459625256745,40.21195943247645,14786.297296027868,2,1
82.81126399032499,64.46167509464091,4.7128649579010675,7823.707363939398,4412617.731571438,919,1
21.542265495911714,52.81181332961279,3.6767816553795436,400.2125345063819,44674.7220440157,2,0
97.86929807029318,86.62955187803328,4.696272957736504,10027.190617988805,4761360.453224678,399,1
37.22565607261202,17.771591687405156,4.015353546717123,181.64594123920486,27242.006767536164,12,0
30.99134630241891,38.38174265353672,4.570746456157662,231.6984396293145,5684.374183228457,1,0
4.752306277809226,18.711814438959784,2.844137020302272,387.4706680395823,46770.86603448489,8,0
7.989927552841207,44.93585610425726,4.195922438667271,364.68130999520014,8047.487092920674,8,0
91.04481709769435,80.7472223386523,3.340776415746621,18904.67931102505,2507665.1220356505,511,1
3.2293142698726207,24.46463560293767,2.620196924506224,455.9212712238811,43140.76681754462,6,0
35.38867433603223,23.887764303683802,3.804817227756187,228.34856379821187,42144.02889769545,15,0
16.218583888055424,58.59723576937124,3.7374874662998137,42.008738605650315,44698.48790068146,5,0
0.46103845681687794,57.841217842811254,4.58526403113421,442.86238660609354,34295.460122886274,18,0
59.65432910112821,71.33506927832454,7.49372489353218,93.58896324028592,17117.86192730358,2,1
35.03906777652364,33.198882119684896,4.687524035146349,394.1524966682356,10284.7443104804,6,0
44.259910644489395,74.28630514749574,7.908279871499637,69.92775192616858,17545.908742410455,5,1
28.424436224149858,37.04264999395108,2.519435296386098,335.070324223851,46637.51360563373,19,0
12.593135346855346,24.150971990144527,2.3030807971859666,240.74912152041912,8840.112529443464,7,0
33.18459791110729,11.420672031418945,4.352796436322391,436.31685479350784,47928.31601325514,8,0
24.54604603105981,11.323444496880455,4.240787603363339,105.64826319655636,41345.707108859926,14,0
7.791075696281546,27.863599122553254,3.7934090733103147,426.3893837697867,25850.12304335449,13,0
80.07428616601965,52.41424790658153,4.648226025191229,16128.885122549442,1427179.7422712913,929,1
10.35684824024254,52.39495409729626,4.267931194933661,120.2176125504949,4228.512127456803,4,0
24.49987227609305,25.12729155810583,2.3958550067959714,162.01103697800028,16981.46857090231,1,0
36.01485111804574,49.099269940866186,3.3841517831033747,370.5113915758429,49941.86150313001,18,0
18.659335607180058,57.57778682942686,3.606673687234301,280.26743017485484,37874.72941651442,19,0
10.996122830562044,27.516490917492312,3.7158721669263612,38.54604089491848,33576.42160387778,6,0
11.218501085935625,15.97272628683232,3.3679204412465373,156.94966614329257,11503.25683305966,7,0
60.398669176477014,38.988880491620286,7.933184107190184,20.598611703872493,13380.045913645716,5,1
11.900132627595044,11.026585884071956,2.9801639703293135,47.62529165714459,27369.505699840123,9,0
50.45452419104354,74.05975144748939,7.395695548806652,58.93849066401791,15785.830862123776,4,1
11.391322792047678,46.80217035912003,3.20372360916677,315.3474941828828,32913.262109932606,10,0
53.9795309609089,33.92285934212679,7.368963407399499,90.86408019381727,5785.224337201852,3,1
97.20558209703678,96.73820977319971,3.2692436252518906,29.144157844828694,446.19516452289145,1,1
91.4248118783712,87.00545874144844,3.071282986289808,49.25562693269423,363.4443545735393,4,1
37.42640832665612,23.958201799603728,3.7492649638407936,430.49303323898147,6088.990939350498,16,0
98.89847475270597,97.7903387620593,3.8400740500695436,26.753394463166064,540.0938146195023,1,1
25.94264821419248,25.548216516248594,3.0972578859248943,477.85535413556005,45500.376909322076,4,0
32.35685501812702,17.334964494312224,4.949426155952258,126.52659401815251,27426.045876748736,5,0
21.861656448777786,14.781591789948632,4.114452687263491,391.2813840221696,4474.346196127978,15,0
98.33597391662894,84.75978865845863,4.457653867945883,10461.18685111868,4274550.434937283,903,1
32.433152198193504,44.63137759821075,4.7519236034257055,187.2563005766917,27924.9859865012,7,0
31.46760813306826,42.18302125168978,3.802819941753177,408.5743736851913,2280.25438613487,6,0
32.71670015887015,11.517775224504541,3.30435007623096,146.26725711501177,6607.845619920403,5,0
12.430353026245967,52.43260429905668,4.381805871817614,440.7228135855548,27621.43542983375,8,0
34.30870435304952,57.42589115902931,3.4082567286004286,419.8760224926215,21226.186347268096,13,0
85.42583165818121,75.03706512107738,4.41271455325742,13622.261882019664,2243454.968643115,483,1
27.682838831204286,43.05072472570176,4.164897264882528,403.1611539274638,27977.697479762042,16,0
24.37620713805195,42.639610477661755,2.651097036800297,183.5027535459162,26508.386873435426,3,0
97.90430885659086,70.24232070447567,4.204792411401867,12658.804016511003,4057099.741955547,837,1
95.22629188297667,80.28229031454171,2.7590476105355766,46.09547981968087,768.1435374616121,2,1
3.299102432065828,35.58511821545933,2.7223263911992843,315.42828839888944,30682.28888863292,16,0
97.99150891665951,74.16751117870254,4.243442935942008,16388.092175151607,2839836.888782817,277,1
84.02694238786863,74.50951592201203,4.343927540727824,14473.35515551264,4819015.709428964,986,1
32.72319255366828,38.16058542933538,2.626088672782407,260.7478991567159,28668.096649916304,4,0
35.66382502509142,17.266316357337022,3.7208186650827475,234.27089150117078,24065.670304611085,16,0
16.401714706311793,32.25577709489984,4.9841893070667105,229.29567830791828,3137.6140473288874,11,0
94.30708164360112,56.62552213391722,4.19044254704027,17531.119812885747,1799983.8970891614,822,1
8.828975918988352,11.109403657117564,4.211258240347318,91.38931299467005,42760.692741405335,7,0
30.759977935727242,45.94937971806517,4.345057757697504,442.8449191443624,33617.488249197326,6,0
1.916394295059023,22.310261377070262,3.0379850105275206,94.62099065578134,44911.12693537382,7,0
28.071745527222575,39.701232470797244,2.3259640244399886,326.51463040854935,13361.208217347032,13,0
35.634404448170926,16.731335404712226,2.1662900245655665,99.84969270904752,28971.98299526305,12,0
37.52522664078955,41.24350281996769,2.0914352652907646,287.0106157526266,21859.47512687592,10,0
31.433108586664552,55.54958260706917,2.148756295706003,197.68170583131368,24535.526499670657,5,0
99.34725968993209,89.75814381214312,2.9711927360292556,49.29751680300806,781.0586678731653,4,1
30.77576818123414,29.884064766829816,2.534662731203708,417.79146194899795,9364.442015866653,18,0
22.28937456214814,58.593436066317366,4.81096699341896,252.71371286196057,4556.162413756568,4,0
21.139061314062314,13.331053110780129,2.600753809205461,359.1622717346479,16458.698777069272,10,0
10.070908028535479,50.06576207392433,4.734335768311029,349.214531076117,14469.47343422191,14,0
96.29192962172446,89.49992778389289,2.7725016202168895,3.4387531860121054,749.94767753963,4,1
1.0447271211692843,23.526976471013853,4.147962737944992,268.2528616868392,45000.019173284585,5,0
16.373148030684966,58.796122173240484,4.823812462403337,270.50512728396944,19961.936429868987,16,0
0.2945650377400977,23.967502320464774,3.655183184278801,224.51535461571976,10373.80009947857,16,0
93.58094900657791,98.0384608931426,3.7259663136857704,16.906504269738804,508.98108591769085,1,1
29.978777423099597,30.28699845557745,4.291691402250157,333.6629183625565,12014.1914024912,17,0
38.29293559216205,28.54326168279035,2.0557747151196066,360.4849076659007,11606.291484450392,1,0
6.777981390266414,41.22046489745756,3.85813951386044,295.30234322826254,33483.68949036088,9,0
34.440612006213044,70.4362416660497,7.1391515301309205,36.583896363455736,11088.14736679852,7,1
41.52350452566202,51.0743892875618,7.700231309600209,93.53813852673898,17768.517678426688,3,1
24.430389471276214,10.847168976703738,2.178821350834734,190.46456687074863,11183.29875615374,17,0
26.641937887623307,56.90874560141439,2.846785437108325,416.85692095795787,28646.002976456733,16,0
31.681869857115082,18.151957456839714,4.322676019230638,497.3047818225516,49852.05136338381,14,0
95.0225476201449,83.27342918077339,4.714027556177127,19203.482048889193,4523572.992148194,772,1
16.863527897873173,37.12843330784472,2.4776482276386576,22.597093722558434,41462.407383294485,5,0
14.847065269617087,27.69742280319342,3.1717522182891216,142.05352068570025,45590.47362790387,17,0
80.25602526996633,84.8357158210024,3.9335984958580306,8434.127509583574,2743623.620731634,487,1
6.894304186012596,16.792231169684953,2.6720879393882666,420.76393557399297,9477.225153143949,9,0
15.981372653679493,30.605517805244116,2.927511515730081,174.80204553907333,27542.53459630111,8,0
96.95066801169666,97.69462751259411,2.516480387535508,22.29330004696771,863.2835415623315,2,1
29.135560678055676,39.51982901905852,2.861374538314135,482.305396712216,15145.799450011933,11,0
91.90892149247081,80.63418200750476,2.340353572020214,4.4614532562263225,735.384035927264,2,1
28.314003230817843,20.645053572352364,2.0536672796301416,214.05256566357053,19336.643305715057,17,0
34.91169788692374,53.028848969213854,2.746689387047689,110.82565625720468,10450.788246859935,5,0
18.208541847002767,43.35706312676885,3.748776609067333,342.1373520615003,40363.91877167181,12,0
11.853049948847666,15.283783829413712,4.575981114667529,101.02230467117062,31870.42376696185,16,0
2.2484992185630315,10.326522882722863,2.7372734289684226,449.58882393438256,46545.767885625144,18,0
15.479088571802455,30.74035645297694,2.4238411365793007,228.38594528859397,20570.829701219882,5,0
2.8144057440345627,35.6340660653165,4.367871728187765,497.7300282519814,19552.84109683424,18,0
0.7188284591739302,14.855962812167409,4.577036802365798,13.39517205837502,32212.718023327674,13,0
24.778170621231908,41.82660364417207,4.85518066358123,74.5534137270235,15571.259484486878,14,0
34.67223661443701,32.5665226256495,3.2236949708748837,308.6381237068997,47554.16212871705,15,0
28.0789294184286,20.926327023056857,3.4356462384385718,262.2436441833797,36654.54586366606,16,0
39.522204843625616,27.45691031871037,2.2447991656079407,467.57354199119334,42322.14949756169,15,0
82.39412101737382,50.1168101925935,4.758373182189619,11223.177039898997,1354511.8126302399,333,1
32.71147739895822,12.113192151835968,2.8520375660018633,433.7196337725183,34948.693543790236,18,0
90.18333174466441,65.34244872523159,3.154252191412006,11199.27456107896,3510387.6322403727,213,1
5.665449207298203,56.79511577437429,4.849202410425592,106.6877497619571,4256.7229319197795,15,0
84.39292535726901,50.78377699898223,4.5282505273813465,17564.18473431268,1653617.2833832756,528,1
25.943158246679197,24.150055095197857,4.7073518874310984,200.89455668065696,42171.22254525668,12,0
38.79353446479424,57.764705380567804,2.845442990900302,43.03769980485022,3962.771990858834,5,0
29.969779669497004,43.39874497732478,3.5694238275850783,159.50125285731772,39242.54651443688,16,0
96.62395520787655,71.11011744155905,3.5746617170067685,16313.633940159098,2063497.640017737,260,1
19.01784064265155,51.58691486378725,4.0504158621545265,284.6416453351554,4801.710931919715,11,0
19.82952183849339,34.36503495909878,3.3534382817115826,16.135403140429613,33168.92951319423,18,0
35.03932458611356,72.45648855138694,7.847361914231502,92.81904671480554,10260.542069406247,8,1
13.336440582658353,53.202700772978154,3.341981483536154,467.38347929205923,45172.8377591663,3,0
23.479685946580137,39.287565760158444,4.384584685515749,325.77765246110135,41947.42358076071,11,0
2.264488107793734,53.513528342931586,4.311174024440756,413.8964979457129,20223.19451499701,11,0
98.72342648893135,95.7646835944925,2.372910825238604,41.747629155765345,986.4019518907811,4,1
13.55694115456112,45.736779535792,4.489499121112571,204.05225686631877,9745.269883435583,6,0
4.666369385193385,24.271738628557163,4.062913226139471,121.70545416095322,18686.277405326553,17,0
5.271482071969236,34.108501810032635,2.1239221265266965,426.3628165237519,34217.205684376466,17,0
18.509820425898013,51.624676314548864,3.0706869457551265,234.92548365541944,27138.774824036525,4,0
97.81456586928715,98.36029793000411,3.8743017263506,44.36060485940288,144.5040188132689,4,1
6.802840091403195,56.04100734047609,3.0309345715225944,27.516746128812382,43215.541882918296,14,0
10.370934951639864,34.34524938047045,3.4240737316063234,200.90579544721476,32495.09007217501,10,0
36.17676791595549,13.852548999235989,3.740392494571487,165.80438103803354,20210.5435102112,16,0
15.91878651703254,21.167332789573702,4.077124965305661,14.756851871699139,26278.912225937584,11,0
35.579684021235565,57.390546857561404,2.6235731662061528,425.15069426641406,3894.130699767353,16,0
50.43620423214813,47.85845083143919,7.681327366219601,29.871146675880084,9257.975092600085,1,1
96.08837628714785,80.4439426183579,3.9868075692594216,43.026918367257274,656.8792727463083,1,1
33.64443667380053,39.59892095300369,7.959754455856087,81.4641231389748,8028.862294265897,5,1
52.64750122112966,46.15273195744749,7.361814555926751,36.63152655566846,13661.60945427591,7,1
63.127650782984645,51.376025741901515,7.031749367591487,97.15580762474728,5960.440223774666,3,1
93.82702779092963,63.309568713814514,4.12284161182451,16639.165017785206,3219117.7123119035,824,1
63.19973451293683,76.47243945201814,7.177020325141504,33.81080118295483,17599.24362728406,5,1
90.61273759726397,95.34571306398502,2.0762592146827057,43.59753209349217,907.3475755508413,3,1
21.807189040269407,12.124405515669809,3.2919094990014335,128.88757115094813,17907.490519413408,10,0
92.34316990011791,60.45380938716051,4.324924134647311,16864.742575521268,1237380.7843773034,260,1
28.159919901946708,57.33376766525527,4.759745773272277,228.59903608272532,41577.216916404665,11,0
14.328303598803046,41.60236098810607,4.376113764786073,287.200182379121,29236.14954302396,7,0
8.710157347647653,15.873194599471931,2.0279007551699983,230.43124422693887,1385.2511991046279,9,0
27.251781778766848,31.974971676373006,4.5263443973878505,101.63773854618057,29237.380689086072,18,0
8.038411620644146,53.42088101121639,4.701121274784006,253.89012710303498,6451.52794580694,13,0
97.97008330677653,89.03920674914414,4.832378485198424,10280.830751487227,3272188.9465227937,648,1
18.707169327047758,15.052475301387016,2.922698048019144,467.99932757658644,3923.1966007556507,14,0
34.20915525040367,25.505367218699806,3.2552350799885525,211.10235796166262,34544.78188758932,12,0
10.200817384611266,40.0613142683583,4.918146614868746,145.0969950233266,34392.276685540164,4,0
2.435795325594201,15.648269369243142,4.9103428164508625,374.7116678988214,19739.1149125272,2,0
97.45191704247517,84.25504441661616,2.6239717068739568,20.16271916501523,306.4365361506076,2,1
36.36376320046785,52.954640631915346,3.2763508969431108,94.51935099937953,27607.602188616183,9,0
9.117851020049862,10.534702720163843,4.068246784837667,259.2506023218944,37584.26087730602,10,0
96.54049785755569,99.0822296332315,3.9959827964569037,14.757464401902148,282.51692049654196,1,1
9.048468559797321,32.585385540009206,3.399842819020993,193.5578503969453,23344.38416396784,9,0
94.22851425531664,93.53789685371596,3.96295659888579,4.62123881324038,363.0217837146474,2,1
87.46450619009343,75.17631445401969,3.9277913828225492,5717.554763367116,3035781.254878115,715,1
21.399864698563835,27.571315360947164,2.104269649789222,46.43065774181515,14352.650604345692,4,0
96.86095850438836,99.25121079144732,3.4014894149074806,41.58498920084042,713.7623325144853,2,1
14.593314731650935,42.94411004549539,4.9537413390799685,269.958828136926,31493.33726649054,3,0
37.59578047051538,17.33897741475301,4.295039760207894,461.084965283269,20771.36219841799,4,0
25.89795810628354,30.6741232126126,2.5079307243556883,411.3916531871017,18481.15510646202,15,0
34.09174714362493,51.2559030982325,3.759476214257524,223.13711610450633,10383.351383325637,9,0
50.87557684843714,40.449979035106594,7.4978175650463665,43.15134624165479,7400.742917857568,3,1
5.306792361104531,59.57843327188565,3.1355842382682972,415.58868237239886,21927.672660283413,15,0
61.652271287792225,58.96466759412111,7.704650097593898,95.60612201391008,14458.763177914008,1,1
26.38466703897646,59.418565283974196,4.420827720605187,483.23152824830976,46102.489461504374,14,0
4.920398631053193,31.16480259586054,4.06687813305558,93.23197734838766,33710.24155591198,4,0
93.72266297189339,83.27654519554272,2.562755968674715,37.71597364181778,582.3081967108825,1,1
39.883690224576874,15.55216911829655,3.8796587799505984,351.429249528191,5379.378646398786,5,0
15.360740889287946,58.50392844312509,4.425469351238114,93.23645805009456,27474.69757119339,5,0
93.18409402619902,97.15453143224883,3.355566559200086,19.29461117449392,265.68967878591985,4,1
17.3206922790739,38.3315355122026,3.6964424139175023,335.03718265299096,37608.91210457652,10,0
3.3782512384775565,47.878001657164404,2.728922988011775,32.54083589926708,43233.07377947222,7,0
29.317957327626445,44.3921374822356,3.3692723780441614,424.67192173564354,24050.8635849283,13,0
93.27266423649206,72.88253372495464,3.4748364183255225,12349.625482669364,4309707.767610167,502,1
6.248069567455046,52.31705107192502,4.4131986401335865,64.9631761665431,22509.938468408745,16,0
30.01202545091621,29.879707832586686,4.213554314539004,306.8405768555122,42664.150676461955,19,0
23.631285578095806,15.091436228015134,3.0367154487954995,117.10165865255023,39947.15574250335,18,0
26.426800585434542,45.40666425632718,3.7979297564733026,294.1168215430986,9730.395234573862,19,0
18.242425520281245,10.745121739336247,2.0424487705211734,79.88919879978505,16586.912816649412,9,0
36.62428552609216,52.890176397566336,3.14924702383035,304.0099576850488,2261.631235507727,6,0
22.806731303350134,19.094460300581265,4.328707773840556,10.611009220330242,38884.936582554226,11,0
11.620771208476018,22.217666708488437,3.6222432870316705,413.72882131282563,11893.386478054545,4,0
39.83103198597838,31.97551231369382,2.6954440532654034,293.87618848073174,15391.502839758175,17,0
15.080768973983968,27.981334365254813,4.657061270035383,326.03987373200835,14649.640686262523,4,0
30.489159771691085,15.2449469554108,3.4936006428230613,432.6629844082823,9866.796600971868,4,0
98.2956035562188,80.6428108771114,3.3212170817433364,10128.304327792188,3036959.2425910556,989,1
83.53446737899844,54.55771376560345,4.798813955956412,14653.089258732196,4034815.7657485246,429,1
37.946173769407366,31.35683297138077,2.524549248694182,21.038032123424834,5729.133353595879,3,0
7.5640010359334475,43.69016396842699,2.298546659340349,398.1429870014176,12795.681947877301,15,0
5.8095189009964665,28.909207706022695,4.189514240991333,139.05377063460958,10855.659574445228,4,0
18.03452027257032,55.57377444787855,4.7077689125790405,108.9457971972145,4016.965421080341,18,0
26.115444248091855,33.074665511949874,3.7275318245669977,416.6666166183068,48396.07774135669,17,0
32.12359649125679,18.187363821291093,3.8423542985614714,220.98404694122206,2148.899952819135,19,0
32.84620636192323,56.384640139584555,3.519709232802159,341.46913965552704,35588.861293328286,15,0
39.16251469962348,34.35520717770959,3.427844090223795,94.56954033383926,14155.144817088169,18,0
34.45815160755978,48.54693231779785,2.4295910295352967,256.2334579951626,46817.32207127629,10,0
19.676864715461257,52.260089740344576,4.902773985181527,467.6423773811653,43741.077758299296,19,0
90.11381285381864,80.48898698763317,2.262610640313616,11.095860021426379,991.8668195634996,3,1
22.679383811491025,15.241042464921836,4.931996254847489,228.38650430993698,13326.525500766773,9,0
96.4580855720939,72.02227475354903,3.0516624227557854,18769.190406055153,1758289.4702177355,633,1
28.184893239092425,13.030998451028644,3.6710480873408,278.8496521942192,32620.693300834744,14,0
10.694378533697147,50.59600805605047,3.9441607508326078,282.7033236042209,12834.232626861609,3,0
15.638948930998296,19.669327323674576,3.646668380202475,139.25945997801372,48706.14606349375,11,0
99.9418198985818,87.89406238333825,2.627197763990946,10.261138790430952,783.4974307607866,4,1
99.19140133806341,83.72492917265012,3.226319469929166,38.980069728461494,735.7045443018858,1,1
16.865193823771094,57.058850961816404,4.858619443011651,219.8124969670255,26177.634160310186,5,0
26.849826743810226,20.707479003036674,3.4932332405212576,301.3281193112273,24355.809769727428,18,0
4.402075872121571,41.70574946572307,3.1987475216050525,346.8543828436535,39916.77713262388,12,0
22.320594837842506,33.349806614053406,3.386895451483656,332.19524102008995,6406.0531240177415,17,0
0.7239506913913507,58.34679023586275,4.360495853683758,423.4513009999513,17375.890434035602,8,0
23.377150577802844,22.04948192277481,4.557688220543836,292.34364576301135,34323.019323053224,4,0
93.57695497489777,80.2882821135829,4.40567648625583,6638.849509054391,2442459.25463044,521,1
4.967020936350588,48.63327916239442,4.002364814976922,217.12964983812265,45724.971813058844,5,0
62.91787291348959,67.3524766728554,7.064218221636354,95.5905767503747,10619.60588806755,5,1
33.08893338924874,35.86470268501521,2.845840809271969,89.49059319553132,31607.909938965324,4,0
4.9673098432876595,48.054583277446916,4.777895950826466,237.2760229318726,33525.370424175635,2,0
18.48088294875695,54.01782518189394,3.8631074376805787,178.16824884751165,33494.352141042094,7,0
23.611084548460454,45.22658020707874,4.546971676708722,228.09033600013692,3222.4088756043293,9,0
29.296315178848435,11.843664579367577,4.705576168163379,31.218793715459867,6775.399682122259,3,0
8.284245663579682,37.756344709461814,2.7115822318000684,95.6061887974169,13303.395171385684,12,0
7.878371849036214,21.553703808573502,4.651500922167438,390.74642062117,5978.025303472847,17,0
94.14523393911558,98.2202106376492,2.0302070780535955,43.73389849511921,449.31850339816157,4,1
37.446966152234516,28.30384077401439,3.36845266722966,337.74299876342354,1063.6273115475951,10,0
12.043614979471599,26.39993270644513,4.513384763388855,434.65597796376534,14309.718985884097,13,0
31.021377787714847,58.28162725863469,4.72435359570405,243.22946783460284,48552.54638663998,7,0
38.825341660999044,12.342510666396253,3.4166743658843224,274.58083284962277,38924.75442629144,18,0
14.220621859618184,12.435727875502923,2.2944929682117374,277.0636394725452,30010.201929111583,19,0
13.010937368763269,46.92945170906258,2.7942488759444926,318.6052989158933,9309.158010753401,13,0
33.75363086232007,54.081100005672155,3.6700042893045826,322.393088780102,12227.423989823506,7,0
8.646508645070593,50.19651478992933,4.030299641298605,223.54228127477293,25718.488863066224,4,0
11.052498057258608,42.22826389737294,2.188496723143401,160.62790849323898,37989.75032693316,17,0
25.608925426466605,31.119572320648416,3.052124609319707,76.21603631531359,4943.085151721507,15,0
32.38981856841129,29.192841042048197,3.0491159485376595,243.43128851795663,23592.950608656032,3,0
36.99128375754171,28.594073075397365,4.984701905977307,156.1107552945491,31705.907932607875,12,0
39.177656334230036,50.293190042712794,3.6410251269981218,133.29465743504807,34317.50622428938,1,0
32.48219418420253,63.801988989306686,7.177436271517236,35.75953889139925,17449.12464963267,5,1
24.171300758045376,50.20444328705175,3.2791142440692083,85.58757668612124,10178.561854232015,8,0
37.94775967850593,20.316786224582685,2.0371521131987747,490.96244497765946,7732.163888862051,3,0
10.084076265990518,25.858653275151923,2.6246354607233915,129.43351684143272,2168.84826843121,1,0
19.30430845688676,21.306360570387447,3.745815845285524,384.9093080363164,28669.430222671184,4,0
32.21639449888161,29.285485769494127,3.4069639104370912,388.93600492374776,32317.255765989456,6,0
15.84612339561485,51.12661971011686,3.645653524056982,423.78338289864945,39362.972994946394,1,0
30.971539118629572,11.268284281001847,3.2184570552817826,172.1615822554974,33410.06353357737,18,0
7.61941879112805,51.70155954648458,4.299380303399626,274.81469951665423,20296.894051752508,5,0
5.479312889096124,16.442910035280757,2.318816037464858,187.44717480117103,33381.64951673507,3,0
84.99202760779997,61.200440665062985,3.069493364525756,14010.868148811463,2542301.622733257,159,1
11.492393355260987,29.03973327106411,4.338789915933242,95.72656585937679,39409.32787366833,17,0
6.738818384145047,49.92970247492281,2.6849210780803445,366.87330847661565,35120.25825174534,17,0
21.456447243849897,25.72371045859326,4.852138514746943,301.31410690889805,14865.010806116385,16,0
28.81228537954774,46.81547819426032,4.27657863658604,23.60316377196281,1806.7836009187322,6,0
19.523967230540933,52.19795978444392,2.436598013214194,339.931259530175,19515.7982428883,12,0
30.34093535061054,13.332827432230957,4.812454368211551,470.81648520912916,23166.2833871167,18,0
84.1910444115729,57.76222653232185,3.1638867331535963,15067.688326354377,1914983.4184278077,982,1
5.832027547112717,21.486985390794672,3.598535632559799,44.576481466818166,45843.34653996806,10,0
5.256679607556269,54.8724401862505,2.215858304076452,370.2509580662687,39745.11968084665,8,0
97.62653779647982,85.88774158526587,2.7220295552429814,32.32026892689386,876.8365484239415,3,1
37.71149741057289,11.639825038239278,3.703987120186853,175.5259615845505,29618.720394665816,10,0
3.109249962552618,48.23782105863291,4.585398257495065,46.68155646631835,42347.4496516471,1,0
28.016586939128707,16.321282745375008,4.943425527512208,294.16515652803616,48379.775113520416,7,0
5.879632042836875,34.88878911362595,2.477867749295847,339.86141460366366,47209.50893522989,10,0
93.62632557516136,92.12950884302504,3.899555638962719,43.544615834429614,284.2385562237916,2,1
35.87262256000085,68.31001919084693,7.7950408027508065,68.21542874809067,14346.241773930704,4,1
96.63017800906046,94.18656899082652,2.3519057508723957,23.71283385217454,721.4519122018299,3,1
89.30433013922287,53.054193600516705,4.62983726321968,8927.592787552072,3022062.2303574337,496,1
33.921022504265906,42.125905057949694,4.925596120329873,40.82960113626051,47234.108376874545,2,0
2.376516993820248,21.163629545881918,4.305585066818126,392.4027552849573,6356.685212374386,12,0
21.71542158399331,47.92001949029928,4.47905302192013,400.22558685092315,23429.00060248159,1,0
92.45300376682569,87.16248179946336,3.4856349339396937,16607.23252122437,3973900.2381555974,425,1
20.579412106434447,10.3158032428423,2.9232423709961743,135.77862731831246,29111.30430916851,10,0
26.906390875240707,16.513924133329663,2.485408987046756,63.12787397845293,42429.27729510799,18,0
61.23365864723749,43.48781888564372,7.6048118683339085,50.54530397466727,14577.642284659094,4,1
63.60444184359068,52.830060297364575,7.701589634138813,31.67966762938884,13862.602621444088,4,1
21.155373726603806,37.26765410030764,2.0963648339256458,113.656254677142,36945.291210874464,6,0
80.24545928679213,64.79820336673582,4.8247566904526735,14706.629232276144,2505024.163568268,241,1
5.643131567740753,51.03159717353337,3.8698630025066674,268.1422735754795,46437.3111795293,12,0
92.81978618665018,91.82412134918665,3.0303004010706047,11.962271143498693,867.3398815224604,3,1
86.60725457512281,69.17656810641809,4.397441014521528,18893.078314985134,4612129.312984897,120,1
94.71011880540294,99.8224685361454,2.8048761746184585,46.80770283194565,705.7267336912678,4,1
20.10959009563473,38.33480861753527,4.2166162758714405,110.62376946194352,49801.788991440735,15,0
27.402163529815624,36.20443344126723,2.9136996202841003,308.46263362784293,47918.68082593662,3,0
92.09896426795528,72.56925137508871,4.226555762823756,17582.90164694433,1516279.9848758331,483,1
22.36730652519919,55.78599353302127,4.597022662820917,152.35623938641965,35369.00499617344,6,0
9.734614682545315,40.89531349278053,3.2709198017216066,266.17159924613037,45136.33724885557,16,0
39.29493193573399,25.49063580937966,4.146623594152842,371.24308901486614,46767.75287923652,13,0
94.35033525636439,68.31189085314215,4.916717897691591,7408.500617537029,4275871.1497794,809,1
97.59177132527495,57.88254837581551,4.825037001289118,15688.409825603861,2125662.869703491,848,1
37.22707620927787,25.394568981059308,2.8485021460053463,116.16216620707263,43658.533841611665,8,0
86.66095849047737,60.858039484156414,3.6953195830683874,17076.900817205427,1394498.8958386984,652,1
28.037645915027326,21.941899643503753,2.507562745779824,444.8481933168108,26245.53943085252,19,0
82.38712898753806,70.40163670686073,3.346729104879787,12748.947257886452,1100990.8951185823,765,1
14.955460441316685,46.37054222928887,2.524694399379048,279.6722978604269,18261.86559438757,14,0
29.658073942198058,23.1831248399871,4.345197589435859,398.13233200459035,39015.710454669934,4,0
92.5514641591066,99.29555588607892,3.4271730245684946,43.565308326099824,769.7449521306193,3,1
34.575448255664945,49.567903374708244,4.476253625725793,213.62151704126663,26075.599727693378,15,0
65.82006733480691,35.00081242666131,7.7939731333297955,94.03775858615427,5444.023005214442,4,1
36.576040436492,56.84918786829906,3.3889520178866506,469.65352927067846,30078.014473140272,10,0
24.69198676505359,23.329353944250556,3.5033284172509345,480.80846202810966,47400.47945040126,15,0
36.49439070084094,21.478949427737295,3.376291643447118,71.45163708833826,4707.544714740643,15,0
0.2529253048847524,20.461028157729864,2.0016506359563295,192.84022330350652,30546.189658921012,1,0
20.051284589259136,25.890997218953252,3.356713069788306,471.65909341100615,49684.749895050656,19,0
0.8892002150144984,15.004169064144104,2.3513411460246356,119.99872690818523,23949.322292191882,8,0
8.952483761836078,30.655221559082527,3.0643350833612435,467.32355648129203,26132.04560599997,16,0
12.657735832517268,47.43160041162106,2.256471212482369,366.54436760876996,1476.9013306431468,15,0
9.882233794252922,20.489484378799553,2.7124128197440855,290.78284043819826,45396.072604394954,16,0
33.38360927426122,65.90003617969273,7.812761920877901,86.91351360372205,13749.698874429298,2,1
32.76470226164216,58.62403943924116,4.8931633528143745,220.12874029064147,40474.26893125037,18,0
21.433855901763632,39.838931263303614,3.2952028323054177,454.8017467813513,5070.527157684263,3,0
5.341342895818135,45.509634169835905,2.3990393176472384,396.5300373762071,44971.653674512934,6,0
34.33911445573107,21.373567661439445,3.623182328070703,212.20596537442708,21978.424510569046,17,0
38.33204755182626,42.33058137743823,7.197289058678586,79.5954279912464,16477.524419652415,4,1
93.28970052761706,60.740959544487296,3.9249294410779614,8002.310139310361,1348955.109530931,651,1
16.222350118478232,57.35250372550018,2.004761265041948,224.07848968524982,22506.975862429194,14,0
36.62684306403676,14.79906526615374,4.917709462263529,49.91716921199586,5424.96591790687,11,0
4.879724199541067,22.936003901454328,2.5778413535176785,63.428008650421496,6360.639415296747,12,0
97.73042351906112,82.7718475476055,2.639505558046265,1.7575186978713964,749.8218526147305,4,1
52.74043803755524,56.803239511552405,7.809044730457266,96.95431529683242,17443.789422061127,9,1
64.12303438413515,67.39852638393693,7.3072193875992,29.49395307675789,16125.223639936814,3,1
5.228210581830397,19.791342578781595,2.6307616572642405,498.5391574624416,14613.079256372175,5,0
36.20284652406294,54.28856689471783,2.3824929852008387,41.61024817047732,24726.803649535363,4,0
16.926316576791955,54.17743187391743,4.1197106913533315,288.9686551147499,8714.780054745266,14,0
22.19125358626352,15.25485128465153,3.5516060835005767,300.75898842000527,38877.90915566779,4,0
23.247679915461894,18.105875462039734,4.337155779279587,462.03995629860435,1679.4995737221411,8,0
99.3203964280302,94.135296099518,2.123893429353241,38.91296137809609,515.4683136991858,4,1
21.488034410150835,29.261281450730312,3.9299046420877026,461.61654895414597,12606.520200479852,13,0
30.154086903820975,13.548846233601576,2.1218352894355954,111.24495952699816,16640.526786580653,18,0
32.95335300002466,38.40078831469198,3.027453997520813,317.15674688149346,25128.824887009887,5,0
33.65066481704734,41.02124819725037,4.322051200158857,181.96963608266324,29480.486767661205,3,0
20.921108501815393,32.54448449047432,2.983375935376931,344.2247223956015,25626.374616701996,14,0
9.183834515083745,57.643175984617855,2.8260761676295707,141.25421552080752,41989.226304029035,4,0
28.27267099125085,31.49171637038341,4.291928361776147,181.1379076947712,43865.58571000495,19,0
23.10231585156742,43.38783106343738,3.7811173288968347,136.26247350709644,14345.950261495333,7,0
33.84655675387353,13.230017739266172,2.758997908450014,96.15626529215365,31218.145977153108,1,0
98.47522872725219,75.31736476179942,3.5333881547253894,5555.068387592186,2545599.2035903833,681,1
99.60542105956029,59.78775481214511,4.543906481665645,12272.220702589573,1024563.8750581336,784,1
6.283124011388956,22.51543864019853,3.1641803150055385,381.6445719290204,31688.416372858144,13,0
34.714141807139434,16.642125596803506,3.4066438645148183,195.18227189810455,7534.969589859366,10,0
7.0913115080925815,14.432380468427422,4.6619781832945915,29.933278844175184,47058.533118485495,19,0
24.392767109677905,17.8107748078174,4.248033347378758,363.9006824836383,41868.87609004733,10,0
29.545677092229813,24.504725965418785,2.825856416953708,184.55710381464007,42074.22616181741,14,0
89.62405314090073,82.30838216869813,3.5471642524910996,8461.542533280577,4398983.921492058,995,1
0.7569437164912296,27.243613871160623,2.5718383379714655,311.3422049303365,19129.5993105576,10,0
14.6020233982853,29.173083593886876,3.354280543994551,143.8269745843127,24033.1299018475,10,0
25.669113797040303,10.54367526998645,2.4377176812940715,158.59694672387877,32567.606558737727,6,0
35.072014262942005,51.9302623874232,7.277579569553538,47.607646492209625,12425.949708180722,3,1
35.75419784568253,68.53159115481148,7.003825048817507,36.45484388716616,17469.09556759146,2,1
35.44062592814293,58.45390378169068,3.0823993944124943,160.257823497095,6146.589511600996,18,0
18.51405988002616,51.71363823803379,4.7729637470337005,282.72762883730155,47608.36910161041,10,0
99.92071970925339,96.22622782680932,3.2630670231626953,21.942445324479777,718.1337563629081,2,1
16.24372035598457,23.5562185209495,3.408911435332026,484.6538206148274,42422.28087107372,2,0
96.9614102159728,53.852967647685254,4.126313795341507,12421.434286517278,4423269.353376025,294,1
18.691377162663795,26.88094876317841,3.0154604553512807,165.77099722005084,14069.277062624898,14,0
36.12714931523182,38.79819545837094,3.334088482016735,229.3942605396843,25432.77571120775,5,0
13.053936882316957,30.021159249808377,4.606864161963845,417.1339123570799,37193.27512305722,14,0
38.434467552690144,42.09995263528125,4.63018433624681,30.311388598506475,32538.68362966432,16,0
34.32598780233932,40.87902579368608,3.5723874050189117,131.32698661847547,48851.43708734256,6,0
98.27392234313146,56.134898361071286,4.1280900462107475,14662.948898384333,1619009.270230646,640,1
11.349525560946043,54.38662729685902,4.272571373117345,15.62680279704248,23880.543270279635,17,0
0.14243461650747857,39.63909248555701,2.834873239667142,369.62218332738195,40138.26069361637,1,0
5.19224591388026,23.73414341713184,3.4448718486500858,231.16593890252366,18410.153255907397,8,0
31.157376157176806,52.07327928873174,4.601166618808648,186.32351108060166,48171.54330976481,1,0
31.44022910425187,44.910975276887505,4.998186668219109,301.2594352080473,47879.61077049831,4,0
19.496960259583545,59.37431632944843,4.261840689988855,409.44076905277785,20879.7919238137,19,0
31.78852963316568,38.18027379607634,2.669767963201588,472.7486165233219,18261.38023385948,17,0
11.35775166556801,14.881062990110447,2.9659667756244863,126.65130695350408,7141.851318487236,13,0
31.711357889230385,68.92109095218413,7.636260703346366,35.5641080607207,9267.164125978365,9,1
21.80905702402734,39.07983814989549,2.6179219830597256,40.01563954123358,19018.759320756217,2,0
4.532899627489018,11.639085027644766,4.908921240692518,350.61533534353697,30450.013488262935,7,0
24.50011686592676,20.51046967922567,4.865109078099934,201.78528665086657,42829.343559180714,16,0
6.592868452313496,12.458010181853432,3.6181853985153523,339.6096588816894,15158.498432172522,17,0
7.335203979516063,18.35702325246736,3.9908327558475385,450.1680772609439,26788.180230235073,15,0
95.70862595340398,83.4155183603455,4.044062543087551,6750.403041263275,4352256.537547562,673,1
52.424622865467555,58.60348810905029,7.646256596731966,85.31986867366658,17760.584556955437,4,1
5.0646450884236005,42.80348739890069,3.51995958457262,14.980386877777466,5453.934223109055,10,0
26.543597633943143,53.922196770112556,4.543500017594052,262.2206320704606,35127.05556374857,7,0
19.52314666636946,46.15833137586931,3.269596552679641,191.28215817797107,1611.1185019831555,13,0
95.85321867850722,88.26413482097863,3.882932761000008,37.07198270761566,413.48956391715785,3,1
1.2570397146462753,52.82774940831201,2.42536613642092,345.0051426818615,36355.35198382821,5,0
16.521698395663726,36.421227012643,4.109032258773529,346.20433763509976,33341.31252841957,8,0
15.493405394453998,33.60848066212675,3.734559833918088,393.775074029911,30859.034903720156,3,0
3.12401210963118,37.34192263613957,2.2737149056154093,369.88798216062384,46061.51010574239,2,0
25.42138589158602,21.45712733434987,3.1149663993054792,214.5462704712521,4717.287250052458,2,0
34.12977977366905,13.761022774158356,2.8778040776335185,345.1651597272993,38679.28332723236,18,0
40.07938956046491,59.213030555013006,7.11413532134553,35.69173291934584,15141.556461897417,9,1
28.190856130174964,45.1126687212109,4.529812924327293,78.92470508979208,44459.36961136491,18,0
36.758807718206825,56.10311447728594,2.22479092496336,234.6688693599049,29466.520749618718,11,0
28.37702447009406,25.55987770940969,2.8342650680414367,91.01640710539648,20845.150254408214,1,0
32.4481534232863,61.35900786178739,7.146713072571132,44.25315608108527,18542.221832295432,6,1
91.51597396109783,93.0297231196527,2.1652459859664575,12.821252845799041,80.40614955301083,2,1
18.97938303543083,44.146529939408246,3.9404870057715398,256.7520063660533,28343.682969476216,17,0
60.38671923030854,62.65029712812949,7.846963962782738,73.12308820406462,13925.422771817823,2,1
38.03622556966123,44.565437679907106,3.119945744846915,465.12191599763565,16638.095452903617,18,0
18.53329252479099,19.160395212651316,2.087582039302766,184.01089378190326,19266.140380294048,18,0
36.5081527544201,15.888671379504162,3.3243864327654404,133.7634252660921,49656.84439186199,7,0
16.96508383404757,23.249593225761014,2.6206224906115887,446.61186610254316,14210.48577773604,10,0
16.877301792076146,26.003269791989688,2.9362035098391774,429.04134793979176,44486.06687432174,7,0
5.41639125668846,47.519999912677534,3.0729179751479343,255.52594993963444,5540.635230087933,10,0
88.63742512579375,54.973521159602214,4.840444091654202,15349.198259896722,1874154.5834450969,537,1
28.29953361765435,25.115722787846074,3.5342110290152267,176.15333082597803,17731.741201551737,7,0
5.891280596063613,59.630246899830524,4.9250314758940705,123.9369417806702,37097.95934607815,19,0
63.80240745663513,35.66483998627717,7.981880062467884,35.158067358713105,16587.236066392892,3,1
6.550167469250403,38.53339178127749,4.674694830754646,276.6905074302941,39330.73837949699,14,0
30.782006037631437,22.461970243623384,2.149797055975073,455.8755408311071,10136.823191326926,18,0
33.92220245038571,56.832452376016164,3.005244260930218,456.77604183765067,43870.95645332394,15,0
15.026151689031511,51.823229518525714,4.765167753694843,470.3085023381627,37943.58240264015,9,0
92.61330922100571,97.33776104619139,2.7843771184072215,43.828179000354204,228.32476601793817,3,1
85.75701379473435,86.1418900967129,4.954310395127996,18374.892115297145,2761690.8658557157,889,1
58.96524324766452,73.6693069483822,7.887923567733407,55.618763394322656,11908.703823690492,8,1
36.78678215679335,52.043591388452846,2.5207795385253884,24.76741601168544,17904.859310203152,1,0
31.232539717425443,34.29300491158894,4.596341684329987,434.4852122148234,27470.99520932251,11,0
3.776427599239165,50.006241685113686,3.7985831467329434,10.296534333439602,17877.154190368194,17,0
19.122233466856827,39.40332368389841,2.4723139977025332,268.28964409123705,1061.2491706273347,16,0
2.1420299641314555,15.665644736904625,2.1564086890371836,130.88111752642138,9391.255889978602,4,0
6.114019688595933,50.904500238071215,4.658589361575393,112.12569745575313,44197.050465451575,11,0
39.736011994793515,29.472162738851708,2.65609118065397,331.47056535261436,8469.107206092342,12,0
3.725498890921699,23.590268282590067,2.4442314479329768,299.42285248609,18293.22702331521,4,0
34.13082188193127,34.60797895850659,4.500803806368123,412.8580603070638,20278.035286905946,4,0
15.968385350535081,55.079094322974925,3.0334346234298524,353.5332231674487,33974.124828747925,5,0
39.05497558999178,29.054803900171052,4.357567862734106,119.72340815184636,3123.0598971158915,18,0
3.8370666863087344,50.51858785286108,4.99367639525861,158.05296458465378,41362.819362581366,14,0
94.3599191298028,70.9312754019858,4.914414262921917,6388.5486087750905,2371137.687967156,519,1
22.36041005262463,47.7376970410272,2.1386425803289346,438.57970289621653,41415.229939956895,13,0
94.39687749939144,91.74771358906956,3.925321807504721,26.056653062318674,255.6126812343956,1,1
34.177602074780516,39.035240482393164,7.949904006370686,50.50202377734097,5904.875540958892,3,1
26.20576147867667,54.823248354936,3.718419840225386,397.09439785956255,30475.618806232174,19,0
4.930183670397921,33.06361859629555,2.3917221573242333,83.43336673873561,43183.01892912604,10,0
1.4094393129072902,11.154934152358262,2.4377796241137952,59.74923775756915,18496.180965526666,6,0
21.183021297794827,50.157603087392104,2.2160120916248474,341.2709240750259,38710.945572146426,5,0
39.389710007097925,25.448549490928976,2.7343424240213707,90.05446795468067,40642.531644764145,5,0
5.1506836750405816,28.93678511438837,3.8698139061873102,325.6402653522019,47290.38075686056,15,0
38.50037161402856,10.823854269670331,2.417652085713392,325.23070278627415,38738.51121887919,14,0
36.424798791162615,15.730038748617266,2.78678930727511,291.3523649758862,26766.349761379595,7,0
25.664184322773593,39.346770433153694,4.710528206480314,287.55126401745076,4136.707950102169,11,0
98.90025162520303,84.94184410558572,3.1110343543383037,20.971619720413692,429.4336541456085,4,1
27.587220361763777,52.85432819905185,2.9437478017441174,310.4566485480932,6444.293705007066,1,0
98.30561859505588,89.62463050104999,3.3792813656942755,28.407696533270045,691.1901308874948,1,1
92.66039837167366,88.18875250953789,3.715554241855391,32.44355208667156,689.2283985357861,4,1
82.89946853270573,69.14633455378501,3.8904085638151784,18077.985948256013,3633648.001902311,259,1
84.08776277415677,75.9371372472372,3.87707023324557,6259.696312475415,1267589.1153232048,644,1
21.00753455452885,49.298662516234046,3.723789273366508,174.02832516202582,20214.389983576642,1,0
55.977112340631514,67.08569907902023,7.606093662588114,40.667046283834594,17141.518913322623,8,1
11.90544433761378,30.19578577500296,3.4933498658865805,296.8301943494337,6806.056440576564,11,0
19.62594876302503,18.408555793012354,4.250846874654488,109.49048267257307,18257.295247304428,7,0
62.9020806479631,33.831333467956206,7.103437812211369,36.01993052064706,19015.008306015283,1,1
21.136895246216692,25.872023638421407,3.8558899611032427,89.09370700566282,32200.257533614382,2,0
34.05780378768245,40.693709728136284,2.428356956011728,328.7435622667163,34054.266543488855,9,0
13.773038713213147,14.796923108214418,3.2483486018347585,322.51274396082573,8568.255063401868,17,0
37.25849228997428,23.463449748867,2.280607547001186,202.23170631038377,47712.95430076589,16,0
27.540716264444352,53.09446572344734,3.604860090658242,307.9953694110503,3688.6897873969433,1,0
16.141898839552308,43.526660974714744,2.395401567789009,234.07132528666838,21436.089730196534,6,0
9.751588815913736,26.20004876996483,4.676629649441298,203.0765952415922,45958.745091622724,6,0
22.74768007231454,56.73713241753183,4.848148314220738,300.51724050648926,41156.527992854964,15,0
3.5749142937238387,11.078414526543975,2.259185955757324,349.3449842891671,36721.318513949656,8,0
17.99864169165363,31.374097671002485,3.307934107752295,233.6765795724609,27718.264883109165,11,0
21.398644367773,51.68618733536754,2.1913265952517613,362.1167222179838,45857.545594518386,5,0
95.6973370699444,84.27930398308197,4.248698237360683,18640.052689477736,4023226.658188601,710,1
98.9900493058424,61.04959907618674,4.6327311029103715,12622.561466172967,3420974.155505082,953,1
13.9734067596488,41.68710729921399,4.859652484743529,289.7877978777629,31531.233454041463,17,0
94.0773330108873,60.758644006346145,3.0345312831297706,17028.46189827792,2410652.2900499315,916,1
6.3431575521421335,16.58851882094593,4.588781857324622,401.25615460891765,7870.950158963081,4,0
29.053325608926,10.988944084603133,2.1378938689254188,414.4992490122215,29524.797116856,18,0
10.455538342926683,43.740792881612755,4.927774011280138,246.52542681544432,13792.78927051431,12,0
36.34861507855911,58.85437002235353,3.9990337747808375,324.8270680868218,16950.896910575728,8,0
1.3869568142235922,29.81001879225932,4.628597558566116,468.16484781054135,24815.829132820923,11,0
32.46207326250342,38.01181482477879,7.57588019214316,24.72305054567114,9542.265362756072,8,1
28.025268242780385,33.9280334186715,3.183466962238194,190.1050378626912,37128.22805507412,6,0
19.514595431746237,37.197855075730615,4.3476901021680385,495.4228257533547,49452.61288941236,16,0
29.540067907868675,40.87193669237885,4.7107303335393205,46.44728718722748,31292.532052201124,13,0
91.5546421182905,63.903700212811685,4.434957777619343,10020.749163244087,3865048.0079295207,172,1
2.289751938372757,23.434360858027745,3.4780394696405947,67.78362410858621,48731.39041757214,4,0
88.45293317791028,68.32392352462912,4.215277896213193,17902.537503466465,2142504.269008507,340,1
3.2225608449550958,25.452873920889672,2.9386935045897236,223.1712749604273,29518.121696175927,1,0
92.17650228372887,97.05148483916562,2.98649515376528,2.951387223595703,23.53125775313769,4,1
97.75568362003004,81.22158666937618,2.3798311351701615,42.7057615766255,719.5689781962004,2,1
22.998542908355084,28.9707145555882,3.6543035676299698,87.40445642337053,48221.496599733386,9,0
22.207699933393027,53.608926411196386,3.8562578824524913,184.70986141658858,33603.2515327877,10,0
7.120372610050767,13.48708592974058,4.951603520781015,79.13057759760622,40495.38471405257,18,0
18.79530995577457,20.665980714255813,2.4887481920519274,440.12049977934277,29375.314301668415,11,0
42.85294410052419,47.60305009040333,7.859232340916519,13.954323957197861,15445.28384584349,1,1
35.180477795061776,17.735869676081542,3.1064421977694088,41.057819000244024,22202.605434280023,2,0
32.75938595947294,18.124367421626143,3.629490774966372,489.2949259108272,44627.06150500097,15,0
12.576275683927388,20.449810767979717,2.8546940481950145,443.48584954993254,35934.09100740464,19,0
8.263025650738394,43.41945463753592,4.915069850453422,156.99040231685885,9619.646749515592,9,0
19.1937385153457,26.033951240134687,4.471621804190703,43.578710542947604,46742.09761753234,4,0
98.04302066870275,88.77892241069326,2.967425107873208,29.968832397855667,818.7232900005913,4,1
93.71048087438625,84.58980515375349,3.3692585965342654,23.288188904005235,806.5832945711021,2,1
49.77061492110663,61.50880931391157,7.971820071074233,71.14996112436825,13852.658488997473,8,1
28.509379246359735,30.267972963016916,2.464618511783227,42.83281848296661,25141.873470653652,19,0
59.970903091117265,38.679559508974016,7.83285161111981,52.95299757651255,8174.761052229182,8,1
98.45664337022744,63.08686492795293,3.6260984666118263,19538.543449766228,4761023.677120649,815,1
6.634313114564141,56.533470524902924,4.913991850169548,428.7584140814787,3263.5038287526863,18,0
99.46105488733201,79.69839335181132,4.347248288761192,5488.580824705403,1076921.5482313004,737,1
16.417626248081785,46.02178211713933,4.013128021895838,54.708604701497755,48969.4199959743,3,0
39.148653947135436,50.52026077557442,4.4540540502598835,335.5060217453126,7835.973945497981,9,0
10.292067834976425,48.896156122172776,3.1847611760611443,230.85088112954742,5678.915888414586,1,0
87.23015743230756,67.9264341833767,4.019336938400825,18996.222440173195,4725012.700605422,753,1
34.434453698253655,32.70247951817275,2.160743493921272,86.3729113897958,12366.68610680976,11,0
12.795728068415816,34.845700012933904,2.5611701127986315,193.28899684256996,12163.867997570862,13,0
33.714031847792775,30.23509543279372,3.76340891074297,58.78539243344999,22559.022173497342,2,0
35.74418125173115,19.952317783152473,2.5287360648750816,364.16666449216376,39615.76532142511,15,0
8.668551706655414,20.259260859067776,3.2695146640909587,209.89797821363513,11079.860724477343,19,0
2.3619812171594834,23.576441559284753,2.869959043544995,42.14804425743691,34550.620159084625,19,0
94.52954126926458,95.29859170475055,2.330867606663673,3.0042005250781543,608.1204506060554,3,1
36.76426688324332,14.84500835201374,4.855195974589371,240.3910288261957,15992.093322544652,14,0
96.00045524309903,95.05862142066233,2.6942340304580386,46.40387792184027,983.9159334626418,1,1
30.048432362814943,29.558498372165122,2.9813771144088594,482.18177009340855,6051.038000733809,3,0
31.62708605979088,15.181139822743635,4.240927210194897,163.0763387344662,37563.39543338137,4,0
8.811659024039166,51.154065784341896,2.108170000819693,274.92842003962915,4649.684766051771,18,0
97.84566213850216,93.95700166041291,2.0480461212391337,15.583389990335311,468.341848177492,2,1
16.79714981148009,11.094946792175893,2.5709750356346075,465.88961947279347,47652.53200234455,11,0
33.167279141349894,42.53587900280051,3.2836944871674567,64.39008227031172,44591.83252504997,14,0
37.25880787776634,31.538495869820583,4.570663132861967,305.41405737794696,22681.858252700647,13,0
97.49240041530417,86.05697937661564,2.4628328690925856,28.318651893101993,70.5198077827841,2,1
98.4032239982233,54.967826573847496,4.360341073941902,6487.5678012419085,4102402.6060104817,378,1
10.32182252692107,40.24690398098617,3.2110019905913036,65.05832046536986,45869.43917449078,13,0
37.54118140318778,27.12065171983162,3.9902072378335323,120.68230928416483,40282.81551051151,1,0
10.813651034606657,49.03754840954819,2.668206933358178,180.17866358843906,48757.01541145325,9,0
27.60872379887372,23.94601986552501,2.4562440476230867,189.28853013939622,17444.77820878621,2,0
5.777862064309738,19.67479075115073,3.030270743594822,342.93120666707546,43254.86197398569,4,0
36.61649168873759,73.21447954244891,7.123492496689113,25.459791881044772,9222.517006046764,8,1
10.168050431441106,12.939050837687763,2.2600751267745083,186.3959091297397,3938.727544441915,12,0
91.85423983550115,81.62415772242983,3.148967729480254,10391.40906606619,3412119.408819248,655,1
21.255282439582388,23.40259207791219,4.416902694519381,309.11416386986184,44646.229614328404,5,0
8.984119184586321,51.03826944613318,3.634105681804585,257.27696036650684,38833.431146202114,19,0
98.26987379432276,60.30158668220993,3.657087318366645,5675.558935867533,4785410.611818848,326,1
30.877823687245417,16.60337383455818,4.570294254763743,179.76820193880087,49854.65167358854,13,0
8.908034649905016,57.146467175170024,3.506809907689923,45.086810332872965,37834.329678979295,8,0
9.78417342464017,41.607721698895496,4.258012649089987,141.7170637797387,15330.75382236143,12,0
99.04552918652834,61.637107320622015,3.855948188051009,18331.168920638702,2687447.365448056,975,1
37.126007105741934,30.331053799787846,7.824797874965245,43.43739867195578,15421.378494092987,4,1
22.511940547666036,26.311180670165083,4.709032842067281,444.2648204404907,32023.822665575168,6,0
57.452622867669454,34.761828646563785,7.460494258909593,63.1695744673005,11222.771789814316,7,1
9.954611756745715,59.24597441635729,4.97619139792137,320.22848022882476,12222.508397595191,15,0
0.7540443416560327,56.834914310855865,4.630035672098482,242.03789259802681,17282.73312112884,11,0
32.62425003753642,23.332977957351243,2.494315202882584,413.0848870657456,33012.09902183821,14,0
28.48837775156572,52.33364218833009,3.7451428386813475,143.28419336006428,40267.459179829224,9,0
28.43141568484283,21.74274280843098,2.6376072394164622,487.12893435112716,31761.95479910616,6,0
6.335643472639028,42.98305714470778,4.400470275789569,211.03743300237292,42197.96325979451,5,0
99.37191817696481,63.43223348760118,3.8190263745022417,12374.106415671104,4160544.5727923503,284,1
3.7811409609904656,37.60601094468338,2.6843274888743966,402.9716603929852,5564.3224591260905,9,0
11.804187617447734,16.00667711696936,4.473124826712816,319.6377598086327,24229.178140570304,18,0
92.36363789845524,92.54444624538625,3.807280787986861,21.160296783689635,806.312599581014,2,1
35.7609392885007,52.6536123144237,3.702490179121859,432.9877648258841,44600.402194621114,5,0
48.14269403110748,56.76410961634416,7.740580924752004,69.973826786787,17485.478109540025,1,1
97.21352092885567,63.35728607380986,4.093178636840704,6892.984534695098,2050607.2862526285,542,1
12.702937707928408,40.41278465126483,3.8333794319409127,410.6267478372193,6667.361461578557,7,0
1.8392120592174566,11.459754731083873,4.267485841724089,311.17937293845364,21498.077063476387,7,0
24.525317584950336,20.19106480825659,2.5735225987226396,139.17381037685334,38507.8794549388,16,0
94.25227029556564,75.91276692790049,4.184057732538052,5671.239003692418,1555186.877951003,974,1
17.458091942176665,33.71242416707415,4.687881358697826,220.19913870179906,13721.684096599167,11,0
36.53823198652282,10.096254167228516,4.842378533205306,200.14852876270282,20990.995984926853,17,0
2.3783659885742248,27.450186992391874,4.367536321011483,418.5306331220325,3462.651705340096,3,0
9.094792618654669,37.83849892003375,4.4723998825526925,147.14989802419882,28319.981393116206,2,0
38.955193990115326,47.64179707994552,4.789325785093565,312.1401103363526,13245.792356753127,17,0
98.22142043987995,87.75835049858733,3.0083762476134854,12887.954305310988,1180524.2782576145,388,1
33.06118089115903,63.25245103928532,7.685153307013135,92.48103399547325,7084.032352230428,9,1
33.1392489510561,49.16346316460631,2.428919826176532,243.61096985257234,31654.665229766317,12,0
97.8347975837111,86.30550743335732,3.920298892253398,40.69533036994806,481.54903971684007,1,1
95.93869333896835,73.30522720094643,4.192188816353735,11972.554410803787,1172309.758295563,368,1
6.5107210766362345,28.386693308283615,3.953220746376333,150.12818792096124,30649.29204720581,6,0
19.366461479165803,16.790810745209043,3.783855385024924,216.1485779697219,6336.54767674168,3,0
61.16877152048628,64.2769073104271,7.3317029625684595,36.558631319285325,19463.568069709174,8,1
39.915072751100745,54.64325982488105,7.707069529328295,77.65470779402379,16620.343032367382,3,1
67.62674859392054,50.24260639477109,7.321609914811489,27.78793891481969,5910.7859864318325,1,1
21.732313036160562,29.545688180817145,4.7464931236147105,434.0072918490008,24894.414166098883,4,0
96.3730742746121,93.8024513960072,3.3319389203678544,0.4040760785102959,53.94821455151555,3,1
6.069896042128784,43.19759569545698,2.9871076296255215,323.2625187593789,42462.32799054023,10,0
36.2005400888759,17.053618203331958,4.079805000791835,174.2290734634999,15009.56753164894,14,0
25.537602346431882,10.520315032625263,4.375257994402174,132.66645154561212,25434.58181779691,16,0
25.267048187118423,23.456113786788027,2.727252797113981,414.23250092392834,14713.054061689292,4,0
2.930242082038297,38.946493288702484,4.224511363074574,59.70638802768316,28179.89916225707,9,0
65.60696165751631,77.77074712356416,7.950210612961476,97.84908663439033,18505.68246491036,4,1
16.10347519704481,26.40868098666991,2.9473923531405815,145.04354371491505,37843.04718529963,18,0
18.843133511357024,18.810753073656493,3.892131596950988,273.5474769773613,16010.981094020086,18,0
68.45074406168771,50.99507868619108,7.219370008745503,84.08349142840214,8577.38243674482,1,1
13.395499666786495,55.717955312482296,2.6759910576505357,197.0062082248507,28902.30556609913,10,0
56.59770959031698,53.0698135740753,7.187196478474008,41.85393823532833,11411.64730184379,6,1
91.16509771535188,99.7533249706047,2.9957523784080733,41.96679543191381,817.1978220444211,4,1
29.88880095080878,17.43086722128351,3.43615074549731,292.9009349800118,23107.2264799019,12,0
97.12271457368297,99.71129814618334,3.8042805884741373,18.64372040163879,435.0556004764745,3,1
34.39110208142743,57.25929285352162,3.188455366621565,72.46271249825556,22623.19281265749,14,0
36.3898324624165,52.5510779159264,7.5314691373296885,86.59527486933914,7319.803381314012,1,1
46.429931080388535,70.5612096213566,7.764509618616289,83.81727722594471,9118.648647290156,7,1
93.85754616097122,90.21931768208884,2.768148929331626,3.0472124489965005,738.8856693032325,3,1
29.229968898622264,30.484076134583013,4.942380617681927,294.7279291924859,42398.760505635415,4,0
1.3107092599959858,57.74838533803103,3.9630413458300526,50.70454887439034,44048.05478068992,4,0
96.6870186970017,87.45704672815168,2.2146284897429647,39.68577137821723,620.775764983294,2,1
17.038728797363497,11.72344022005536,2.879851692641877,270.8296518383539,34967.56082995001,15,0
98.28701982780044,90.7573547518069,2.477102188460706,42.587621054966164,962.5381867236555,3,1
26.796401855300275,54.214555048766286,2.289904311172663,245.85516169216694,19980.95093036279,9,0
80.87134912761478,77.68269786823836,4.185548429275116,19609.455148032714,4938120.22989602,580,1
18.428587944485525,46.148527801352536,3.244654653262528,349.0422416327088,26741.805513197472,12,0
86.55621543293331,77.81136003307444,3.704763284254419,13649.571610180315,2208242.8774848576,278,1
16.69043650908663,35.459596029859156,2.455630339854441,251.66699819045357,7292.6912707657575,9,0
9.422740751028211,27.842949015927573,3.0892657030952213,385.1083433890831,44447.87070582812,7,0
18.738029628126114,33.07675746835528,3.1852246812120377,254.66244734495947,10493.120920747791,10,0
95.9186945963029,88.03519572324413,2.6061468921150146,49.65037894555132,460.7663395848123,1,1
23.69083585951386,51.69894322379587,4.39775163886206,197.74541980217907,33936.897268760345,1,0
28.285315140052482,42.774046983169924,3.2507050435916294,281.24897658940347,28320.665051479333,2,0
7.99292781286197,12.391558241282565,3.5204529767072277,178.1728661829106,36766.41485986173,19,0
11.549418520107174,41.4079835424808,2.839793215491717,426.2268728887721,13914.972767495692,18,0
12.027890840193551,21.853364824853564,3.5170193540685077,460.84280934445655,38977.74776278333,2,0
84.06154557608983,77.81978954400168,3.4329886304783814,14931.324476208725,4000988.832297247,457,1
20.92294298447814,15.212967149643138,4.67892167027464,315.52357185892623,30474.245404492263,17,0
81.77286739552177,75.98753948674307,4.594221423121084,10381.111196056083,4932534.734940291,297,1
2.7605024349160834,31.66620382008025,2.7987107274939023,440.80358549387483,7464.769504076352,8,0
94.50728518695668,81.74498703420684,2.593537600981425,47.01104148425761,335.7465371227837,1,1
12.126462308173522,14.537214722196303,2.0746480636649505,359.8827007787987,36230.95496977896,11,0
14.313045736879069,46.749116508309754,4.037749542010665,433.28406894536647,34993.26710082888,12,0
29.08663820715175,31.79538395300524,2.3278666511792903,308.8168574800576,26126.932913865825,2,0
99.8690510046847,99.65293854141214,3.5501997678568116,8.7155255404456,119.47376071873117,3,1
22.85941743802774,59.5324938774065,2.518185194479658,45.96180246633048,29835.831996630124,3,0
13.03632607659312,35.05712396626531,2.4726188381077683,109.3069089849223,39850.48169702752,1,0
24.344107691313724,36.63338681883236,2.187315335290622,232.88109794665988,4260.637770247927,6,0
13.80642822461622,49.278127603831095,3.963925569308919,485.30655937348854,21043.958568043337,16,0
39.0224942819797,32.06919261265773,4.958470961862815,378.6086617191586,38498.80501695954,15,0
35.7968499829868,31.528049508598095,2.3207294301908385,34.27748462082205,45605.782749868915,13,0
17.509279554689485,27.008460800412895,4.372707506976166,216.65449050578826,9883.440670347143,15,0
35.744546498343375,21.70712046197894,2.0456823481365474,34.4611164340647,1049.1636052535941,14,0
35.87179430359743,29.25954977490868,2.2840550744683763,100.70832898841672,35406.398870361896,9,0
4.8828457024518634,27.81871618260701,3.1134350609438974,132.51776185919366,14856.59970468474,14,0
10.074837417785023,11.486176793848,3.75268662826298,332.63123197437596,49833.21864451653,14,0
29.35025678957878,22.324829415678916,4.483642319672651,324.16924595179626,28595.25131572001,8,0
20.1825760306861,12.736688586254255,3.501433281537979,148.52477133582065,39875.56599460913,4,0
22.815183801979288,34.104427159554106,3.1663918118407848,134.02531398030766,25489.38214847383,11,0
26.941519089751225,47.49180812484029,4.863092539544026,20.881327986186676,42113.67768346496,19,0
98.46397097491301,92.3102990626952,3.1922492170273027,28.5751471996191,676.371564416008,4,1
16.199607758055535,29.36047341266344,3.2138317527638165,143.66602352270075,34844.567937774045,16,0
90.59627484911601,98.46092581008946,3.5751682899340578,43.16108261290877,286.7356196265886,2,1
36.29521604846668,35.92201788191272,2.683749254873841,188.52389116996756,1811.9582426053298,9,0
27.59444354118845,19.276623077679112,4.326986676387181,488.87805251679197,47812.317479070814,19,0
3.89645911311991,32.02172910538906,2.1175370603999997,285.38553778110935,10874.889353930786,18,0
17.645922863908574,14.54261017367582,2.917434769488771,348.97014375699376,34139.2959130989,2,0
36.63223399968994,10.227573718568298,3.6158285287172807,118.47406986929325,36345.47546834292,14,0
99.15439582640357,95.42735996884856,3.104773006098287,44.799440377385906,679.9646451096631,2,1
33.46289003184547,29.919645206870623,2.268275446290432,396.9658847488376,37178.86002044861,6,0
4.059619929348082,59.77147687274752,4.725677987485759,135.74269329869816,6276.810833089931,18,0
16.098643347680767,23.536704763115246,3.469840366946983,149.3252464995063,22965.27633168238,15,0
34.700504114155976,10.501006359993344,2.2879051470315153,105.70281868006484,49899.89126296876,15,0
53.55356482396651,34.35365915578878,7.450374680390324,53.31235820363927,11296.024405625394,8,1
92.26127988345729,89.10219965243759,3.9315768106550735,2.118128255320495,893.8350567364498,4,1
51.74638075272726,69.04499976572559,7.927201905171517,89.58908832796317,18165.365755760828,5,1
20.69983685239066,28.87699676167805,4.493904752924147,28.0972197065348,23549.358591112614,12,0
34.54741350748075,58.203987789719164,4.226837516563222,482.7442151436856,12918.450615537477,3,0
96.31470284151287,93.27746649436273,3.0300728685028986,33.89482669119154,733.2746300460644,4,1
17.712422662402545,13.924801667254997,4.402500848529181,386.7209663721673,29173.998449532657,17,0
36.89095854703766,52.21184046383143,7.68057133992928,25.47471656638519,14526.15259901217,2,1
96.54381611708605,92.6400716142565,2.2442108955518867,34.60396232385241,82.88589529974055,3,1
10.754429696028849,17.454803176803658,4.831501647961682,251.3847785531878,20363.147549430098,17,0
18.790627009384654,55.128734088015044,3.16941195982325,446.32644315560015,31223.828562543527,13,0
4.480297906285777,10.639181593474353,4.545171500991879,205.526166595017,30863.235610880496,4,0
14.409212640665721,21.86648550804194,3.8217112095611356,487.8566713028463,10724.57063317242,10,0
4.259867376428139,24.53939113801372,4.8903490891576125,136.11248253905427,41801.951334709476,2,0
96.45880752051951,83.94846681938988,2.2467435160031872,31.311319864400833,735.0248667267376,1,1
16.351327350052692,53.97199351374578,2.9743266254445135,108.06538589384182,43169.15412790843,12,0
35.41019284234076,36.43542276599264,4.34277519420194,81.58620830018866,26235.243539107036,4,0
19.429220659445704,27.7587608764312,2.969923722062658,360.17652126519516,2549.6826897533656,4,0
59.66255087647926,36.3372700954309,7.747973020487165,34.678603874773316,9107.214466275589,6,1
4.553155520392389,49.05815970333257,3.574806127043284,12.28568310570207,11756.978406943437,8,0
20.585246986979357,36.96913305674117,3.719899152714972,434.0973479722302,34345.836144588226,4,0
35.18761175164976,51.45163908837552,3.6067336595834685,203.20199449118383,6832.988713815048,19,0
6.872382257606429,11.953075879583915,2.377439495318268,327.64830910974655,17753.738078740913,11,0
11.64300218554851,35.547851363124856,2.0059068531402993,139.95805030802808,47363.08587723802,14,0
93.29626964695913,96.40307626405546,3.2402480560915454,23.897198398570517,119.14896326667612,1,1
82.8857327703743,70.29681847708498,4.0008014542491415,13146.971835531287,3107288.865144617,870,1
35.50705164172072,48.66198735112585,2.7563029232722727,495.7699137783432,33339.39790438814,9,0
96.27071778098157,83.8745452797087,2.3985756190682768,38.154845794498385,601.043156278209,1,1
12.292524799622825,34.61109538050734,4.909326208429634,307.0064495827061,47546.83700471809,8,0
12.12420862452353,32.29098784163911,2.3242344062658717,209.25247168183716,6034.552610612322,12,0
7.50124507907366,12.412114136185167,4.2911751380093,316.7150147362813,48191.93055757184,16,0
8.683190705713745,13.418088810989396,2.6735609318182045,101.78518100021606,38987.43479529449,11,0
32.1349339798343,30.50333241649742,7.3728789664262155,11.955549400762832,8696.545458052526,5,1
0.46816107243524474,45.20056062130578,4.639209381953716,432.05957598447327,41041.90014462489,12,0
55.02975580107237,55.05969813517564,7.720371262232346,89.07009008940655,18843.66340041776,5,1
5.768363442988171,21.433930731482945,4.03263251132786,61.63266043689962,20305.77017292032,6,0
9.067795086680675,40.66395129499972,3.7189354851597773,101.74030721646629,23518.93940416021,11,0
65.29450868345413,45.354577327834576,7.739650742912668,81.2054516112373,6133.827637409407,6,1
19.213606389452046,28.53868059774002,4.241485067140071,337.3679306233145,30816.431492004358,5,0
9.3282448070903,58.34772271853364,4.022327471253804,237.0211613408431,16413.05672323695,3,0
23.591990390089276,39.17359920525899,4.745133192857221,45.390647935786085,37107.59166596266,16,0
1.5177114665837799,57.69877889601629,4.391305387929124,210.2488366106245,1816.6187900595062,11,0
86.86063208349299,75.78460530528741,4.5522065180759785,9800.871192282586,3873188.6630522227,325,1
33.08989044747315,49.96776228471617,4.348566056330488,152.801154618718,35082.29641103354,14,0
80.66640950170661,64.3141908729853,3.112695272444716,11100.909324130229,3491311.218162302,849,1
0.913222681382666,25.466331154871767,4.2680926113291235,491.23815374103674,2958.181432298545,9,0
7.916783454042142,49.49349551565632,2.7854310671363174,142.57249842015761,42833.55492828743,15,0
80.25679040774357,60.865255717208775,3.1452979023223513,6973.82073339135,3797137.6962519237,398,1
35.17935553533854,21.919451146401983,4.120863486737173,152.20222344442587,24351.719744657534,9,0
25.672306643238795,56.05776004710295,2.4021178742194778,227.39244137162393,15096.534365344167,4,0
31.117036074604123,32.218094306305154,3.369570088510535,40.84446483864137,10237.912721820718,14,0
95.94264810814528,53.56868611780833,4.839701014976523,6447.61757124949,3934449.6258136714,411,1
32.44851517713724,44.97951903296528,3.062301685619867,81.5799311648347,16279.762007119241,4,0
85.83028376328339,52.274348678611986,3.6604509079214558,14294.830611779955,4721641.6188472565,922,1
18.99726834058377,10.919321656502847,3.557005090814704,85.04352643419281,28513.30902212808,2,0
92.03487097905791,86.28477217451439,2.141110118611609,43.169471115107136,51.18151277787864,1,1
38.469828006500215,54.86882798535821,7.716300856831419,72.28195899764083,16361.617704809401,5,1
92.52093042805926,88.47908297081655,2.2267861065443615,41.06647070211379,879.5398872049793,1,1
28.123762241436026,40.53746642659891,4.334722886595783,434.4444788575054,24291.68042060467,3,0
36.49489051294389,12.631548437867288,3.458372754403243,294.23528083432535,47879.56677312219,7,0
11.507331489818524,30.25437971106035,3.602442542266588,274.0315794728121,33626.24927519569,7,0
22.47875507458163,22.145814815381595,3.9127210904957654,453.13347589945334,13564.748426084643,3,0
14.164590159602263,20.576933654351066,3.613658064267721,289.2740702828846,2154.9309643383467,19,0
97.3022394867446,88.13321963937233,2.4705034619518305,47.08372396677062,78.1261907374049,2,1
25.30691644429792,20.89825793468591,3.889942617117584,188.22121843539622,9087.831097119837,1,0
18.773166963878076,48.47254242059686,2.3426017500852683,332.7322873012125,41686.85651703456,16,0
83.2077774944115,57.416071478958195,4.186242981930958,16622.3073736894,1663035.4367035837,466,1
94.54645767356294,94.50684965393759,3.7161769416535835,20.370311368731947,987.1850116877246,3,1
23.963930638729593,24.833330780117024,3.907233685023117,409.6306020295142,25191.779387815564,7,0
13.231704362922319,49.57383467611357,4.940641823627165,402.5881948940802,5425.327078932066,17,0
92.44333868823833,61.47491807165363,3.2267938516633015,16520.731524017945,1250515.8594264167,851,1
37.87661987388454,36.72570388288318,2.963520164230719,216.23012279283597,8079.087081408332,7,0
15.668595192030125,19.673821248859134,3.670247963288026,395.71521687401236,25496.97392074953,6,0
29.271652491387115,30.341739605322978,4.763837004248574,68.25346206348979,48685.095076520796,13,0
36.235437422710916,10.231960110459505,3.579913637046794,108.19985816559951,2528.479693918467,13,0
97.53071380881414,83.18978300517888,2.133458713011853,44.388200516537474,575.6179992475832,2,1
13.433993222740614,29.056884928330497,3.186169453141205,145.06943306061444,13149.8602977684,16,0
10.355798471266166,24.832488297238406,3.347382612677756,187.51239325481401,18588.56913203796,1,0
92.21180409801447,96.08630894895438,3.150440375632587,21.740366892786927,754.8943084569501,2,1
19.82340577116622,19.485591430400348,2.2724878316718193,104.52311346412927,46309.0736919458,15,0
27.338162125094776,49.261778275922644,4.790037960148428,426.0122980052586,25079.636994059147,2,0
7.892410085667931,39.47564255523203,2.77506887795765,191.95716481999875,29566.136440991762,7,0
47.414553208433745,41.93178703468409,7.06802405561095,49.193059396839594,14831.309499318751,6,1
25.767604605306946,41.77818741251973,4.428052151026092,192.5182238321479,12974.200216339386,12,0
81.74310287697801,64.12675306115048,4.978532317475744,14922.533309015142,2915189.9298264477,698,1
53.59973568990343,67.78831049866015,7.845119548679021,85.73691538972422,15304.239478161544,1,1
90.9564318726425,84.12539510423377,4.205955725423484,16791.981720292053,1915674.8340819236,795,1
21.607540164148617,58.144649408621895,4.406716022703271,46.60425778977383,4135.984305291045,17,0
23.45651295685734,49.32987348549993,2.0734542510789438,354.10277228987525,39755.382987846206,10,0
93.69346348411122,58.211657216987874,3.4661521225040084,17768.692296815814,4320062.310919332,578,1
4.877036817199625,24.44882177666334,4.986440550089144,264.4580341674333,33063.42721285309,19,0
4.656501912475903,54.365518405648906,4.9197244625786505,74.47375040917626,13756.356228018738,17,0
47.376000132744565,42.10096413567203,7.570824856880269,71.16011276514648,14356.345799939185,8,1
18.340099803340845,36.07751964367354,3.508918493922048,401.67093146087745,33448.78184548051,15,0
21.978364108707517,32.75559401834888,2.6396868830563234,110.26632998639612,39507.330480304285,4,0
38.86720699209845,57.11169411005796,3.9146949064760634,51.1552006063141,21684.710942098576,19,0
27.473293639528332,15.488299991515273,3.900734350902301,312.32717155046026,14278.145395144056,8,0
24.69457367672046,29.3279804065165,3.8193793764738526,395.98414935636583,25742.09949104932,16,0
22.437768898977666,23.109160721382416,3.711268787568172,348.81863138912837,9682.987414279127,11,0
93.35979520519598,51.87891828410843,3.1861947851599783,5033.206446483413,3737940.141400209,762,1
3.3670046380496954,37.487775269086285,3.235768663691679,308.99653768747623,24864.917489363314,11,0
18.75826944727794,35.550097263350494,3.8893537026081106,197.41324378632768,19433.13789687042,5,0
27.336934769011076,22.382184552104803,4.80872401571027,316.81632469298444,24348.61007290646,4,0
95.33695860302791,90.60859410908321,3.798062585655322,27.213455523013906,935.7181085575484,4,1
15.006377962912527,20.634532960170333,3.0514692496442706,445.16858028155536,42444.02297407021,19,0
99.86158593343691,84.92984474624649,2.4375349891820948,9.120025286652256,31.45734608736972,2,1
24.498570496005442,18.581423481722958,4.937290579953652,407.81440021405683,7879.403999473767,5,0
92.61122742550529,92.75931713102453,3.2789993219511118,9.102700167792277,273.7798833564954,3,1
93.03581299980968,76.21277938447471,3.1220321898508274,7732.4679199988295,3973508.328933151,497,1
3.2255964684660787,35.49667172169123,3.7406313278533534,311.4511699917732,44342.90749530463,2,0
31.166243063940122,39.141865875313904,2.0647817117320764,273.73990187721785,10326.185487012363,7,0
66.30857128521347,55.35648109110691,7.504103082870119,16.636931056886908,17270.1323307657,8,1
20.11106968864215,35.29228233239501,2.314673348892678,257.5110384735809,3965.105240238546,12,0
18.368200326426436,14.968179681082368,2.4691813597332843,490.79131247145466,46884.95976218308,1,0
8.716640618474788,33.82419191961367,2.2325377609920327,147.80234597548838,34286.115161236514,16,0
22.701894498155216,33.37888315368603,3.5252064762498754,338.340468252376,30503.50737605362,19,0
14.802139644666585,11.586588319010673,2.6006710230971493,429.3219168023208,20377.006643611392,5,0
33.614817088757036,54.74022973149953,2.9980065636254367,496.8708309867952,21591.643500526963,14,0
99.34509242854402,98.54432251685273,3.85893174325677,34.04648662060315,441.47131612052215,3,1
30.679155242927468,43.801478448877916,4.492312264071352,137.80898219046722,29548.28264861741,9,0
8.952166746788986,59.73523756961286,2.8596826421976846,27.97980435740777,48205.160745370784,5,0
27.024048938209656,39.9779681535087,4.801341866306961,144.46700215942622,13007.981219180308,10,0
30.157892227723202,23.338190823524986,2.8350625161637084,299.4919513946752,34162.95654326563,6,0
98.18439000965135,52.76803055109215,3.54928463208912,17026.264823016532,4556672.757038166,319,1
94.45253400923005,82.32545973333912,3.5878187387972735,5869.896473180321,2509512.331068541,610,1
2.0098957561410025,44.513961932381555,3.8689043311628044,233.89393984285113,40050.28318894482,16,0
85.25993130629485,53.75842985227935,3.437400240992929,5142.170333403663,4441014.501845999,632,1
8.512291177106267,25.293909497984025,4.551725423306673,92.75544659544248,37368.57080448595,14,0
3.8440063143267222,31.80703897183186,3.2303383066322477,239.14362155878916,38565.08140966848,17,0
34.42647094716743,17.70713470658329,2.2839693531232155,184.2066169206923,42626.286786337994,2,0
27.420657734230296,38.93394861642046,4.260773502409858,431.6515187005701,16175.664059462371,9,0
10.895450898658519,58.441893344801585,2.4071438555797458,98.32030448985316,3083.791962234263,8,0
23.256232335635985,51.33845271548521,3.4369872169771245,310.4937827298162,10166.41260330898,10,0
93.38698956700799,87.44227220216216,3.753053811490791,2.3998060689887635,318.62346929630723,2,1
10.915489043213658,43.867518253717996,3.366240870854912,409.91471574866586,39556.579200572865,18,0
96.47166283652903,64.20851231547061,3.658017624987932,9796.328088235065,4925892.490908794,674,1
38.95833518215597,67.43039490364433,7.387477359240294,15.318132141212729,8221.285095396817,9,1
25.132284028108298,53.133204894203544,2.2931931968766044,441.7681998080782,37902.891071975,8,0
15.100112212868876,16.925015177761203,4.650331122157298,226.24282795658695,9588.594478881689,17,0
4.766785084021161,36.19063681339841,4.312922806213434,168.44311956793308,34345.17528312335,4,0
20.51682515456894,45.77223556109843,4.739075158618273,199.81273976231276,9346.105386847817,10,0
34.635365477005536,41.98583539542541,2.647050777190288,203.59049101876673,37179.321579714786,5,0
7.526428542129233,16.640991942225753,2.5483731457949865,395.9960132767498,42108.48350914717,19,0
15.45515199020835,34.77095258055998,2.4459972322419743,125.45519077291652,31527.593897707866,14,0
31.702175580665013,15.880762970764469,3.850625048457324,112.31557245236894,16436.475420666382,1,0
39.06996766000401,57.452517088292936,4.373250128942002,156.0554922979834,28228.8709289273,14,0
21.822900941241873,25.66933291919721,2.9326224095803894,145.94216040590135,47395.36584506144,6,0
38.05239204243398,50.65523436080794,7.118515344577602,35.424092667121954,14394.633726869773,2,1
87.0085854788667,50.7916074113313,4.016836620532381,6473.660664943423,2132483.6405408457,741,1
91.516372780019,97.48697208286447,3.752747447004825,39.929850461133185,480.25252453904164,3,1
89.12716923701697,51.38569179841271,3.3179773248498172,18734.142820063345,1326055.7082590861,894,1
29.240762358266757,37.27713990076334,3.8124141125152335,400.1569158932435,33006.060121869436,2,0
6.08851351749879,11.677816257212244,4.913381393720806,99.79063272198263,31407.189408054106,10,0
25.573711775486135,31.65603230990758,4.469994411376282,312.23697221830207,28741.063859594065,18,0
19.05575655300156,16.889779552380617,2.7740066020799192,215.12234339610112,2292.2582726514024,4,0
16.835513090126945,53.02033007718834,2.792306665028953,440.2535571714163,37317.046965130095,7,0
36.789772905731134,29.208348392576845,2.2708409130929037,110.562044624051,21175.315275377987,2,0
12.702186975318686,16.41993762716434,2.3281360052638798,73.51210150673543,17152.834630225436,8,0
8.977895082005594,35.641474339751575,4.850517150631909,461.0079262037007,18539.37148504149,3,0
1.3735445892392795,59.10573307469669,3.6411881573007494,403.9442961431823,27604.846492960925,7,0
3.9825817009137188,24.871849951188487,3.5916659027581224,372.05615253306775,49042.1832359384,17,0
23.476542609784047,31.531959893871843,2.0295130543913897,36.470125601840984,31267.966783181233,19,0
93.25312911101064,80.79357880725091,4.325518385265822,5272.92193708426,3986727.8545570243,157,1
35.945304445415495,35.43894654133243,3.740659569964224,333.1555994646381,30157.782236746534,4,0
30.2043405322718,35.05184448138664,4.681136237413221,398.6870183019083,48773.15718510616,5,0
16.369538187032695,55.46844721298389,2.2681874035503253,283.58023894229774,10867.561806828073,3,0
2.131796135891677,24.35946126935614,2.9662379859894674,121.80965520283743,16025.105447293008,15,0
87.54923652956447,83.65397949306693,3.4099213057475333,12617.69950037674,2716183.3316583065,427,1
26.275495336229497,36.344711968912755,3.581955080353291,104.8067141903393,25301.29458569608,6,0
46.96429078843063,71.54301164349482,7.043225877769858,94.11200089759056,10578.746792189117,4,1
80.67750287611143,63.65295180332035,3.927163677152425,14960.259620630397,3706671.6918914323,771,1
20.40693034344034,31.907281522084894,4.512544095367725,297.7778349178259,27449.49934057771,12,0
97.31609652545694,95.71071496473438,3.323521769770757,43.04500789570101,588.7221586161304,2,1
30.04563138949965,51.582906530789685,3.8162942076061515,230.86108582663394,4663.983202210267,17,0
52.34910180590197,43.070669325721965,7.811895999738786,92.10578277665124,10997.713175643465,9,1
39.48846784561025,23.55765374365455,3.55108106436483,360.91690854794194,49855.167070340314,8,0
34.36329454346672,41.972796918479915,2.0287782445989335,373.5147432774187,27491.35656618875,16,0
12.381759971085966,26.27106206318809,3.8143881758521023,269.44241819022534,11054.718444447013,15,0
84.19084338352013,54.872967042708666,3.7705566708582765,12441.291277411518,3384685.0689330134,564,1
29.183855675063825,20.116023895217364,2.8083177249403866,46.60300703658897,13807.592300783788,18,0
13.27559271265072,33.97953666109977,3.5441215482756565,177.87150963168338,16870.565328575176,14,0
27.624525892506608,55.22946945826081,3.226413734628179,82.8765495128343,24753.199728433192,18,0
0.11291206069646176,12.439820739023801,3.3257078416271404,181.08516856271135,28701.014843774054,6,0
87.03483724815347,88.07305134571993,4.1922720442532295,10827.438543361292,1114154.0263581362,139,1
10.618080098867932,28.896564746962376,3.3933363914494707,148.79131669235608,30825.763454949858,15,0
26.44709476105579,35.214732754039744,4.371628220427555,202.30640915452645,7505.699007694712,11,0
20.398153884821077,37.6187317912055,2.104775542419123,17.35528105715727,23372.620337419776,18,0
35.85405907963566,53.10411691338465,3.0459475815970816,444.53050248552444,25676.478777899592,8,0
99.47602947913082,87.60573861536264,2.3225909377432608,8.051104912087542,129.32646589000208,4,1
8.641107122237116,14.387043768665066,4.658100013932783,442.0177075796003,28829.551217469867,5,0
5.413601933299352,38.54259032756673,3.0342094917669162,205.24849979514306,16377.987701194841,2,0
33.896417711445565,39.71186375678758,2.38829279008848,156.9608816612103,17726.125563886304,18,0
10.563482180987712,58.30116065221054,2.940481964965261,401.3667148009693,2794.8265683258196,17,0
7.135454133925898,22.342364918902355,2.9179524445970078,166.9126043231484,5544.167551089221,16,0
96.23299798663116,91.06546198244388,2.0351105170344415,24.408683192996605,889.5752327006007,1,1
26.047529414599722,37.22435223033197,2.6745843262484392,228.07122112168727,11548.698598188044,12,0
1.9125820647801772,15.007893135473758,2.910412308176517,133.49039098659387,41819.76210279801,6,0
98.30951908262199,83.78174059255807,3.9939201854740385,14168.940266253414,3119415.9264953556,119,1
25.726925733989155,53.82570098823545,2.348929763924494,23.06488883099456,42818.65456242399,2,0
37.79570607662947,35.47196098700421,2.3016336122044745,496.38762155528207,19476.864349723575,4,0
28.513667756200718,11.674733131015692,4.018301881794069,312.4548350257474,38641.447753559245,1,0
35.76336754866539,24.321949045303196,2.8509960399899197,473.7992698737145,6420.196297068334,10,0
52.815964903157166,33.527495992830914,7.007096124621766,50.52553390083739,8588.720669573455,3,1
97.85043739779404,85.68712021608279,2.871095533669701,30.345516032454096,850.4955146093241,4,1
95.08607710152579,99.87616532366138,2.2715326132759808,21.97541400336406,942.9742910173193,2,1
99.98481366787108,55.47187217705135,3.8381511223842013,11545.006822255498,2866176.3991120793,574,1
53.51676306751501,38.19399269440949,7.4402805462120085,79.94334717236111,8974.234544225674,1,1
89.53830265359969,66.97117964105621,4.478577905788998,19603.98428767095,3033758.4323499585,752,1
93.36483024364729,89.15200163824477,3.6024139915415323,7.4302948215221765,909.1981465733356,3,1
9.462208868709707,52.514826433070574,4.259247591355381,115.54471878320265,31761.90233696557,10,0
36.187051332666414,41.05502057876107,4.408463588765509,181.42507188542885,5597.379106763803,13,0
12.876610550288952,12.894888421282127,2.819964785587336,22.35164862450244,4988.425180838261,16,0
85.34083463462493,55.80442174626158,3.2716934555264054,13025.655398607854,1894993.8908932004,675,1
38.008174789345276,10.624815699038429,2.916794303040762,85.91847776765736,15539.729456898514,17,0
26.599813056860985,21.58920457819088,2.588413128897008,385.91556311270574,37533.48227096981,15,0
35.01313406783031,40.01736593512073,7.862616777821345,79.38330264286184,13451.678991215953,8,1
34.22863741304861,58.97653832845364,4.838177274187251,34.10689447007901,3987.0783826360544,4,0
94.86038766654937,80.33257891867197,2.5285226417469837,39.21136156611876,594.574091428115,4,1
0.35802446586217673,26.94630209511516,2.693703578201061,470.29634300049224,49793.237953127966,1,0
68.06291320132226,31.84655473154146,7.301475230713345,38.05053928216313,8233.231452503955,5,1
1.725634900565307,40.1698605077669,2.2675483467845723,474.0423810601452,43760.92362931137,5,0
28.230615010408687,59.08467371495904,4.328399726912325,388.81830445475896,5937.08801162873,13,0
63.06955042641665,35.23441546982492,7.360841844143862,41.76742935533227,9303.270291633986,2,1
29.021823697611765,19.18012086843037,3.8000382784254656,452.5149038201246,49062.192468156914,6,0
39.82501051416493,58.49814843274263,7.108185115921183,63.66827594098366,10589.293085058995,7,1
37.01551651039394,51.972215084273614,4.85895485304773,347.3346007763187,29722.47587436342,2,0
6.873949970879547,32.81288391679902,4.501432462565053,491.179476047146,5387.486319042446,12,0
92.86942732013186,85.12074113564644,3.57956048697707,6418.437922618242,4451903.549693583,125,1
30.362599167978587,48.749351284489684,4.362797006412642,202.95880476222666,33352.427746231595,14,0
9.950104554736733,27.535660005732307,4.280488411479865,252.01752293181758,45462.71973687549,4,0
15.608300465947522,57.261978286770855,2.7039178472567658,254.14985834717092,40278.90577892101,15,0
0.8393507038926007,13.530060262049844,4.593224875805717,21.02718484156373,31740.60750677058,11,0
23.963921850832122,41.63139736395885,3.2614672856656104,305.19506069117165,32247.098734599324,11,0
29.344292878010386,57.46575527058116,4.272279000719852,472.21733079335155,27291.1707599859,4,0
20.084944064355557,44.56165128276736,4.291555769612396,162.32940608817555,37021.90001061291,5,0
11.468724238044166,27.250730505003673,3.839860600053082,54.51341734700337,9496.55565695903,3,0
98.02275023362454,79.35294862746282,4.308402286358423,16394.86413334028,3257791.2698354796,145,1
16.859363478268506,35.23207491508181,2.1206332796002183,174.51514443862033,27072.939058716394,8,0
92.78037877192668,96.14155603368867,2.159916293236674,35.41742408519516,619.5137162638557,3,1
94.80400322422452,67.43468787503399,4.570941841337547,16820.98236998592,1792262.6061944314,320,1
88.58802033550066,53.39502609946426,4.230586740493269,7005.114605754392,1455457.65785453,576,1
13.722183183577181,57.85785670486238,4.2324265522418845,446.6593445509514,9776.55823643085,8,0
1.8953731158846754,25.30514762412222,4.994915868711039,259.68069483798126,25386.23046172574,14,0
93.53444598514781,95.80695563788501,3.4350498570417667,34.12467464986497,303.96243914714637,1,1
13.524182346394124,41.20401156532472,4.739653992786414,34.005492330328806,26428.50436511345,11,0
23.971329028725474,59.29796849996788,4.874032282316261,471.76771694969256,30274.308384119282,2,0
19.785765313312677,33.59847130884553,3.62085618008813,43.17842696424329,40573.02584562041,10,0
97.80165914707518,69.67782917129551,3.8992238983188576,19173.291641256605,4330804.991278484,521,1
26.752218950230763,10.821995102077683,3.872506118317709,13.601586997032648,18831.38260973329,1,0
53.59725474103333,59.51317755072181,7.42908063138457,72.40885548353708,11722.090712551011,3,1
36.565392577857125,25.046459862248852,4.937953585812308,277.49510400749847,21036.383557440102,18,0
2.241256412574013,25.447479196678298,4.848191278549202,84.77952854397228,7929.549442569032,5,0
22.595614723027374,58.51546857725511,2.13753593960626,262.5645010921381,19163.00412078184,16,0
23.669167049540846,53.85853637243773,3.4662287417503546,285.6512383601729,14932.553400358927,3,0
12.146844160817043,26.013870547206448,2.0333212900284447,39.23061526541463,36189.27579330654,6,0
89.44359049185138,64.18877646007208,4.10601954845214,19512.12199325535,2246163.3994486667,784,1
93.49510506233797,66.6469569455251,4.400560985080807,8938.47828140901,4788183.458984403,280,1
5.374394877055688,32.09305842400572,2.9210250089241123,148.73162652542143,40096.55051334853,19,0
38.31571103882206,25.14785657191993,2.465901739719264,396.86622964919786,8773.394445564561,15,0
92.41411741114278,61.6596182889541,4.451005901631617,19243.030953195586,1564696.6581600765,771,1
92.37653858114513,96.36504037360748,2.996798812129157,41.12947686513334,182.4539175962826,2,1
97.93531361366992,82.98392505385365,3.383271465170229,5585.566301553878,4062047.5665769805,920,1
9.496516839656554,42.164539815107176,3.462675536551626,490.5847101478732,44818.44985739296,6,0
81.87212647004426,75.71990292841683,4.785572006232519,7315.2289123222545,1187380.2974694811,932,1
2.2596752206705073,38.673185431153996,2.656660861439197,348.7020448073466,27797.114405261593,9,0
33.85920076506874,28.906359649556638,2.821396808144258,180.9587674662426,25671.974763444272,1,0
4.804260117635413,19.21436251242673,4.561308497648902,108.00006278792831,17190.89886574291,2,0
23.097084165296792,21.928303725908194,2.080274916193078,155.49171276425685,16169.630660530327,14,0
6.213130631920629,53.32397543444152,4.418628606865195,127.33294741791036,33949.69702606199,3,0
91.35902799255413,97.83453186331633,3.641276408793249,25.862496193461286,886.1296601691437,1,1
18.5650192567099,52.95622881109624,4.790621952206996,433.1915308313011,46215.152632799516,15,0
9.800400501853064,11.093943953489756,3.445841206648319,246.72834681531444,40454.98647176505,11,0
11.464004981856739,22.09295635576303,4.705902909873567,295.97629829784626,35516.556171897755,13,0
17.930045087441982,19.26954222678018,2.5375962644428793,233.8967921019976,33244.093342799504,6,0
4.446161536268742,30.948698855944482,4.604568524304911,246.07093480919346,4058.251034517444,19,0
13.023001647819248,19.348801562072783,4.223666942882273,474.02895959595196,38670.301498715686,16,0
15.783308663886082,10.574375161729412,4.130126190824185,155.07470617789107,30535.096042484503,7,0
9.939110739829978,36.86433118184545,2.290404920885064,171.75702250425138,1430.0267477576776,3,0
6.493443755566624,36.789004380345546,3.3467599671224493,108.71800056054121,39958.44884526411,2,0
34.975268739730524,58.27565553247894,3.977876124544196,20.79275206421014,26154.57601372079,7,0
2.491870761418671,44.46680038564234,4.722779047944613,15.784288821158697,49763.728348794015,12,0
31.77683520531964,38.50404450790501,2.8068709006531325,224.4130950936901,34747.705196534225,12,0
3.4638729366953847,30.453229345902578,2.547582482628559,330.1459313542505,36673.215388227676,16,0
28.841723418897605,24.45046835852343,3.3485685406258705,121.63287417301562,12536.864418319657,1,0
28.670741160347358,22.269851683213076,4.811360655073662,261.6112878993707,19822.411653325064,18,0
96.30092704878034,81.73687219609027,3.181816149635786,9.402470572446697,872.1840380692144,2,1
92.18798867253305,80.04085524583508,3.9879133103742177,7.8328698829092716,960.117067942024,2,1
17.82865128831865,14.017283676096927,2.5859479014885856,466.084073351889,37364.37671483807,18,0
12.055909067421098,15.773740389500409,3.6696391935808936,91.56343125305571,37630.26267471653,18,0
89.09800976968725,72.40406398176799,3.7780655555136065,8532.556305411741,4780972.45703778,796,1
11.144618891385786,56.80606369395139,4.470033184415124,409.9336870587267,4279.502083153713,14,0
35.56069515092179,31.282831493257692,4.997344839709932,98.07098309528556,28173.590625698413,14,0
26.973089211926986,44.6402435354738,2.105561881639031,80.3043958239537,48939.644435594666,2,0
14.836037485779503,27.32983034198702,3.4104378425469473,340.8876426066086,29255.902267424233,8,0
8.54642192796286,30.82126446240767,4.109077885369932,203.8585903619718,48418.060559128564,18,0
21.139149411730287,55.89737106441576,2.0879644596727984,43.943269136084204,9561.750844344815,11,0
2.0126553853258944,49.01484198822404,4.978557792606017,317.019574023546,41643.922667788625,11,0
16.868798064942872,57.819010400776776,4.155085080199001,448.4460467681925,29075.085456365417,19,0
34.69618662972374,17.136427347809672,2.6747143286652375,303.280665236009,6647.388090229929,2,0
96.27745951648558,95.67328845834858,2.327054521671041,18.147128917775856,955.492678258188,1,1
10.013423451036187,46.20409168597457,3.9487607592068974,203.03280624691465,1278.2932053628454,11,0
11.170365432997622,30.034343785366065,3.4413618536572788,164.21102460828035,2390.1115455869153,14,0
93.98035162515993,81.72353753199602,4.805471047070421,11675.231415554686,1716495.5747499825,869,1
81.91473100291809,84.60217848470771,4.404836450029136,15048.825233104772,3873975.0749116666,220,1
35.616596286902904,13.847675052826554,2.4247998706258915,219.7447351961687,9520.489382808057,4,0
19.972057135141338,47.20752861089645,3.1619418738321574,64.84462787559228,25901.67844268854,19,0
68.49928311227852,67.49313408137508,7.3086535274058395,60.101309021036975,16195.438757037864,9,1
22.69273778424612,55.005421665310834,4.070588977699618,100.58204348919601,33931.78089703835,3,0
24.168642202019385,10.237347077968053,4.413181713127207,289.26571573116513,25382.707762884904,4,0
9.359664909258857,33.51999358068835,4.1222525314354375,129.3876486229953,38252.20475211529,3,0
7.452533315387573,31.76372912080288,2.1169856680755235,367.74207112972874,27449.478739405225,6,0
11.272312963159958,54.40879370576126,4.858139567451733,409.91653790222256,46599.02841826304,7,0
25.47719269610667,16.707864430382955,2.6876814762177896,246.55896843370724,36205.29354660354,2,0
31.655671428343496,38.12419859796341,4.6350469470795,482.79362133757536,37231.02795645921,9,0
16.316493344031876,18.790211384075924,3.9597559884099605,359.07805824838505,32521.641585500354,14,0
11.65724024570736,57.13877149244859,2.00621605319985,314.8920192870598,33359.22407477475,6,0
35.086842739190566,56.46606511658887,4.400574702071878,239.27079977551054,4050.7095022285716,19,0
99.08373803431307,96.16597907769027,3.2284241157246107,10.770170009166858,140.9120225141405,1,1
14.450642918576913,50.3785987592946,3.711752427117204,394.7419449589917,36827.22045219111,11,0
10.256248824029829,21.1244328905452,4.636234152370007,225.8029331978012,42243.30366845635,17,0
96.16905886982724,88.5612656452613,2.3547312834316667,15.831953753400384,34.53141677249283,2,1
35.49762348184465,58.26766435116772,2.701317992450011,34.53107141432113,34848.32343123501,18,0
28.097890225799706,10.044634653718944,3.5014419101037553,222.72771529886757,16430.902057830783,9,0
98.36798410551211,89.20149118240403,3.6110907512817425,13971.544007010843,2399020.8896173853,951,1
27.035578344980493,11.337623061201288,3.462416891268295,162.0189065225115,45175.58824968296,14,0
16.604483162813214,18.22698163487543,4.990316703542034,208.74409519561814,45404.29798095053,11,0
32.99720487842667,55.326897240657225,2.471087942150631,42.31136022730604,12887.775877070602,1,0
22.675361663113843,39.066591120436165,3.2570616335191014,230.69353589102352,34791.69194969933,7,0
19.96031089534533,46.077396093364,2.1064213680896637,127.13255395753463,34870.4654323835,9,0
13.062365731556591,16.034971276427026,3.4903013205368714,447.59931853836065,33989.036056039506,12,0
33.9242962493701,52.30327033099858,4.200652253914899,330.04123029448175,37741.777108498405,19,0
9.672083966832808,31.205564855069053,3.596114566055852,111.78156254850562,28181.420230634303,4,0
19.59909097453143,24.540524816100024,3.792825215660284,279.77460283725935,49576.738559158985,9,0
83.21331737269495,70.89756699171262,3.7378585686678703,17849.50191644804,3198765.2426430266,540,1
98.73427172058845,80.40698983925743,2.791180950076985,2.7943619604293035,52.800753058597216,3,1
18.392201588861667,52.21347814142736,3.900784352818463,101.85675498044027,41639.40966151652,11,0
2.1713731001673864,15.719168053669454,4.427823914178996,397.0713922217659,8220.336443630673,19,0
92.84570750057057,69.32328598461011,3.530146003933565,17490.790171240544,1147107.7796934072,955,1
38.52850753540631,43.47557410466034,4.751076613862598,460.6157633808163,1309.028299328725,19,0
10.969395199289593,11.534367260376063,3.435695061420013,255.1529052410483,48892.66056520023,5,0
33.43960839966704,14.097314260505009,3.5802916164443364,98.9725305095359,39084.89903931472,10,0
30.513620502990612,51.96066430995082,7.07374648913495,48.831332382877356,19729.589724053454,5,1
13.577638560706244,52.7962421867397,4.79744420540016,11.005525655302657,4219.717772597527,2,0
49.47763644300528,48.40851029196645,7.817464135861977,54.885609737176395,18233.28718133099,4,1
7.015263273677177,13.167138364556765,2.082297579399063,178.291138570303,31585.78457369463,10,0
25.864259911439778,35.26455320031397,4.1642475704825515,455.90322054370114,46666.659845383525,17,0
9.487498940229578,54.69256687638919,2.884844543989572,313.02469250211857,24030.848866522952,9,0
33.24467650610594,45.13611788065144,3.461533415894122,407.44456703665765,2918.3723144047144,10,0
5.14954904738504,33.41517922419767,4.901674136814398,346.87555582136287,45378.49745119065,15,0
54.017016797131035,52.74987727381203,7.6924787150267635,70.06834047423301,18292.13376878303,2,1
5.002018397739207,16.39611838241441,2.8897439823197866,65.71449549805044,35857.78547174306,18,0
90.87835114108204,89.25223928761349,2.789980181035526,21.871003598051363,180.0272312267005,3,1
36.627105075292526,53.106785930826355,4.590882025819877,133.2431128746765,27204.492018960824,18,0
38.62155832048796,45.205965393621454,7.368820952632346,54.52281141637211,19877.06261893976,8,1
91.50481004355368,95.75423067309913,3.1714004186338345,25.911769851635587,767.7296087958902,1,1
26.57332213769552,48.6359656920564,4.57858732638241,230.09777606191764,27877.999063869305,17,0
39.72700203601373,21.059067425572405,3.7969590260738104,453.0672119386651,7996.1853957524645,4,0
31.210918371221776,31.79454601061105,4.167234650076479,271.5144208740008,4775.1609514655765,8,0
10.931535056218028,36.44595475663834,4.2411603544796215,282.87889699917076,38263.57308853472,2,0
31.911508320634944,27.35190034159667,2.8007783873502565,250.01323964641742,39904.57746370279,12,0
39.65100372313213,26.871160611663637,4.433268902325096,266.45346576065293,45366.36028129958,17,0
5.295601962848506,56.015165784554526,2.1387818996537415,403.7630518711564,24115.215237710298,13,0
32.2563414508354,22.170850303440297,3.942020525451281,116.91979123872382,11845.632358933291,6,0
25.740773375203155,46.033394577300356,2.062540532735071,22.73606837121799,14523.184590146277,2,0
0.2517524039837582,45.48159908566792,2.0346803225772767,152.93183177774895,2707.249016891972,14,0
3.0549762257597335,51.30702074316094,2.8632766612294103,96.07988901707311,6789.68096317827,8,0
18.26682243057471,49.51373325110144,3.8361038931009475,154.47376992587948,13555.076326834851,15,0
28.082970395386702,35.39219264208455,3.9126390737313765,58.92122421469737,41300.63111019099,16,0
52.3473014976412,53.22837941508473,7.889181048226592,30.97116107999139,10500.63834561229,1,1
16.312347493592515,59.80684841134086,2.0040734021909605,447.8932620961034,9135.996408825888,9,0
92.62398867748924,66.86652824188323,3.053101632365294,9075.313833000839,3043816.7776507884,344,1
24.07135498369268,54.76349768588143,4.279535964177953,57.24354220460279,12554.679874941532,5,0
35.459102974760164,55.3284823139345,2.653128567324064,455.54477021596006,15431.739518033117,17,0
13.191065983817536,44.471017862394916,4.480905047341335,393.4021860003254,46065.76081853074,9,0
7.7638102403671505,11.79230000051383,4.083692073672977,448.0136997254449,16808.694170005678,4,0
92.7451408206734,80.77123876016606,3.1688715657831104,49.267122401367835,787.9944004141895,3,1
7.067164980869833,43.09622789984178,4.070598376669711,384.16725536880836,21564.113134872772,13,0
38.802459572021945,25.618918497626527,4.664172342077915,464.3931081476133,30468.409063772433,10,0
32.2037533691846,43.85168655254015,7.695555146862261,48.097709074310266,17563.92827609108,5,1
3.338787091177595,17.486044814467355,4.947482364947995,323.4981769099137,43337.93934852032,15,0
37.14190040767545,42.58020357198359,4.379996440143314,157.5337763526918,13186.389185510709,6,0
29.912921628323833,53.24001546188755,4.050006491445393,390.8747675158218,35213.08116562844,19,0
83.0068614080913,72.44657822679154,4.391735229324619,19376.54401474729,1708127.2783617126,885,1
22.5896181049616,12.973342439140053,4.669672260437115,481.9378943139104,15040.215723259344,19,0
12.96549337815193,10.764606473974505,4.345581103342747,346.4528150070976,28648.563650062344,6,0
39.44902319895919,38.20966108237106,4.559926494645692,250.0536974962609,2358.1133051695306,4,0
13.702516045460866,58.763387192482604,4.4537701099610425,376.4071349139872,33191.04560940223,18,0
2.185515483360616,12.108448095996192,2.9616185841093428,380.909578778189,11745.64225589757,1,0
64.11558676389214,40.40640843713764,7.266593704073733,38.09560020291964,7492.097411873726,9,1
6.3727576863464686,12.044523636599882,2.3148614181469114,330.7956923864662,18726.964884633366,6,0
7.6398583066190096,21.044392412724246,3.1911080179837157,296.84211620291046,42296.320160055926,15,0
5.544783248362872,10.608947123819476,4.478185987103777,174.86624888181115,35795.49164348062,2,0
7.4162713226396715,41.746235606831945,3.713971930110315,172.50991230786002,23093.72354686769,7,0
36.70927288749189,42.40585907967289,3.5598821950629658,339.39297316775645,3352.326621356056,8,0
22.57895761332316,48.44557020154978,4.400897434483565,138.78193632256597,43011.20384691603,13,0
3.894585399901054,38.30250065351589,3.107322783165466,474.71202529900467,29909.50913248951,9,0
17.854664165958937,13.481835946227442,2.4999137255146966,359.7338995094476,34656.72005592171,6,0
20.62701442221586,47.33865341994983,3.786426300857707,84.1823950020564,9702.910023650516,3,0
28.253479778235974,42.60155036051683,3.401109535585367,152.50165695332524,9197.420681428644,7,0
96.00525472487774,84.22627267414083,2.3554101285393294,33.31369944122506,488.5729700034085,2,1
13.490755819087576,26.871765457529875,4.7546294663418225,377.810672731169,10106.136718409529,17,0
21.839382394502728,55.81815579914002,2.311647041595294,451.6275268095204,38243.272767874485,2,0
23.01766766127561,39.026386595133374,3.6527524249324177,352.58583847911217,22427.832035435258,5,0
38.19241212037395,53.25784721126267,3.667387557647706,378.30405768224784,39043.83665046398,3,0
18.692464516848872,48.274706570426204,2.0041859952054013,322.97165591177634,40534.49768348191,9,0
80.9554052771162,78.1206347597317,4.766181887019633,15542.826540204216,2972455.0553502766,152,1
37.35184474916999,42.75175717039204,2.544125899509525,149.6915361961457,16819.91926818621,5,0
93.64008739710549,82.14086553297561,3.542328609569404,33.82035552973776,611.262677800883,3,1
19.560864407136407,40.9840447326119,3.8350081250528354,334.53594917803764,15153.478425622006,7,0
37.66942901315477,14.708094095866771,3.6324362463504416,176.477756367374,23261.324480608466,11,0
21.29683627532569,28.6083884172385,4.560281624323107,384.98128234761464,1887.071767717513,19,0
91.6894057119344,59.737717625352744,3.3332464176936822,15869.367351822797,4941476.298093233,684,1
81.20628946904233,63.49277581420606,4.151257342628826,5918.472777583102,3084516.336087455,278,1
3.5361549672311243,40.18143349014181,3.680257133808582,267.9671825706749,24686.4440369153,11,0
23.209546934789806,26.603844364908234,3.4482857924381856,223.87777537459948,40515.35632647078,8,0
7.412050289756147,55.40018546349941,4.126572896316148,299.77025859466625,12753.279403777551,17,0
10.504954966665444,42.6463286492029,2.0852804304559642,355.75017960265626,25285.949988946526,9,0
0.9583487129579238,43.67861397011341,3.529897309896278,183.60927843071917,31864.5961097059,17,0
14.02549495031693,36.87465648438953,3.5898511956738504,223.4896649638383,41928.09847890579,16,0
91.74124724925855,99.61944454747211,3.734571397334631,33.463943908500646,560.5620729692367,3,1
53.31894165693201,59.14729507258495,7.748329849611844,14.929205563963759,10635.326674494703,5,1
36.20549654759508,47.750531480778825,7.8113481713996995,31.38175709746608,10129.546083600588,8,1
18.276123309941056,39.50542533248089,3.1612999978975216,111.64311333842498,42832.46967352058,17,0
27.238533199669405,47.80851685909166,4.567769893940607,23.708087431860637,11747.082219259994,5,0
2.470184020133024,50.5565847098776,3.912732216014672,332.2092063201299,26407.15794038111,18,0
39.60096994556718,54.06860704006532,2.3443169186608994,59.42759500068614,2821.6952460372836,3,0
44.206961009642555,40.20680661351687,7.602560961614718,13.573357522337862,9606.252150296954,7,1
33.280633617815354,77.29857494836327,7.277410632878892,34.47965398983928,15250.194350759155,4,1
37.1453943029027,36.98783087930664,4.460122584623211,352.24263809572915,39030.94328233819,14,0
3.1789242921961947,25.730978673664392,2.4333058244121206,359.5475010025682,36312.097722978186,5,0
21.94520775688769,44.467416716330305,2.8275628974850635,50.058210540754324,27314.610836485266,15,0
37.96213758615518,15.92680208735491,4.632058543429122,62.58842263158197,25195.198624631998,5,0
93.65353797396278,86.67810651510392,3.1058696079677883,5412.227319115383,1019201.4914900307,810,1
22.74167167611621,32.22544266258143,3.6683959878552574,79.36548233068108,22750.87230944638,17,0
38.068764909365974,53.36001324347434,2.9605804677773664,185.01528641815355,2065.929338627057,6,0
6.483240568595199,36.9052335563479,2.40222231032576,95.1893207483342,14467.14804364184,1,0
87.85904723574451,58.23172329385817,3.2506070196870636,11603.056183450964,4683631.223697986,261,1
37.86826886716978,51.68515862875572,4.475304140433654,81.56979483901226,25388.13071993752,4,0
9.297990485401604,11.429456391803535,2.743831069728499,174.29896191632025,41829.43178050262,6,0
14.289035997672004,51.90741274206568,3.4864688258419014,136.94219655225874,24949.636586281846,19,0
36.01117454593373,16.072795122899144,3.848762896245522,57.572281068539425,27955.803990209803,19,0
2.6222951361552305,28.221346313650464,2.3500618051103452,43.65588721007054,43979.23189886757,13,0
6.50601977762967,51.23775298180587,3.508034458156488,109.90602584049545,10094.739330765447,14,0
29.059780062479437,49.20786723758749,3.3466730222713927,473.17611948283815,31315.161403186463,8,0
97.0290118485661,84.04478336315631,4.612734545671945,5012.156166338042,2788956.882346684,753,1
33.311592165301875,56.66433208737455,2.0109986702716895,489.5294235352675,37664.199699977755,17,0
26.05501103245324,27.54819520741519,4.730711821969998,328.2343646042551,48681.001214542564,13,0
88.39199673554752,53.390833303295665,3.359399863110779,15476.64738620993,4868398.357728717,369,1
92.74095194029017,90.1944792062246,2.741747707814874,26.25167714218734,594.5210061312769,3,1
5.438875727664274,46.991517644500874,4.18223213798698,178.67677462229435,3376.411916729494,7,0
7.1998280748380905,41.37024954699321,2.229846334624311,302.4024390889485,3914.0338140624276,9,0
95.39892755569939,80.91789390625297,2.781776353187226,28.652342974282934,440.12906048409286,4,1
15.311403808506583,42.3257687102254,3.30769978685292,165.07380425771228,8667.696093686562,14,0
1.8605948714893206,14.65229706217753,2.5198457443181415,72.4667315113072,12312.55329190044,9,0
11.88146904591376,25.47701092422512,4.967141260218848,44.02739259302197,23653.70127904785,12,0
32.226525444918614,44.83385919419014,4.514474468405378,102.9857750294986,6823.783316866618,13,0
37.391549302616994,11.772944819663834,4.768104203892115,407.3748859467592,8888.443795641768,7,0
94.8224574295409,57.01323064580868,3.392053657363582,6790.450459332653,3182334.056589556,517,1
0.6368231143080338,22.86969175223011,4.110804521613743,20.02280573915193,14479.325417190543,4,0
18.18889898013211,48.416666653388425,2.2843222277086395,217.19241378092875,3554.6999623511538,8,0
36.815754271905845,33.53908802695106,4.4118494397957235,401.7025061161172,26607.246099626693,2,0
15.495806186427883,33.70548042540261,3.359255100801122,121.94940829447185,13708.395711111987,12,0
80.7316229642661,64.82506414724007,4.604565399957167,8536.932692791048,4141424.5967902723,169,1
3.675329089624606,33.12693038377519,2.666076835764045,291.7393797235741,15021.472855258082,4,0
21.00767451143105,32.66712400568573,2.332994467333572,447.9460529103169,37031.92399830522,9,0
28.390548435563325,17.20969809428354,2.142495834892732,463.4988887751636,33360.757728009696,19,0
24.438494165586476,50.37189814163287,2.4180362385845333,24.01967977714191,2250.904616004773,1,0
35.46550857905092,40.02153783270537,2.7424161942065055,37.132404453004426,49138.23654682569,14,0
94.08122501175818,90.46031829698683,2.634693784355208,16.67616644073585,877.5011823372856,2,1
92.62760238977467,78.2713302832151,4.231105692204824,19841.304654745705,2359575.517531871,568,1
92.74241892237177,90.12238268644583,2.176293525855994,40.389202533123104,153.8230094452223,1,1
38.6782662157668,39.23231995399509,4.924200189469259,323.4509748506301,33552.591300894535,10,0
93.25672876189711,89.17521436531094,2.8261808939019497,9.978189629502705,380.9583814696066,1,1
44.67953415569872,32.42922141748223,7.429285216044127,59.58736172541637,6584.6650399525815,8,1
90.26731648872595,99.49682469700144,2.1243106939127063,19.29632039290337,492.643540677401,1,1
81.99141436235483,54.54890372705496,4.966501264874015,11355.370260546406,4467456.990028482,704,1
19.536287598599227,26.032485142490277,3.5132650508703045,251.69659923175485,24406.001864386963,3,0
98.172056544493,84.35081518864021,2.9756153226391246,39.67504542714177,158.63346533336198,1,1
37.789411213611416,54.97750574875186,4.2959030696930505,162.2177730318097,28542.735965850246,2,0
10.207175576137622,43.67837802071756,3.0373556351962976,218.61747830956605,36800.37281096522,12,0
14.647667709746015,13.32902589290942,2.048265261867404,18.180143277061337,8160.099359363998,7,0
35.14278370578514,13.973887071006965,3.531576416842954,373.4655149078791,11080.224530140753,4,0
29.39848655809376,18.368119821808783,4.529728414631048,232.14974746066082,12339.901181286466,19,0
8.320233219989642,38.87065241193251,4.98395118706046,191.91768980161095,43928.678403347534,19,0
8.500140285472755,51.52460776926944,4.709795830610361,16.918274950361887,20526.4953575718,11,0
90.12458863299321,60.7118731060292,3.254286725677493,18788.159056534765,4239578.3318858035,790,1
32.92231687385275,12.8999069814254,4.574151310582948,71.1791910102757,6888.74018204065,2,0
38.520013404145786,26.283036523716337,4.617679188168895,31.912848320869657,29711.34828130846,4,0
98.69839365080264,53.89469052385052,4.023173256455506,12229.510713759155,3099973.6635165573,162,1
98.73799544034947,91.21081843874853,3.1864129569233466,20.104555735877117,622.6252527644633,2,1
0.4514524024828903,22.66425017534454,2.7812881182358784,413.21056197456596,33385.79797065297,3,0
95.17255448418874,90.40661570726236,2.3063667919255453,5.083058656575595,395.11225667258344,3,1
81.6343552398822,73.50936714134855,3.289169548678085,6186.389309190543,4549759.775421744,994,1
38.073519190088774,11.993184694524603,4.288102386032463,184.46578898094097,32069.185587985186,14,0
21.576269249738992,33.05427061110987,3.708279121919186,276.95149199657556,48021.09499379175,2,0
97.60381889948773,77.44307860819275,3.1444083510288143,19795.99194756546,3966275.3829817353,208,1
27.021700551989095,16.028097574031488,3.164603834585188,32.281488942029,43315.72698166733,12,0
11.416419610218469,41.95982631755159,2.693083295117424,446.77710751135993,14308.187106938842,4,0
38.769805005441484,32.98157707765729,2.6072541940587635,172.02516118827967,38588.05109067074,4,0
36.72654799892543,13.561739532540564,4.707233640332973,388.4669469992968,8985.773507251792,3,0
1.8480635803772039,40.84617070981263,2.04523298667337,497.2270941638744,37870.43670921584,1,0
11.61889213822191,20.2911359845277,3.4330163754767398,342.4103887522032,41200.451849995734,15,0
25.902451678387777,34.472908515640256,3.761480670776522,126.57581784777123,49825.41014700137,1,0
2.3768810585179434,15.871870007952484,3.852847614238906,183.70644120384466,16883.59288311851,7,0
20.83790369279634,35.707138606259164,3.163644229521901,321.35725765518487,43642.18039887352,16,0
97.37421662286272,99.98407187565388,2.1200638189342573,18.5979934471355,14.744437597332904,2,1
39.0699871185747,30.936399897624963,7.007826332874589,16.995885639969014,15433.370697651555,1,1
22.432739854271656,24.241403288488502,3.5504570594478375,39.05802644451075,31103.906297110134,3,0
68.4463577710814,55.2797178179908,7.218624852195579,64.25507078578372,17902.66035980117,7,1
32.04774530653424,45.92610233647461,7.934235515246939,80.25252606862088,7696.4790626517715,8,1
99.65157355820956,87.36194839918984,3.4533092351719605,20.618967877025234,31.014208506510155,3,1
2.4090759320510324,10.693213766872042,3.6106502764775534,162.25845010386757,15288.12740654681,12,0
94.5516631094546,98.40410435286756,2.4217304635812384,35.08109511683391,134.23658393629577,3,1
15.00058522446961,23.879935075118823,3.0606036618714594,52.87050803221999,20600.919473089125,16,0
2.398497812780729,15.334896340453637,2.428375254486138,471.28534520251515,42809.92412531686,1,0
14.39570607767144,46.58355576652168,2.374922538011726,123.0594296386136,8028.534918843634,3,0
2.5339429064775354,18.48360407009287,3.935406633463412,148.9403754077803,25871.00951891885,12,0
18.830780365290764,18.98243983839194,3.6236000266235218,159.6554742666565,22331.563218128835,6,0
25.55585694026973,11.765280390934526,4.361763085169363,73.84216000481179,7276.766630250582,2,0
9.802926444789794,11.417944914925446,3.254509290596128,334.46274482283354,45427.02717333108,16,0
29.292030968269685,32.0549615053726,3.461652677992328,383.490189295134,18181.856192122792,8,0
56.75977590625047,36.4563466319474,7.521733445413888,70.55553876477649,18484.703245941724,4,1
99.44891102135983,52.85651705907548,3.937588868318954,18200.60766944987,2593918.3579095183,244,1
17.128536852915758,29.885526749154092,4.236067446578371,78.37200097941647,6697.329616989446,19,0
90.56244413807427,82.61351662816638,3.229324792062582,35.65150542063572,305.492776711233,2,1
14.368608522185461,12.76428858697898,2.4873082168721425,118.54835137878956,27648.383251927913,18,0
96.33761774607852,77.5036562778334,3.473042631074601,19048.997489151378,1995399.3919673124,409,1
1.3142470965215747,47.68597353632949,2.5036747491317515,32.802957434205716,49382.13664288576,16,0
29.485712079564866,28.153953416797457,4.246014469668484,211.0711210067623,40564.03585992379,14,0
99.0108265834472,64.30404651012655,4.1872869174147755,5733.758642936381,2978265.71251072,792,1
83.34006856114928,86.7051267590457,4.484311191456654,14155.41819077385,4216884.974447085,274,1
15.911136673851534,20.207391147597367,2.2178483042012793,374.79086599977893,28113.936662155054,3,0
5.750831629246687,17.299608169920283,4.879854781938727,303.1698012828506,42212.76568732026,9,0
98.64458016167441,82.11741931156418,3.1179083276614437,37.376575002111835,228.53045470229227,1,1
24.089983997460426,39.105265951703,2.0717036834251443,230.27958679646895,30744.484770209547,15,0
19.279022549152756,42.50511052277463,4.720508680134056,381.7696592345392,4101.57692619398,3,0
12.849799751205895,53.30202356448143,4.887215474145749,167.6423603229615,3665.338011363614,15,0
10.659631030354957,51.80920984735985,3.5123753090281573,22.44473531513813,4123.398595595852,19,0
84.04099363070439,67.056221370151,3.4287869666112485,14285.445589667486,2549527.191955398,953,1
22.119320922814026,31.28854004818531,4.590326970438646,325.6760771065124,29337.252930043385,10,0
31.26029503391613,25.401220883880406,4.546894583362575,492.9496512345318,27015.640589978488,2,0
29.028227573449424,43.00058236680275,3.525164249680472,401.4050739110598,18508.753299571035,11,0
84.09284597801113,63.22852951073847,4.911022749874758,16449.192018126007,2544875.468508701,796,1
92.52461767308834,93.16050291319041,3.0013337909183426,24.306587953439962,777.5832354988004,4,1
97.32727053786388,99.4605568942541,3.877693370100869,5.641692889678046,46.21441803873416,4,1
87.71481152077048,53.561319054449015,3.5917936617952764,9800.798954233456,1733521.2073968505,420,1
13.862887647717104,51.58315832169509,2.5475023922893825,436.78202254860236,38593.19576617825,7,0
69.5530645267138,38.46080989919203,7.667993379509491,72.62034705991252,12647.306652663956,3,1
99.5300816213494,78.09143616984629,4.478569889169627,14821.20154686358,1360381.3164159276,190,1
11.979300334954214,46.242195807175506,3.778498227990092,97.25012294557973,41785.53149694396,17,0
22.428796050963197,58.53280555105023,2.3357641880139575,485.62435582978253,2164.325718145342,3,0
38.6134845087217,17.774361298065568,2.6252546388818185,64.17345273709503,17797.46707881982,17,0
26.93462943461585,20.834326132882833,3.018035496833477,297.6641318451598,16360.519584555479,5,0
0.18511788952965347,49.57308781596922,4.578138510003148,347.54028713177996,23146.330652838355,1,0
23.501100122154046,38.53580816993172,3.642642533012156,170.96196261447827,46981.1553913466,14,0
1.6707209899432574,52.12398969355118,4.7560384930735,299.31850087874113,16717.36009866872,15,0
17.950434181843388,46.80185693547656,3.7498334991472753,479.4939465958669,14938.867136920699,6,0
3.3861720689413977,51.923222329666444,2.8388794484249096,168.17799185802608,16645.640296214166,19,0
18.309963593796546,59.25683935534091,2.5368411631152767,107.40513573792327,15311.976208315182,9,0
14.67435171806597,52.25048440696531,2.262930241779616,328.5542229811917,27487.409663778002,9,0
39.83139950985238,11.421753269222231,4.948552682108717,431.58020825726504,13471.069152305843,13,0
33.0605625262444,57.76037580582222,4.950859518346725,202.8672623586423,26992.75282121944,4,0
5.869731296541856,15.052378120621714,4.389457971967179,22.104128078017204,40318.828211615735,9,0
17.275158695781766,41.642682872721316,4.756933644494254,54.840125783379314,32683.379866359614,19,0
83.44588870149153,75.2198642425208,3.1921882862434945,7173.346718900648,1473791.6407706896,773,1
0.9234522664319433,23.100933912562418,3.2944715956281216,198.82750369982566,19904.219536034005,19,0
15.075956060303657,10.631043124774955,4.993241506390433,15.983602743686644,42625.19994456896,12,0
1.206109007545475,28.20909998274259,4.200047357139887,370.9221698196492,41761.77354222964,2,0
45.72041763678237,47.940135424252574,7.198319064857575,96.84294135536032,5771.436570369865,7,1
90.6042671039359,82.17492497855822,2.2340395810886546,37.68713605505692,471.9636440110121,1,1
89.13028158753795,55.688209307682925,3.2239633635686573,15400.977646443327,2835633.352726924,852,1
28.24405866134636,52.48553043951967,4.1329931498185335,216.25217073418736,17992.71689149143,1,0
31.486860885394865,25.871132365328982,3.830532788668679,420.2176651286488,39680.90974077136,5,0
36.26719263522764,21.695807188369756,3.535652581997024,459.5226984456396,20449.343623844634,4,0
21.155517905184375,18.562718385726072,4.796763681353199,236.29479545412238,43450.599842800446,9,0
82.1832994823386,62.34606191179332,4.271505267061499,8766.412593515646,3712716.09595913,134,1
13.627981647072644,44.77172982014872,3.6614935274587093,497.32706245642817,40266.41967929156,14,0
80.48953591604665,75.1576323113089,3.9285461828370325,16646.572040122446,3260281.9546119752,938,1
39.08841346395037,12.635072651796516,4.084475393523734,373.46745032033755,19622.231939820846,11,0
91.1730811589954,83.32681354760865,3.8903121561559635,5.887677298256105,567.07510604769,2,1
48.34884080699899,73.3023579458586,7.343153684404373,66.17960451880168,13535.747938204522,9,1
4.2631712817737855,25.74922049118613,4.337059636282271,277.135017184784,13145.362214938845,8,0
9.34740210121383,21.53466173399823,4.076977701271151,329.14184839549733,8050.976281658486,9,0
25.288423439853915,37.55324116411161,3.238111380150655,333.94205010825453,3230.325742246019,12,0
16.01675738358403,31.619663334764844,2.914190821302189,128.46338803775217,37645.02373256771,12,0
1.4639165439158752,32.658202949876014,2.9373456433827374,177.6149592243611,4415.671717770797,13,0
39.89917944345747,28.80214923414092,2.856616541932091,191.01662282632785,34368.37028581884,16,0
17.19025656886664,38.65432762201082,4.546490780476231,161.82038799030738,10799.672288699228,1,0
32.46881907092649,45.812336466190246,4.1044553170028815,419.5079225476875,14855.739204559715,17,0
23.356943225853467,28.822513640409035,4.359381993165,364.8078932326344,23112.621140839317,11,0
98.0261705471479,94.24060275381764,3.70487060201204,36.641719799403155,333.1860110397903,2,1
11.285802611732002,24.195780866012786,3.5285658609872463,228.92329333678666,26178.588299019626,11,0
30.724960044693283,22.00316802302125,4.613216897632558,104.6655606073299,17048.979634919124,12,0
86.59348764698885,82.10886457649426,4.2742199774227005,10895.061445254014,4970286.945838494,775,1
95.56660462449,80.32590153519564,3.759026440413997,16.72405725736495,508.2969529582694,1,1
0.8890223985356283,53.34328086722017,3.2841065893407335,225.4171378773932,1021.8265463041321,19,0
8.04080570600072,24.814424974760282,4.8351153766892585,478.9223801912395,2521.8415548746502,18,0
5.3362673867508725,53.0553140391027,3.26794444465601,351.89897373048865,9981.943166549461,16,0
88.75820019494,62.75850964482947,4.899741962851981,16238.25596658116,1504056.4101345488,897,1
22.253631174807968,44.63466555624107,2.6712602977020348,78.65911434051252,43293.46569591108,10,0
6.144646176196615,39.112800562619036,2.8664101467320684,86.51640356619755,20922.645567280862,16,0
24.16808449649607,21.43546211016662,3.543083260913884,91.60547278003818,23748.064786487645,19,0
6.7205686258682595,20.256378292456347,3.67575013579487,421.2128385202135,14732.548687716377,12,0
6.71126830913753,30.66986501911641,4.097247529814523,141.2083915310128,23977.842405098287,17,0
32.20443698251921,52.41800619528828,3.623985774719083,240.15717937169154,37592.642546618015,5,0
92.98013412469554,66.00198403000135,4.553701753441162,18111.197870694694,1448415.8603140607,680,1
17.56244834363669,34.073969357815,4.444984332628238,319.38065681957465,25258.362273756877,4,0
90.62261434241577,81.45908127214858,2.7189455702596343,43.20015214798235,541.8030814273875,3,1
9.911161396815583,20.502742773025297,4.448384116606066,309.72489512253384,1605.681230791201,18,0
38.688980232880205,15.388648099071569,4.071428869769309,495.91082592343986,27499.13959149637,14,0
64.68808347264913,66.84618114450217,7.24031074560036,42.2366708560447,6186.069370309992,8,1
33.79804861891134,19.699386693743545,4.397938405711825,186.49953276455452,37790.46583196028,13,0
34.41676531753488,46.155068248361005,3.015041048627396,230.87796321773908,37216.96619241901,7,0
93.85438284201393,53.80423645398394,4.036440510488582,5908.960428647397,2868488.2617281796,745,1
19.528869284637093,40.353216562890836,4.67532534729459,443.9284122503738,10269.122626198552,11,0
53.65447079652711,52.06227431740882,7.764603833989509,11.604633951612351,19929.925555486116,9,1
11.165308749415338,44.54253967393072,3.5334118841595124,341.07402238874874,37791.64758281394,15,0
37.31613512865357,36.03247486702146,4.315653954283875,185.25514457679432,22237.032926102846,15,0
37.68914560354799,31.770806251877428,2.0399297383206783,241.77736047867484,33443.6638648635,7,0
91.00950340872606,94.48543615244773,2.1514089172429904,38.93852511283219,773.4176372915111,4,1
30.902189542002326,50.34823195241234,2.2408591774266684,82.00949477308683,35060.91504513492,17,0
24.595292103084823,35.38106515947291,2.2267524553800997,301.38151248444484,28527.34770145291,19,0
13.302983408316313,33.24484106212364,3.8405911072284984,260.4412196783285,19030.88234641352,8,0
24.148448384711017,31.818004837427086,3.6086087201745696,73.27473368900117,17206.4609251699,11,0
23.544316981493164,53.68923938493035,2.3006135498110662,471.48189979801447,26139.357507846194,19,0
25.153291306314554,57.440469876331434,3.1651948231098452,228.9897946152664,25190.893023409168,6,0
21.468050873029213,32.43810593773534,4.758787140359376,11.209494394344649,11484.956492546764,1,0
25.978325613596066,14.782648169440145,2.288310541559235,107.66316088361445,28307.567401920187,11,0
2.4260859447837335,18.832042256334894,3.6428647116931105,459.39452865254293,34707.16656744642,13,0
81.40788654272593,85.26407596927677,4.850864080071394,14855.326032898847,2561326.443172022,326,1
37.58662171927031,28.901002264664296,4.732536367187916,59.06103623413117,40702.782826138224,2,0
89.25929261640267,70.35930789823013,4.850896655846451,13914.027124669112,1662230.901314905,313,1
20.322438201546298,59.871395244525964,4.35480796530227,79.56460574094237,38326.67834636906,19,0
18.20425784133626,59.44432951545459,2.6333637356178716,244.30677217821915,40495.20441686274,5,0
18.59247510706647,39.4389161348107,4.403488320203422,375.51144101880726,37804.94095661343,12,0
38.74381242112574,12.03368606180584,4.123165981497978,274.05674326427226,47219.53879232828,9,0
7.236840627765444,50.89316562730081,4.998898702942373,472.5153767984392,19175.387277744587,3,0
94.27030529390943,94.43062185486932,3.835745238961783,13.7270927506354,881.9929024764298,2,1
31.139506756987572,10.679733589304721,4.448907943757794,195.55154178047664,24724.673151299496,9,0
11.18749080994197,32.569366106788365,2.970657753718559,26.997643009446175,43565.07497360144,5,0
63.33212736787787,70.94970649506189,7.5493927684784765,17.282639972390495,17465.11119333145,6,1
1.0468582042239438,37.95404910374875,3.488207686691484,355.67418956688437,23317.874179817798,16,0
65.51263451376911,59.71103714342462,7.42646456184908,92.73482319381431,6178.215061733312,7,1
10.448235021301468,13.812123045571935,3.5444080829890057,44.1218634386661,34413.801791598584,2,0
24.700060941761585,18.916021548090814,3.377819984222762,270.28199069074697,21028.126840572048,9,0
3.097646147257831,32.315890185209554,2.0580717616706106,306.56644416694525,39546.2119202993,9,0
21.384930468314423,31.157950689168963,3.8495154356729735,77.71318032084953,10819.855913418753,15,0
28.96964502595503,15.027883142371115,2.481975179978598,182.29651840391028,21437.992369731106,5,0
30.531335189943704,59.603402275153464,4.247479695484511,25.00378703237898,16203.75876243214,5,0
13.389905111280477,25.40636791006206,4.926817730269389,20.167599245286887,24513.251216199067,1,0
29.8631989416906,34.87429115098837,3.916653656308235,384.17449430932885,20871.187060152024,12,0
38.13090503876249,30.43779919277698,4.663370898384999,413.69322420971315,38246.46424350028,11,0
27.62648181452789,39.591417366528844,4.789238292006182,58.78068515734425,3734.143459745079,7,0
95.6548352500233,55.332507995343434,4.26259897420542,7458.76232624677,3350205.152443823,821,1
88.99036765643103,86.58215929569052,3.98986980146928,13273.502862489173,2607822.5954260947,795,1
17.957612123837805,29.77366951450621,2.2294052885504714,468.5754996752676,20371.50379100598,15,0
14.254295648042783,57.03190075141958,4.54401437114824,389.7540153512146,5883.882314121697,4,0
0.468005876160591,32.47332773597711,2.4377497316014716,82.70480608556659,18151.838852031735,19,0
30.632058020901106,11.037211870992222,2.0902787610079767,409.7573766979115,21177.554072242456,17,0
25.963446130253637,31.470995179097052,4.443500856485636,335.74572239192213,34677.73651633725,1,0
13.00784179951398,31.64578576608997,4.6179810579199785,36.314303894151166,24371.17397091855,2,0
64.76795523268319,50.41308528214731,7.9457225558574,63.48652940354858,14036.247843562023,2,1
34.733271253957234,48.76054482726584,4.54706275616185,305.8992206114724,17935.456179390694,18,0
7.2329532256354945,38.58394790251888,3.0491023050844124,81.2459564637481,16266.783591368578,8,0
86.63642485979115,59.60463204155957,4.906702925470016,7462.020755509541,4477628.621296557,718,1
35.13561384843423,22.633209079162512,4.2159753053249345,194.33061515357656,44501.990775011094,17,0
82.28315583616636,82.18429858873247,3.464669871592079,11125.981966846619,2961875.9420743715,856,1
25.481415929958303,27.490181900467743,4.486280111754601,291.6151868385678,31708.089109385168,16,0
95.07337498783698,94.8859405564279,2.2060415294390765,25.649012183771656,227.1376163043145,4,1
1.3839016866977838,58.56663392174655,3.559829579810615,331.82910668597447,40361.53265024093,18,0
93.47394355377689,94.24895424748537,2.868099144430568,9.200190334120157,167.79045761897248,4,1
38.56401165192913,53.90994533802894,3.6456928923116108,449.8762342778013,28086.39573652222,19,0
24.24308478975364,43.78808933176352,2.036307639276915,391.5211394929895,3029.611962522937,12,0
2.1534312661315447,51.619558484516226,4.406263982580569,176.68689034163046,11330.838853634006,13,0
13.610670022802175,48.65765729008905,3.396468785594128,336.39409278088635,5648.59926632967,9,0
28.94248828871885,41.15315786846918,4.226118830502666,84.94864332005953,44977.2192593185,10,0
31.90177778102567,38.33320641960553,4.315276564952052,191.75043526487028,19267.109032205877,14,0
96.54407175268389,98.67829017296188,2.990057408628611,11.190025270978177,354.59496766204325,2,1
45.08760441718817,51.84864366506629,7.725951689618465,60.164562063320645,6700.020415998011,9,1
64.46295462278844,57.1789733356287,7.566756390355208,83.22296477916612,18157.786819441673,2,1
97.4155920001622,97.07458801634161,2.672313670796039,36.16368293010366,641.6729700157521,3,1
13.002419135411078,33.60479153175932,2.343495505593287,219.52976010948188,33235.488421804526,5,0
6.078987378134517,43.56845515005193,3.3350859143382054,323.4147944304338,34065.78846110501,12,0
3.5311737693969736,54.379680629444316,3.0887038744261837,31.511789033539717,47499.47694945186,6,0
30.668066004308745,24.010587452188627,2.6681680522973226,237.02308207400793,13375.686485592072,4,0
9.269033104940778,32.108693333684386,3.3904710215949216,195.49925028017427,10821.740033807913,7,0
38.620044131076,25.91338806859922,2.744460207656202,28.389328643655706,4638.408148052521,18,0
1.36426750035898,49.538754554377,3.515557954682754,497.1199550103215,19190.424357305485,11,0
35.054741847718056,54.43813286128671,4.48075218512645,268.01050951355205,16417.1125926401,7,0
22.10393517321564,11.38289499014206,4.050186869628871,369.5885859721006,23195.631701561146,5,0
33.17548081680948,53.79885806268621,3.429050489964223,67.43890060410746,20537.391398233507,2,0
97.1520901717959,91.80833576875736,2.2271020862606017,32.94506138049452,50.389368487276265,3,1
15.856783502246138,23.297233344703624,2.5569065032753064,479.24723331021175,31730.480404871334,13,0
5.388286306564236,34.5557683642632,3.1842408299710145,385.8007144126634,32452.19295559697,1,0
17.924239321365462,24.530466621112474,2.2256465127702514,255.28357715813632,8588.452879648888,16,0
38.24094147924528,58.82784163179649,2.0827284513691247,426.3309379727312,23185.07899370653,1,0
36.560716953393545,20.118859941835666,4.47693621253089,410.0219980763853,44221.415612460376,7,0
15.887130868652592,50.424282059535535,2.0706807756801187,257.29710761228506,9895.513628979854,18,0
17.346190193232445,42.574009823794164,3.4746862193525274,92.03075294756054,16342.02666380827,12,0
33.8773629210865,32.50124394521821,3.387993190061841,487.3537555522882,18807.981669181212,19,0
52.50687574363862,77.05802622420286,7.620962373870559,68.02057486638697,15416.25487031383,8,1
3.272933162837899,58.096435665106206,3.2674739190343747,327.8561009809725,39038.382092012354,7,0
30.8810178504049,34.29186231354488,3.4476053721078177,71.17431620500528,24612.025277849418,4,0
1.8039090022672344,20.096763348547128,3.7214154686045653,273.62593305466766,21726.48700953074,18,0
37.20179954514957,50.97835540004957,2.314436191773359,374.80024527569964,19369.053819947865,14,0
21.119782362447864,42.94375344821094,2.5704099316712448,470.6271733262807,13137.575977505869,5,0
3.9651076187596823,30.200110213079746,2.351441540710914,326.8929348773859,47105.621448080215,11,0
12.982792986578442,53.636288242591334,2.3093104699944895,357.69258224664264,38567.34514901932,4,0
39.74416773546561,34.32331983258621,4.644077913745395,279.003284238099,23101.332529012732,17,0
97.39114817864089,69.52357858126095,4.087065634231822,18295.477617712073,3776828.71281666,343,1
24.724983629823406,36.92083172352948,2.6658531788537454,367.131098396613,10304.905236047422,3,0
12.637790608442451,53.04332882320161,4.794840388166588,433.33528809268904,23522.698862218836,18,0
99.26158699557901,86.80101402612856,3.925981922342141,37.24020052345573,927.7058981423606,4,1
31.86429824500027,33.254278875795926,4.026990968774017,119.6612842195235,22780.023436104377,9,0
25.27595561077434,16.431510957901427,3.144332163059402,68.60761870244794,32555.83776323475,2,0
17.26713071212446,19.91599465952978,4.339173902874139,324.17031384315476,27821.324118727036,4,0
25.368068975273673,57.43987589146896,3.1755091253235195,455.9873565418524,36700.704719930305,6,0
4.691186301411947,58.989833485454014,4.688740998894973,152.08835332405434,26386.854948054643,4,0
21.926374876381637,10.744401610877333,4.8635145563491555,232.9988759913032,17504.060066929964,7,0
31.10519050813698,16.585223304702343,2.208801214884299,218.73498926527785,46052.57613228128,9,0
50.52690529117966,58.058290235172066,7.291862041784339,92.52771211262169,13259.948828161776,8,1
26.16666315258429,46.538600668946884,3.452713741649017,159.30293607951134,4355.882934571452,15,0
13.03932183686853,39.45655518008432,2.696297864168158,335.85433185693915,13450.039921063906,1,0
99.6640825166168,86.13336010063978,3.136720632968369,15.703961158128005,274.1103127191634,3,1
7.041137355666587,46.9771554827232,4.570174927505173,448.2265938048576,33435.619757168264,1,0
0.7400615399769617,11.468502911932374,2.1290780808450576,308.4342369967477,9967.039896879403,11,0
15.588827378242156,21.664908122571905,4.065594667721137,113.02226342351152,16840.885955162958,16,0
54.327737876213405,34.87130997922118,7.047343879816074,28.726202880217983,8827.354468698813,6,1
14.552010824843617,38.766569384176975,3.5143795798700026,468.26227320595035,21360.604557597326,2,0
11.488203644087438,12.54030336167399,2.648884059221452,83.80496313655749,26482.186256228084,1,0
6.500799412372942,11.523831766167817,3.2368325086042855,79.91683333844483,19752.54827774484,7,0
24.19055582215369,46.527156725896006,3.59554993714418,230.52147411315178,14884.327129626086,6,0
31.674948415679772,40.593362023841024,3.7202433121985425,268.73816462526474,47547.56793041126,18,0
4.957784013537356,19.887909324324617,3.1158946203768103,374.00206367687593,49196.839251756384,12,0
18.087493021449767,40.29746930448481,4.200344182232429,363.1596392686826,36154.24599609843,15,0
26.776561749325765,46.24811979108682,4.235993582956408,17.23684295863781,36798.973624113154,19,0
63.494558644392484,74.82919954106256,7.869293598432368,82.1623135690051,7598.167156642721,7,1
24.829162646667456,24.343020356983516,3.9091918624825333,166.42287231819142,10011.996943324439,15,0
1.6056712747915292,49.42664207113471,4.616029207647632,112.16732898012664,25207.606459002,16,0
7.058669679448357,50.44285789104167,4.2693789822871135,421.10419133611543,38606.011276624915,11,0
39.42298266271475,44.11010976002185,3.7037988192480062,430.44406943278057,24997.73715844614,18,0
42.61698988173773,45.60321402518899,7.913511939562765,15.02649091312888,9648.522406873912,3,1
17.344464041163533,52.30563129662448,4.90711451872977,122.29444657725698,13848.192635501422,11,0
91.60277141213511,71.47359741724436,4.501853771265532,11333.16040235234,4333102.40630701,717,1
38.91135761030563,56.69442598557094,3.7605046436034373,249.1047311674075,33854.31649213658,6,0
27.453562234738634,14.322036255817846,2.8258861642561754,153.11971103467292,10549.355375063698,6,0
38.32471339367638,14.44349155196555,4.305606173585566,71.12400283293846,4887.265824199611,18,0
37.88039938660249,17.008778366804297,4.702325779047433,308.623200204136,24569.626698525484,17,0
4.983692291051711,15.658647696404534,4.948937521317267,368.8524609887846,44564.89719295112,13,0
25.730010584929538,49.02012975240542,4.339602647178152,468.1901324030946,24448.15425235103,17,0
27.61901610356084,44.21899384959774,3.0123658342862702,56.826481614046784,45204.719595889714,1,0
21.079437772958332,17.79406399023518,2.2470064400713303,385.02402945036613,11487.339655362855,9,0
21.657862274842245,27.947869188627187,2.6117568248185483,410.5904223495032,3202.6501158559217,2,0
7.639026836980558,49.55061505053704,4.370139348666722,324.0237412168504,34594.08100246786,14,0
20.530088324207178,16.83592833116906,4.6529828328378855,369.73754591969174,41811.097387364105,9,0
84.00606435318039,50.12493168671299,3.090308133312437,6493.942250270668,4081869.14358348,840,1
86.88708111506372,74.93685990789707,3.163479064827264,18448.798733079566,3679334.6513864845,235,1
56.15297865098341,51.75787118455116,7.123818030782505,87.65122331113373,19563.15244542422,9,1
38.00417497088768,17.102559066342334,3.501586208810417,57.38099783838183,5536.411284494657,7,0
97.85683130938409,81.72222695113564,2.758544473557457,48.63014810193532,905.0819798554129,1,1
11.356123291244975,16.94585072816504,3.3398293505862933,67.71904704338559,20694.698126803156,15,0
9.491211324280844,26.487535765837585,3.15401343362859,182.49192980343872,16614.93110284857,8,0
34.74247950865631,56.67260295270799,2.2409506802778854,179.75335390067943,44755.22568396784,11,0
10.050472308387528,46.02492236804089,2.3209081858371694,101.29585035475938,21680.78298817965,18,0
50.95602273241121,75.53651539663272,7.638355931283813,79.16750013212746,16220.541654563558,4,1
18.206952333931945,48.34693522787134,2.593933320440092,192.30203628118505,49183.790700170175,19,0
63.11863657003954,60.67090437127378,7.139710418766948,29.054349441610412,15175.851653626925,8,1
21.702245576819607,37.69250000724514,4.018211999767269,361.6533648046899,21205.346380316943,11,0
12.713197539890292,25.340828862949774,3.567974978902419,14.471907982863168,1058.5303224405106,5,0
3.652969206446932,18.140484278343912,4.21993631950021,155.36898028150037,48083.06607422548,6,0
95.57111248041392,82.6925954647125,3.11722805786989,14272.07481658498,1457844.6406335144,856,1
38.4341545788334,76.78402666555368,7.919125197906485,73.03437834509111,13532.779953994606,5,1
32.084759964850356,53.396858053332295,4.00623767819141,135.24653579314017,49347.10030461805,9,0
91.39939907342084,90.58580935953668,2.7773700005459085,23.139590764319433,130.41960773371176,2,1
45.460016651374914,64.22641312317131,7.942089290209996,87.12131658572099,18611.06696258363,9,1
24.810004959921322,23.05361459893114,4.782772546483358,296.99010791745854,8083.456310051453,16,0
34.43365216332079,31.010937331466828,2.2435205189693295,87.11024709798332,4977.890136341492,12,0
22.191199738662387,48.42249252824143,4.327235800162777,34.06477313017489,39867.100718841284,19,0
6.0700968230493,55.790942496926675,4.822585284750854,295.83600918344143,9004.89223950921,12,0
61.50221753576368,58.76999974712027,7.328753919302089,21.75391408265496,7261.273472519957,8,1
4.808757706311746,52.49942482169901,4.013435298292138,273.2211095753159,22710.765435215137,9,0
38.005367612545584,48.96058488395427,2.957753911665928,276.9727434352714,7688.60088390668,19,0
26.459037517016935,25.782289700284842,2.1236157824883994,171.6195098213767,28478.768319748575,17,0
96.80055680577988,92.7298055155953,2.7633271137916755,42.92410648234715,80.89317032499955,1,1
22.541739546472556,37.336520913025836,4.093316528172048,85.67144590286803,40066.33211657327,16,0
84.61567028469682,63.32987965154041,3.7835324428836237,16363.229206004908,2177650.3115504663,282,1
21.869468916037814,15.538987679870221,4.717152659481644,302.2990038483909,7362.133276472787,14,0
30.768638664397066,50.03541159763005,4.891468938202718,444.7226655027286,15796.283651900168,16,0
4.641577159620476,41.45141673230046,2.6108222770669043,380.7268288986004,43933.07526559743,13,0
22.189003001503075,20.5889378390618,3.41444858752697,452.00453960345027,1378.591748619795,4,0
35.21967923902415,46.7777291340218,2.9065429942833267,443.1079938379864,29234.276059139713,13,0
97.1779427651248,98.0506688040036,2.9103864710338048,36.03921253977019,770.2501858779555,2,1
30.343843120724706,18.307878111173743,4.25669491040965,398.6504978019449,31702.680336190813,11,0
93.29724884259467,60.412045110473215,4.571593245990215,14764.554994264983,2612980.1270077107,571,1
39.060237642689174,25.220058407288768,2.137676400457238,307.8978269455781,45399.235057931684,6,0
18.19769015975146,28.137594538239597,2.4675551318708586,248.27846379658394,22797.813873284606,6,0
24.971740313190676,52.11483352602022,4.723292162906445,288.69691037582254,17080.527154352752,3,0
27.46575833892523,43.61613543405998,4.202281271543196,206.80988202163772,26762.476932761583,19,0
0.606562198338132,53.73565078247624,2.333499066721645,499.5590613421872,15916.115542861507,14,0
16.118207368475726,26.701698073513384,4.203446174718166,148.281100010537,42161.638124683384,8,0
1.0413230442751242,49.74904305354367,4.483808829095913,465.69180685023264,13528.63543990273,18,0
92.06590452093971,87.49007225102457,3.986702608129674,13635.541687200828,2101384.837935794,581,1
9.818132236840448,41.48612532050234,3.728209783604884,176.55174020304315,43661.40154400577,6,0
36.3871198474326,58.35616430596029,7.7963453990064915,53.969583026380626,5777.6573387318695,6,1
27.19333574606383,49.43939925291949,2.4199181417913866,74.79541069744688,5356.96047881537,9,0
10.215961855094967,30.129075430957684,3.4536549930903417,460.7382016689179,2369.347504270502,6,0
98.0746679242592,59.631397690315865,4.040943337405119,17478.933882307712,2867372.554433679,661,1
97.75858931714558,83.05198915119603,2.814426520576572,34.46625821349022,406.6768895491003,1,1
11.153359285475034,45.08834471322665,3.177898185920421,17.55703202790425,27173.126925222674,12,0
83.75120049431358,54.66156136425671,4.975360418447657,15208.723436820777,4751938.067476751,454,1
17.959026711545256,21.28221815600208,4.579370373702542,159.27569217261356,13154.649192006298,15,0
4.907120164201273,41.91125527802744,3.4787504579117376,409.7647303459902,19637.39236245626,18,0
37.331205700246876,45.49589085277297,3.053831686635231,171.6837351426066,19459.29971131155,16,0
0.6592505043297248,56.598376950891996,4.035817796826886,10.46477842850884,47373.62191056235,10,0
10.245487412481609,49.75982303015107,2.9229688887853147,239.81777530684883,41276.389332771374,11,0
34.730900781478994,27.44407024729068,4.728107321109831,127.20372454720021,15828.830586540378,1,0
37.14443321776621,30.719184273201417,4.480960275053919,267.79349740959555,28133.71688275385,15,0
26.65152063554164,32.900585160564816,3.9944339543764897,459.1605646182866,7442.918692520175,15,0
16.39809799015652,15.390481774498667,3.8883122043720557,222.76918599165055,1766.411220187497,15,0
9.167595639782595,46.099588492479725,3.1061605440085898,308.28272642080174,46123.180374688614,15,0
31.875555725566386,54.77107063628967,3.9068036612428223,475.38683771698635,41819.152996224926,2,0
5.376872841752958,29.0151373578362,3.3493696085701563,74.1883563271578,46255.3085030356,14,0
87.7653077988455,57.52895503598323,3.375388429248947,17858.191037993704,4905660.439324452,999,1
39.61164803557344,40.849335829673905,3.538517424756625,221.42483215841733,41234.967251975686,11,0
24.70447568652734,58.00476081770101,3.4962226498712585,326.7875497639633,18342.798734815133,13,0
13.311060137193916,26.849031951365625,4.789961626881105,420.9389907787738,32772.69059962657,19,0
25.381100167966366,23.439350557428966,4.847115520771172,385.96378585831195,16181.723053970252,7,0
95.37326096848294,94.3574427251177,3.6389279507699124,36.71803336653336,455.6229257408193,1,1
28.631661691082723,33.99225773136553,4.313565582220541,458.4450959451458,31980.890629383346,1,0
9.32580519101407,43.200489920156485,4.831721608949602,387.2712626741121,30252.550361958525,15,0
96.68774217334565,66.08340482617933,3.8222168013445854,19367.912016541988,4496955.031483522,483,1
6.660639173482843,10.658381904172911,4.608560996556278,142.70432651891812,18133.339114581573,4,0
97.06185387669272,85.43350558627462,3.777009966162914,10729.58853494921,4693859.630451944,707,1
39.981127827809146,31.122569820425692,2.374686508279645,388.3367090537861,33590.45258095027,7,0
80.77943005740056,76.29256815341427,4.614988464507028,10247.478174757309,2101256.451265665,817,1
98.04921501866599,89.38294335267116,3.5884066750865475,34.70424794389808,895.6433672811359,2,1
15.62047966629461,13.541578422418045,2.6991427084396182,203.72052392670668,11077.26367687461,19,0
92.6651600911523,98.91157874075438,2.400545659654541,21.360893722969966,465.98126117073025,1,1
7.325967303619358,31.91267580472137,2.3559464600946343,279.64313442092043,42912.662348371654,19,0
37.83069292496483,40.32261480664937,3.3250068864694757,452.101684176253,31056.409819503708,6,0
5.353721858189742,58.89906860383471,3.6023132352266494,218.9383600639611,39650.20216498703,18,0
21.59657770530824,23.568395257795522,4.6462860781959385,285.68725443724986,48113.64117757221,17,0
91.17260873186106,60.76458054112725,4.092177806196965,14915.000291008144,4323379.985357693,187,1
37.80306990040004,33.87532395424286,4.011443260788195,356.1578531767426,10691.742515367952,8,0
10.43282561191512,32.36944063938174,4.8615644025955405,210.413959544889,5075.827514417166,19,0
27.802938133486727,33.51808377539574,3.395712491168755,22.112701723458464,43888.12445325272,3,0
18.68645809112939,39.90725846723254,3.5497180464519444,284.230406135175,6840.967594477363,18,0
20.81135809603659,31.574597935454605,3.4543292537464576,147.2333031224852,31715.765602852243,5,0
10.109902248269623,12.27942868511543,2.2084396739174026,272.7925982731331,35161.91445671417,6,0
17.362412101392287,42.633967037717454,4.7589364070502,90.43402880010449,30311.30556468109,14,0
26.649144347497135,43.23407001717421,2.211043340088283,407.5837622478571,2013.540655379055,4,0
33.75561253720372,11.19409547107513,2.156158624102998,152.14321845086735,43527.09571692051,19,0
34.45366293839855,32.225102902591416,4.547207845684793,76.17258257842367,43319.534308826944,1,0
41.14063939758519,75.14332315121237,7.136336086994134,25.926455852251216,13590.24174280031,6,1
15.50260450033582,44.691990220044566,4.848589236137078,457.1647681199342,2219.7586506446787,12,0
12.82835093612861,14.42107660507327,4.381688261107744,89.07495517344917,32563.349289602986,15,0
56.564779072763656,33.892605430605684,7.632618553468338,16.686020543178184,15355.300872136884,7,1
22.16651247365275,21.982960032178724,2.315334635972395,336.3693139909715,8783.546434554035,8,0
94.72498055655598,71.1250127534174,3.626357846686304,7066.288888430651,4172852.4851206187,678,1
26.176443679521423,22.292492652737167,2.5105269508952968,234.69528954110532,31149.89890926342,7,0
97.17014782640928,69.08036199173897,3.4641545925678434,17607.232555450715,2390571.7111190204,614,1
99.1330168185891,74.03026499809036,3.1323902785835243,13210.709607027386,3410697.846770167,426,1
13.723557516603542,16.31381578387899,2.107815673425045,69.8897405359716,36579.23811433134,7,0
19.977435477193524,38.78105195565351,3.6027698911798596,92.38570421926468,13407.060747851316,2,0
34.1763367060899,31.77597620743221,4.577899411764305,419.8898931320047,43578.41056270808,10,0
25.005913689586574,48.04554914489154,2.448041241629944,458.67402224174714,26901.766003921133,15,0
34.20286281829057,53.120261109101044,3.427949968951884,23.62530073940287,26882.71914531856,8,0
5.880275556412231,53.424061263097045,3.558657934580341,86.48146283039246,24007.905689791976,6,0
25.324539289960356,32.055119807595396,2.9357270659895915,392.41891021791884,28507.37305102826,1,0
12.053759244481448,28.317552922719006,4.607753858641547,224.557560409828,47466.996358942924,1,0
17.910622506522976,50.18073253218953,4.861942050996466,303.4448704926661,49179.17319680163,4,0
33.52396599207068,75.37146070115173,7.304946638631214,37.92418057231763,12390.566702466775,7,1
18.611990435096146,45.424787297606954,4.199700144005176,52.4177400938743,13061.250785858685,3,0
33.93162778904051,55.078446948171,3.609949992708279,358.63879119410126,38276.48562920351,8,0
5.610427962159541,24.81615310428745,3.400755448905149,273.2989855977985,19052.75547805862,14,0
25.600820959950532,54.29154795143592,2.043626079383596,489.7435251266309,31626.3373012785,19,0
28.788741834679445,52.11837081557277,3.21889648046902,257.81229801859433,27069.37844995482,2,0
2.456808925393612,44.86491923476841,4.995404811403658,492.38594543204965,34109.12867668137,2,0
15.934653998628946,55.73134030722058,2.163620793841754,120.43771587042451,26971.443988945655,7,0
37.93472392487552,44.05795989862118,7.0294821110675265,18.762535617492187,12901.444297698761,7,1
17.920372466872635,25.034751458692924,3.517834207879847,167.88849466247038,24917.51866209302,19,0
0.7702645648466033,46.00481232088484,3.7750426657165796,75.24081680314357,34143.99928333054,11,0
27.65064332625775,43.69722308787882,2.223806040749666,281.96379713731926,16958.160845440627,1,0
5.1708155294915015,26.62651216571087,2.5853976971511083,206.70113310537317,21467.674456885976,16,0
49.47923392412516,52.46536479818441,7.573955429607322,31.621953487098704,18914.99725906057,5,1
33.032229053401274,31.079620763122374,2.218785634961894,274.45526118732164,17031.96433371996,12,0
21.532764855334676,53.61613565445571,3.3895540507115847,461.9688608822315,45461.461821234334,5,0
2.5919205685121405,23.504706809167523,2.8264893780166696,85.72844472866613,7509.194288498074,10,0
37.51637234658152,22.179474389045232,2.812235149839075,256.3366994569575,21930.48813535659,18,0
89.70528758368305,83.39122180064854,4.075416329564186,9524.942147267528,1887700.456138602,676,1
15.939980133252174,16.70763452171449,3.480425467938498,460.003279361753,47596.92574438677,19,0
28.09311516709007,13.640576300588123,4.982280480992398,408.9251820441766,35260.09948390116,3,0
18.578841343888925,56.700090223252104,3.8661108096942827,411.1270933279932,36001.37994810255,2,0
93.50351583308809,70.44756756620916,3.8554437300947786,13296.29808586857,1868364.33082226,247,1
36.95344975619048,45.97738117768377,4.233922508669801,139.1053483613716,27297.05876753962,15,0
92.81486065353123,81.5330823113873,2.4719994606624267,32.20762099638079,754.1911905828345,3,1
7.9373779151169055,37.96765702496751,4.233931378755028,159.1450173362175,27295.93810140637,3,0
31.813570341883267,49.04632474628124,2.138150467722835,75.31981487051476,11739.076403105531,2,0
24.153598684625344,18.29454312978013,2.1640397579648996,162.07314852768891,6499.1211476322305,3,0
15.195531960679736,22.28647541790897,2.196895785784902,114.74736464468833,16501.493010219085,10,0
34.04813996712763,44.21297038203403,2.5002039891697705,415.86294736992636,10391.097609205504,2,0
33.51192954738982,42.07124247624327,4.466273323511491,314.59282265336674,34233.09030612876,4,0
32.247151876245866,37.06143183723887,3.1374843065313667,459.098724015273,7881.599619668613,11,0
17.5510226236683,45.613328003758895,4.2805334219793085,237.39479990582814,7496.496078285606,12,0
13.196858376309759,51.6372138516072,2.1010833434967786,406.6687591931916,39098.60779671134,9,0
32.03377555300058,22.857363472436433,4.582883690355192,251.07330023788433,28055.349062370125,11,0
15.98919523823444,36.57824680651661,3.901140103592068,434.62892897414304,28193.11707630354,15,0
19.627698441648178,48.41933512286588,4.079315589399586,307.08245098718453,7642.326055737563,15,0
14.658083261976316,35.06323590287072,4.050911735234532,385.1951766469462,17130.847673584158,15,0
96.46106003953571,92.68106239049163,2.0841723905528218,31.591737926323205,164.55685477146042,2,1
28.526492125283568,12.617603758760978,2.637221409186802,60.94761385776505,36480.41915847132,11,0
33.535854078048914,27.389495233817637,2.3798875454024713,382.8059260799714,37136.27413304185,4,0
80.57192684756298,77.75992882300979,4.705510744854982,18722.13397576871,2118292.580708688,858,1
17.59634019261254,26.84854584225821,2.422780064436645,373.92424122088573,1494.0932138382425,7,0
7.992214549137033,47.596385657615386,3.1580897285325062,84.54390832766987,2264.6925395553862,13,0
12.060118915350797,38.67683996121292,4.582603796477446,93.0691907291264,3254.328773592762,3,0
2.1637860192457703,37.339058945245995,4.20984376435395,174.89508939182025,7391.862949953741,19,0
18.17094451306776,47.30741343546205,3.436001036504832,128.30851115114825,28702.554191371477,9,0
33.770504208398116,14.68187327777515,4.344030846063543,468.04972571013496,9775.215465998437,17,0
12.29602863091738,41.12180365751156,2.127812593141969,201.4493720791599,28074.934124286196,2,0
92.71565166373426,90.63721012770395,3.499232710479675,18.452671034933406,39.65070759649747,2,1
10.512334002071654,20.448752456694443,2.369999797707847,291.98775320071843,32365.141825625382,15,0
6.85149112310063,49.44712195635382,4.409474047851029,324.5583378079077,8145.169041453464,12,0
17.694190690944964,49.18917148594713,4.500122146128794,24.09425932933261,33465.89741847018,5,0
4.770372426188789,22.757786036269103,3.746358156184167,470.70552058894145,19421.335941566464,18,0
34.98927839570321,56.127918823424956,4.245364058376962,327.1418555823192,9232.028546715357,13,0
93.61816155930501,90.93708641310043,3.2362221409135303,41.52819126244446,905.4102045275769,2,1
36.53671100105578,51.821844130141265,2.5402311505329704,392.7365027903097,18442.032466322333,6,0
25.987715535181472,44.0702314177272,4.4829411984410585,372.3407205075996,39297.77799020204,6,0
32.10267932904817,10.13131648203149,4.823471733584656,45.67891085916706,13438.688707553709,14,0
33.418479266245065,56.96918017688274,3.3471923686511658,341.8824527809947,9947.975291244134,16,0
10.62105574022334,23.824679309513535,4.779710294868365,186.6247655419872,47952.09971188753,1,0
92.39548830977044,94.3551092505611,2.0895818287740475,43.30956432847222,20.548236176757495,1,1
90.49313810234791,85.68235315168994,2.0731964527777693,24.401767475405755,935.7360366552479,2,1
22.633783082157834,21.94027392019565,4.452614105214705,139.4249149240378,32006.274336002036,6,0
65.20653114294387,50.462672175396506,7.219536373860977,58.17273010625688,13832.457505407769,7,1
97.6998558140728,59.29072959820633,4.808711974875339,15278.515528970507,3467236.2845634692,692,1
99.86555068985716,95.11418413600549,2.0088161620249334,39.25466484672768,278.1279576879446,4,1
3.2835394848155453,29.581715968220227,2.7610453174909577,405.2701443043116,6165.38456209057,12,0
93.87532606652778,58.167345243396355,4.239044966560578,8824.376389510826,4023254.7544927467,670,1
2.1541666799433035,36.80719326109748,3.8647806809431273,278.5540230075321,48547.87940733446,5,0
25.96282039860081,44.52920192798936,3.7186847209326097,401.6435510579917,37861.95706834076,16,0
38.666735201068285,48.43501697401232,3.718820609689781,471.4936258481764,45015.794077455015,18,0
5.6865887127764125,21.899473964523068,2.8814960592582337,42.012574452862964,29283.18117488477,14,0
30.270797635348746,27.609535751415756,3.3572638372058794,414.21152557836035,15451.733873413315,6,0
3.5878418116440214,53.04020617309464,2.9564352534465637,69.76840037223174,22505.069442312833,16,0
3.8188085443322306,10.19325435195266,4.904496200710967,180.4021966533887,30589.000066112356,15,0
10.92727999347571,51.69854964553962,2.17427307316479,256.71685817012263,35991.57531101499,16,0
21.10608481930555,33.68344123073327,4.969449229409554,219.74895345023432,43564.07582802151,18,0
31.66053927680677,43.99486796036732,3.625588386794827,57.07277415522384,9114.914549494002,15,0
12.775606106249349,17.761696953446773,4.5969348123955935,39.48321856711057,19609.884359497828,12,0
3.7210336977960567,44.54408513526719,2.3189487815711813,30.320810830809585,24937.65308360627,15,0
15.607938384739516,11.945327883900932,4.23317386610436,428.34708127539534,38621.34691843772,13,0
5.068619906481939,53.33315017238027,4.489427227500213,248.39733642054162,10840.929303563307,12,0
22.48413944707371,10.928879833023382,4.804541135491501,198.23976269559324,17542.645288908177,4,0
29.708598199936777,44.91244085809833,3.2032824764919456,306.03590876895595,9236.388086803408,10,0
96.48024715582744,96.46634931436289,2.2644005992062075,3.122097256932382,610.137235352224,3,1
34.7788310424057,41.51287294522903,2.0776317840902547,342.80394457196326,20266.977583626394,11,0
17.183414195100248,23.8133682909099,3.3116261768343414,367.0274471472521,48996.33169108724,1,0
47.1513985655363,61.99801919144764,7.298493926836171,84.4133954814705,13687.543670471588,5,1
30.184372805493894,51.38347593678722,4.803767318148772,88.64694337253695,4411.602728264727,2,0
40.44208558154514,63.54000610434728,7.612992352272907,67.33068498258771,9050.372728773413,1,1
12.4548067679377,57.2262952767182,2.3029046634296577,262.05596928292516,8903.046569781438,11,0
32.798530414304324,24.119198041733043,3.4921299335111704,284.14599423350637,34595.29790712225,18,0
7.856183495150688,15.675836075609109,3.829761316260097,455.6166593790907,23530.9850416355,5,0
62.94249154255833,43.53147221322858,7.177429590938654,70.43003308159957,9405.037796938832,1,1
23.95581170151523,23.02373997058445,3.9322610469837103,444.5230834747681,43283.259018599165,12,0
27.19185980490427,35.90975700788006,4.660433196121996,15.276633167534053,31285.081189277014,17,0
1.2437694964348145,14.26357002477802,2.629444645069722,177.29371143948146,7370.122958950696,13,0
1.4917826039896154,31.029503841385083,3.415782611019753,495.9473820598122,42842.64468715465,18,0
90.54499125166623,74.67433517061687,3.2640004062809833,9637.280256786551,2032052.1046470813,749,1
67.67799821118884,48.312895097832424,7.698647818476218,94.02663274236859,8116.001454738603,1,1
3.2871530975436736,12.891416377049538,2.269007583466074,359.76521529695333,48984.66153916964,5,0
92.00234103894948,88.89538070498772,3.8675833786798504,40.48499757284367,637.0632045492539,4,1
19.257870578024363,54.35083014156056,3.97992391193858,36.10955434456665,10003.740833940477,4,0
20.423459914692565,53.36964317877498,2.5541795156909264,291.243926638056,35088.664123414244,17,0
38.05359351194311,44.62662430412751,4.359763588970069,270.14511364261733,1901.463632582531,6,0
94.19975113254591,82.4892583639968,2.10418701011119,33.90989158753735,915.4227033650307,1,1
31.633051269440962,42.978511396009516,3.948685333634869,460.7459375802901,41149.43795218484,6,0
11.53191995554299,56.92771150211274,2.6638473284466215,317.09387656831296,17017.458543706798,15,0
29.03555234080031,54.35198215473958,2.147155516126827,481.205606177461,45325.00062230781,13,0
5.6949671193863605,12.929966890716894,3.2523981877780948,18.829448112878296,6142.946806178383,8,0
28.142879001345896,53.80938277046655,3.905656136478556,360.46675868376576,17655.718845431304,12,0
35.96193476357162,49.38233174716898,7.756191212377425,13.048648538031252,9928.916615361384,1,1
36.93145437144305,58.74401692322901,3.723437228634477,365.8837177581003,20575.843013655125,2,0
17.74646748452874,36.91391273553624,2.1544388980024722,430.81965504734455,47686.91892951163,14,0
90.61987637298073,96.75735900030625,2.699573293184411,10.199347140131415,611.2994565657333,1,1
81.57665710231964,72.13264920741327,4.552001170858263,10405.058664243741,1790488.8409959478,682,1
98.84351470770225,95.33904809802695,2.5929851442926655,32.86799948186213,305.49217864844627,3,1
2.612936124846583,42.56086008496345,4.6645727512411534,358.02121298258976,41072.60368500657,11,0
16.388156622425836,56.078820809754845,4.462858545715293,69.09101394603718,35614.32340573207,17,0
90.14818575254631,69.63031335873049,3.884898718954327,6486.519617474839,2268771.9266288234,796,1
6.113801119614473,13.686154648727463,4.752821405701626,153.52225870734316,25118.551588319307,1,0
97.43330412467115,90.69747861803079,2.1606264476162487,37.08765360172216,853.1398167886257,3,1
61.78797628000299,67.1495659833476,7.810185499381354,13.380630742353837,7355.362664679541,7,1
23.987081690296918,16.512378666623235,2.9257229780343366,445.0697449075274,35056.1710640081,14,0
97.49806867403946,94.31509499563992,2.630948782190793,16.174600976450215,733.7239517585283,2,1
89.29707562852815,57.885240682528035,3.3122996683225825,11815.118140620487,4454766.214569813,551,1
2.0282305296493597,37.131779260013666,4.3604986756775,420.4910907660384,17314.584520890414,15,0
92.0633495677194,56.55468770780275,4.480786333991408,14037.580986079436,1780844.0368599347,376,1
6.369497250855076,26.83141030771881,2.4614197493852084,99.52880299950792,15218.547449874935,8,0
18.16198263449486,17.634967798910424,3.7470824841929815,373.7369753303868,42269.95458631582,4,0
34.11593319677787,35.5901614615535,3.0800342989212326,31.9090634297121,6883.287449165602,8,0
31.395143458051354,29.2588093870664,3.0065965194507287,93.2004245177351,26343.184167156523,6,0
66.29027641204095,43.00120740517522,7.801646561787244,29.136084775574194,18202.865516089405,9,1
38.39794091525337,12.542592625275075,2.354526277438357,157.04597822533674,42253.12046964256,7,0
52.565138266733314,69.42338558858631,7.251755320457111,97.5539598703746,13781.436606872785,3,1
37.316657260433864,10.476068456033374,2.9501746246568468,264.1939013776233,37653.36669145616,1,0
29.243838502203836,22.10795573261127,2.7746184013968187,303.6424234296575,14950.136904508854,9,0
92.6757976410086,80.66462467258016,3.8407607661470937,43.4009731335869,681.2682676385082,1,1
36.72007602457556,24.9924899242081,2.79628057922361,130.12204692207672,45611.83446716306,12,0
90.9500804007235,86.35010882514672,2.3437952424757853,32.88056223142727,559.8905321536633,1,1
4.789527677005587,46.26236794701479,3.7344780363526473,86.2198531996077,21884.314621443737,19,0
92.56550774966237,87.7813268336541,2.8844049425162863,28.871463562138082,88.39070913456904,2,1
98.97890300033436,97.39555988922253,2.2644768368483073,18.462597402116792,458.1923525165047,3,1
17.112484919100588,47.28117817695896,4.647275764338893,277.09430520338424,3649.826350594212,2,0
96.67888227268507,68.40625483381567,4.331005731914139,8495.031495715684,4102796.0513996826,898,1
3.880284481758256,17.67016183990506,2.653138901237924,481.87590134170335,7913.340843244739,6,0
20.16242290029902,47.997795008671815,4.693156473860709,256.459766043103,42021.59871111505,11,0
91.73431056050872,84.2422734116266,2.9766213968983624,34.08309990575831,439.8387993584716,2,1
3.988404384995685,41.06744471073882,2.0569775970504587,136.8319633718071,48906.89849643695,11,0
13.817453130039947,25.071191018219338,2.428259709818011,161.3947559258729,9738.433821936285,2,0
33.29340963930954,39.570533500834614,4.022217622732315,187.0667898769756,20595.186039585245,11,0
26.470534951757536,29.422133120642236,4.570865740700407,90.824494095879,27890.252978074703,17,0
92.01032708974651,53.53435932952143,3.6540201907750336,18747.204462309834,3623757.2940706336,400,1
16.08956340681201,11.41307181381215,3.6387820726624587,415.98458214781994,44874.87895778264,8,0
92.64912771128792,82.27827191087273,2.730235774793197,15.622167414419714,149.5839043241868,3,1
48.995896632793006,56.40474697250929,7.084543153880324,83.32319769538233,17195.88264638985,9,1
10.238290255628781,33.13119147618366,4.650633759796671,65.6558896001566,10823.701095982475,11,0
86.32778001334454,76.02827761320779,4.1277498681718265,14482.301799348788,3618056.2106491565,397,1
7.1263872004672635,34.358595446627874,3.6433814215261,149.68777841497143,20946.394533966435,3,0
39.8588589422365,32.305776540543306,7.590346159209172,89.52862597137707,7239.029302651681,2,1
21.32982077519462,21.509819482743843,4.581902549845217,90.11370512430994,49971.23827045259,5,0
0.29905122547780216,56.92935427227668,4.908648813213899,88.3789501268949,32465.59658688398,3,0
89.00502847631506,78.70698977604938,4.339438829547956,17841.43785940768,3108524.168391637,616,1
90.47281948152661,82.36653716161189,2.1078657410909756,37.26513192514417,3.275193443514568,3,1
3.2716926149700543,57.6748697002826,4.128745926172041,230.6260707141856,37051.25538816336,3,0
11.304346766247694,48.99381502009575,4.9592728193710505,58.85034606744339,25689.772285741783,17,0
11.5961194920637,37.38600559006649,2.3671372898771965,362.07253676868993,18894.257149636695,13,0
41.20525781013295,48.84139893579017,7.75595922772073,48.70056512902336,6597.594027389615,1,1
25.979911590428586,53.15306201066305,3.3973528145175615,467.6015494831124,21090.60955762797,9,0
84.16024468301865,86.88138036111783,3.235882897865916,12609.62071941363,4316322.41313876,942,1
31.74703409524866,48.010138811187254,2.4421573191692856,497.92928895825145,25645.74265493124,13,0
20.064261258562865,54.172339078438796,3.755875566403094,150.5119675206837,11217.856169769018,4,0
32.259706857018216,47.228575037891005,3.3625787778773937,84.09726738731234,18535.395707323798,8,0
34.12703440877435,54.41117640962444,2.6308693433181567,82.99415827610134,34629.84090039943,8,0
95.78867907996705,56.91361631885052,3.926494513117924,16840.367031863265,4315906.1657411875,648,1
84.49250572242482,59.1815501861744,4.947423326605657,12825.804556753492,4488591.801335216,378,1
25.53116536170915,42.76684774435042,3.9612714680435,424.1616362300876,35119.522642094176,17,0
27.425236964189953,51.69311312352151,3.1271246807537336,254.54330116377193,13746.651933846762,16,0
28.4510209588993,53.03471172050964,4.86769951318637,276.2114277529556,37263.782766922894,4,0
38.058736619386416,33.101744081423064,2.9002996833949526,226.82569634181357,18253.017748485305,6,0
91.70533638479749,99.51915043694707,2.699898496849232,24.80983384527261,838.6469281675345,2,1
9.005345548719399,59.97686963420202,4.691645634994467,363.51364264049573,33547.30643736797,7,0
16.407653572425303,47.46763115245698,3.995488101551362,353.7376916502162,23945.765023691976,8,0
84.16735489681632,78.92059077459521,3.738434744240099,5907.81774694715,2136197.9767093332,193,1
27.848134548406804,44.05441775414274,4.062245326200236,486.15964910390943,47472.44232273108,10,0
9.776415248758434,37.75432490926249,4.378948702211527,334.15222135481804,19633.68949336061,5,0
14.091587592519534,11.474414749210561,4.059521717310342,47.92396100810402,24223.520880664277,3,0
30.21864303013289,55.18664486591787,3.5965577422292183,108.88943509671753,3408.316845485706,3,0
25.14338524260062,34.3146252355471,2.8890958669760223,251.7428694842174,29301.552917324592,6,0
85.07275898576906,84.79677216900032,3.1750581385156025,5167.28463904188,1682678.1691036823,132,1
9.292512044109738,31.02715576418731,4.54694822291495,186.7360259461335,46597.34719978729,7,0
30.612322300211158,53.690207196657795,2.3419307728183765,495.33220822273955,44558.677246216575,8,0
32.638205455844385,58.19420763134731,3.138394853201722,215.56316757475142,28091.41953289069,7,0
92.46007919270149,87.15883163081116,3.822816725914918,42.480542742707236,702.3148440204346,4,1
3.160293853167775,34.669995030730234,4.84395916508924,281.5519554660021,34337.271889646836,6,0
14.221595832455552,44.67187718867343,4.59032909296517,126.6391405591507,9266.033988343803,9,0
26.432988512612244,31.948601065367733,2.355330989899337,18.875284076424645,14855.682990429726,6,0
98.28667816349464,99.01109970994554,3.4891062799094366,9.241019159287283,832.7454236690077,4,1
92.12458590869248,53.261292158509754,4.256160640788956,16913.801290675794,1270051.8023011223,219,1
90.60578004502827,63.58578974921953,4.348134488933893,5011.816323875006,2653330.4085476943,226,1
16.481705831044543,46.33074108994933,3.2598361954200987,325.4260324160162,47056.474247966165,7,0
14.329916356692905,14.427134605823984,3.59068995395047,415.0682901156798,1394.271887700821,18,0
37.7093327456948,36.21126515058383,2.786252693472696,49.644319985711874,37075.23848425256,7,0
11.736520192056483,24.46625717493456,4.119125055736074,84.76046312431316,5420.981377466966,10,0
94.425167048181,90.50785803561132,2.9075198998282143,1.0367575229436876,304.96046414233,4,1
9.343100355558516,13.78943744060839,3.88750204538761,180.26373435582832,3897.001960547088,1,0
94.35187649168816,99.09432544284493,2.1098279369453476,28.332395588645653,933.4683548079643,1,1
39.30105274078995,26.332691517826163,3.6860221329241423,213.85696094795063,6549.016233000214,10,0
10.755312468002618,56.70218516645285,4.890106137659995,137.8259662716474,25890.893763164873,5,0
91.41658561261896,95.61448945793755,2.899168598632577,36.02316351270802,467.28640124417075,2,1
90.59024634887339,85.67831096695205,3.087282107928293,15.610933662217613,780.7789582334376,2,1
13.607654473926418,46.32693981594393,4.109317995477805,257.7469882147975,10609.338615949742,2,0
44.29743384495638,79.19327797841605,7.31070871775929,31.82127569651247,6223.0864345180435,5,1
56.83925601358699,41.21380480055672,7.234976933941812,96.71940702900731,12813.314730397007,5,1
90.82006190148874,81.93424390190964,2.847436052713494,3.82209340252877,290.7510349985608,1,1
82.27284051425728,50.183426033234696,4.249506156873906,11315.638831088349,4907494.724768627,525,1
12.872594932694472,42.66368165911315,2.0116331214902092,443.94581420009627,23118.582080293643,13,0
37.194291904876,43.56641817648367,2.4821084791587187,452.24195374828327,5057.916843736467,16,0
22.760400803546403,53.90255614640256,2.7323180343870663,116.6313593758631,27598.817872944033,14,0
39.175090414681534,13.286616957992184,2.5603908385909877,49.4216488874968,48571.12418692136,15,0
62.470202366063745,38.09680148302673,7.87481185203777,52.913910157074234,8184.213467544307,9,1
27.44242774914568,15.922762850680568,2.042240805950028,89.97905730913969,41260.40680221934,6,0
27.67747032488332,25.79871822030656,2.2124295595090997,186.77622282235438,5555.233790138585,10,0
36.66529772071107,16.68982382949804,2.8045396331794166,245.55254433982617,6083.968187994322,15,0
28.706063704994392,53.80809897649822,2.874616861281584,230.9772582343143,4192.394013164086,16,0
63.60689300394852,45.45722724103941,7.092854677787613,15.57452384618123,17649.334917034874,6,1
36.91407699162971,26.15323935798002,4.510790801233826,451.2062274631056,1700.2098709516154,13,0
91.82442689277535,80.73862863181466,3.6880350165188127,17915.027329535646,4685730.6456691725,908,1
8.226361652232605,19.36668706144689,3.252443537647615,53.41444677030313,2529.2467166357255,18,0
1.8788494305465608,33.01793738685059,2.539572990391112,334.5432348688993,1081.1487660535147,9,0
10.384109449879432,32.939169853874674,2.8993927399071744,410.0641208112004,30830.55746638931,11,0
30.699462241972768,44.05917173743507,4.996222508196212,17.502207966879325,32513.134289591628,18,0
53.78004454016514,59.53692001343663,7.151848100012353,24.09887722340219,11406.18208790553,4,1
36.891355527564556,55.31326055337404,4.927575070262588,187.93219984926367,20013.180611579937,6,0
98.71352898574922,96.84901306093653,3.9459129943912568,5.3428770654711855,971.2107225341751,2,1
36.79218073621351,49.76924739516667,4.089835216198506,277.73352147571586,45023.38687061784,17,0
16.454616810809505,19.959166754838016,3.507029642711781,312.5942857086068,9760.111599825372,5,0
52.51558131722375,34.76148459507624,7.830410638629635,91.19965425326497,15780.127625131345,7,1
3.925833208181726,54.72192629665322,3.0887157031469585,363.9536044826119,10469.69160149443,15,0
29.911869879509947,59.89071779062625,2.5315632403391053,88.9613647606378,8117.3415363592885,3,0
99.76313758816474,62.79481411570191,4.472533519005609,15920.854450886656,3523738.420266135,418,1
39.039055521775175,38.45560864948598,2.627344326864641,57.096075691261866,32821.269346025045,8,0
25.23186482609659,57.985080352419246,4.259095983149656,235.8131625807201,12205.747091494683,13,0
45.97180678121187,77.24064879981086,7.849444187695051,13.615994634705508,7891.25896523528,4,1
38.355343436664086,25.822595015344284,2.545295149107095,241.38735368385457,21870.642955967534,5,0
23.919263768828422,25.222425603761774,3.183476142947684,91.04273938308748,24017.34504702794,5,0
96.09932913421909,72.36190239728181,4.891740592876162,15804.20207985299,3161675.5831879997,142,1
34.959566802920044,56.882469052323216,3.711346919260431,310.67276231952366,9744.040769978054,8,0
21.261295920316307,48.17649095081432,2.565821727009751,495.5625093821994,16721.55760620641,5,0
30.746744414956236,38.537013409738606,4.32350964483004,460.5202925487562,38133.785681650195,7,0
32.96400079519571,58.25862673147953,4.823450989334912,228.16309825267487,39155.24922768514,18,0
24.81466310853608,28.32718314975894,4.948051983093896,109.53590050298126,48255.63413838923,7,0
11.020438293343915,33.0707842302268,2.6171862595033617,358.1546482506796,46242.54711640283,14,0
89.74269165736038,72.23828163772794,3.0850686073288305,12870.966847383846,2202607.8106441004,303,1
64.17913861951823,76.44652545923637,7.23990870347283,16.221859347563186,8812.142971223184,9,1
31.46675784308325,55.53123541389123,3.9656323787355796,408.42502938360803,40381.03131309784,14,0
35.704076137757255,56.37591585938845,2.490256506854518,85.94447358636747,30533.86268433806,10,0
4.870437932534948,22.795153269959634,4.917052849096287,392.5009611260588,10660.131147566437,9,0
97.71004575546769,55.27795745714815,3.1408161013247593,5597.899308366496,2087792.9715137414,534,1
26.16328772988538,14.776187721518221,3.7138047053792245,337.45313750314034,10371.608033247468,9,0
12.171722467632069,39.67640215109445,3.709567533808009,170.6087593555493,34540.34231052718,18,0
25.037328366803976,42.84360030793924,2.7657604760962826,488.32166394622243,6698.210576167124,1,0
11.67880248662085,10.898308530211544,4.064385106663352,45.3706067586961,8095.794158080876,12,0
95.64332644320139,93.57919924830581,2.7761788705529638,44.63016376375474,912.2586255881236,1,1
24.968992823767287,41.66948075504714,4.136959063057756,498.2097147963484,47377.288156172486,11,0
85.14488563202467,50.484842264513006,3.2250431255539063,7146.431387224846,2584819.9080189345,858,1
26.98467260173708,57.123902702007456,3.6440107303936475,392.38191557168466,3428.9472778341674,3,0
32.12599731931062,24.497622730401066,2.196895882956751,355.9154009762128,41224.91227492526,19,0
20.720021961741566,22.09343069166743,4.764344294464019,89.45741736042824,43537.10738113245,19,0
24.11464231279567,28.569497657422556,2.4461335852540538,248.98823177259982,32018.950108655234,13,0
97.64938741436049,80.77865046711884,3.5928669866685983,19.775735656993703,355.08066521600415,3,1
19.645712572281568,14.525258930725013,2.015223709137292,269.60143855979396,6348.890715933159,13,0
21.97083698012157,16.595995303051577,2.166566815953228,213.70585612592228,38867.26866950104,1,0
15.950068757595538,53.3839654730672,3.4590390358060765,337.3312346817592,28506.441123604345,18,0
3.231325088205117,17.207856509065834,2.006058369937098,410.74821966219235,10128.316450553153,13,0
29.20575107503332,17.26945835372567,2.1703882142903814,386.0544717165158,41107.17469780586,4,0
24.152626229246078,28.073302174229035,2.484164806543979,498.8618519726083,15203.261563797667,11,0
26.127430345419512,43.752239315650954,3.4289318972752305,359.5998506029811,23058.51528813226,1,0
7.662341986954004,18.417481149941352,4.091472568127617,447.40397623217706,35747.04035044523,8,0
17.327211345908808,56.71767920780286,3.690165535348267,351.31486716008214,19474.351394907844,3,0
29.871850180852988,21.99233882686307,2.5084798767888294,67.53948517795851,38625.51753279232,8,0
37.08984768272343,29.263636923511196,3.2228684786657604,247.02501931920358,19284.618967226095,18,0
12.151248514155828,28.774467785647815,3.0314278602413656,474.13239735101814,1291.8669315388402,4,0
19.511928844365585,51.59208659950133,2.341283982471339,408.9598818185576,39628.73634374909,6,0
9.001698534168185,36.02782923459109,3.3864602320384947,197.8352338783799,8092.642958228903,7,0
37.079733504389196,50.33637811921522,3.854373767674228,77.07822352905009,17914.219624165366,15,0
30.50311635819661,48.16495834383294,3.0765601139198737,252.15136553574504,28632.67222313499,1,0
38.631896517531324,41.28295045808477,4.446040052861736,201.14811788505338,14843.83689358231,6,0
19.970383806055057,43.770185489853446,3.0763179259943296,189.6321705640243,30891.819202868708,13,0
13.64042758254496,20.45440874159828,4.922648810219458,436.9101378483615,11561.440935662811,18,0
80.19093838735446,81.4848765803479,3.4937245466574893,17784.154377117608,2958785.797581208,716,1
39.38785279673763,78.31509093067777,7.564874744989505,41.19339634244582,5049.924906347948,7,1
10.275119360887302,27.487330611747424,2.411784883250946,373.0150204062775,41316.27300298795,17,0
92.24469709151481,85.35036745873272,3.8194455353248156,36.50474398011438,53.39785050694745,3,1
48.40023991070402,45.23602860051642,7.5670317375527265,31.495579952320988,13618.598964938115,8,1
1.7643304033847196,40.10850597273709,2.6761734879527217,426.45132062804043,43355.52509845832,9,0
82.06543894907796,86.28233972891971,4.603586605291192,17373.423009885206,4863115.562576627,707,1
32.23996300445982,50.713493402971395,4.9250273923111845,455.31050411800675,32439.950712724843,1,0
15.628392759279288,50.361517714771914,3.8652313177829956,374.3849417416691,42189.2243617263,18,0
38.87023223243398,20.960516950059727,4.175819766721519,198.46705305667254,39390.589659082165,10,0
14.141044981410449,23.471507554219144,3.060171435564579,163.29530135334116,39248.646794042324,5,0
15.044063622932441,16.215071114730897,4.605137922122536,16.730401660600283,47651.56779698987,14,0
92.50834780476816,88.75231049189954,3.19044404509151,15592.885943782236,3301778.4143088595,345,1
38.069273974492084,63.65099538639289,7.663045743469313,38.69919371297099,5478.743293535219,1,1
24.777159417600792,21.065716335779243,4.24414856890558,60.458818291869896,34123.942175725504,4,0
2.392104862150277,28.51130895357549,2.9158935719497676,253.02600971961536,18437.692820469827,11,0
91.06950712391497,94.14755652761629,2.3451362124931827,23.354931216308277,793.2022781524242,3,1
14.788175502206062,23.382443962784574,2.5427392495408654,78.01976942377058,7071.284939158408,13,0
17.411688671048434,43.00866578123814,3.998135115552331,244.83375948644013,19331.328808826907,5,0
25.108171007708492,19.287239583084006,2.6353661597884774,418.73629199917593,32286.93688530092,14,0
28.285872748089417,39.177523299011895,4.769816305772322,492.5198154140291,34547.333977841205,1,0
20.46445703959987,26.541262014078466,4.369388948552045,141.6447909827225,20545.701259309437,9,0
49.32237853090016,38.54134395819727,7.674147571219805,73.96495106683064,14273.649317185489,5,1
66.59344606729533,78.16702362756098,7.581925419344568,34.722962618658556,10030.486700204774,7,1
5.721466536961182,44.090116203673965,2.7628564624103236,294.6156070226149,7304.307804481827,9,0
34.816240446347216,32.091769536689455,2.291594290686875,43.31006516059607,42137.47151581956,6,0
8.242475294948296,30.370669936652668,2.603888931712576,141.73224440368483,32588.51017824185,17,0
2.3705756933618805,51.73180436619312,2.1583454119036225,465.6053702410096,14734.928591739179,17,0
1.4042775315783773,13.551201161590207,3.8001045555109108,447.69621405072866,26620.105095580322,5,0
12.362328250829115,11.952435297385529,2.3508057648769634,390.842863844437,46884.49042367199,13,0
24.273017840460973,17.060899381295243,3.20286829951064,156.35545245084128,49235.72670067762,9,0
94.6920231638258,80.43167220703907,2.2978862461329084,23.392759885131557,723.0261005666675,2,1
25.594576406680627,26.05276996515646,3.911673876130188,14.237339010765094,23065.29665896691,3,0
22.41254394532881,33.423787886691116,4.870545243989305,162.14180524915662,29717.111801692437,15,0
38.372953232012364,19.248326008071018,4.951350533946378,55.445828431027635,25552.096749316574,12,0
87.86353547774733,51.02224231959346,4.417374849373667,7907.566044826559,2438308.6909814086,820,1
82.77161477865091,80.30479089954059,3.7700703192329224,8279.461264965248,3209764.028773288,472,1
29.62361910027034,40.57161618296077,2.5459328197974207,341.758394686127,22076.20652946123,8,0
7.686615021905365,47.00645365199925,2.811202399145992,222.74477261941726,3075.3453384241325,8,0
30.9790718927524,30.228981317777727,4.410108850524175,352.2524174004036,10547.373597033578,15,0
28.83924228947473,42.473747972405164,4.112947615960749,166.01708461495167,43474.92627238997,18,0
92.52403536561154,98.73270089166991,2.4413865102263945,34.34892866243982,938.5959401097623,3,1
99.89229635761198,85.25900836676125,2.0066326177456197,15.016624255301092,780.9019618039401,2,1
2.438844106464999,37.471370763264744,4.30890246892486,256.5612915896862,19855.200786724377,6,0
93.57116273638319,83.49041470012185,3.8425552281245903,0.6832659835588617,817.7483557073602,1,1
34.79547926112291,10.955549445611958,3.4061002119534565,450.3112580684236,26474.575226995414,1,0
1.4234753315588966,13.780261777042316,2.1399730470970555,189.96456961717846,21576.792855541367,7,0
29.646887944609183,21.12510563943158,3.987326214122056,468.29167367247805,25076.398663848428,15,0
27.98874615265291,34.53284862429622,3.473119563536176,392.70890081839127,23984.246833555266,15,0
96.3194094675961,89.7629461075724,2.152442304068721,28.407997256218675,564.1471168422092,4,1
2.9067150515531592,38.937041552188944,4.674498371404198,293.26007171836955,25735.633503673165,17,0
90.50828189613561,70.22564430330915,3.0932053075825854,11616.358119325547,1512173.0538187288,414,1
13.25296989594619,29.490293838614914,4.155904851845904,120.5277557210781,10535.184033028756,6,0
18.08078924117654,33.18298859738282,2.813908218148836,357.81779081744696,6295.896367502666,7,0
27.78966620284882,18.72590854348308,3.2618977812739702,318.5291136868097,48236.21479737426,4,0
12.04691763094047,53.436934096852305,4.764784261185502,25.714353567762725,32236.00286529169,14,0
97.26600469189597,91.04939318778759,3.0831804819717483,37.08009879406918,875.6947879689319,3,1
32.75949596052384,25.323216671327238,4.000425516394096,266.95853935314165,15476.271903785511,19,0
27.647508817990442,56.05296537585411,4.300221835841805,283.2878457663224,7936.1818370403835,1,0
92.70758588919325,80.07858106069206,2.3831096898776547,8.554781086764418,468.7866444712533,4,1
24.470610251227647,22.144535372202895,2.1044620904770257,311.4302997543187,41764.90997188112,3,0
32.74469614486948,24.512549028378672,4.688754507066067,293.7718667522322,33896.595276604974,5,0
94.6034487797358,84.49292002559753,3.0781862797246653,31.235673195551637,165.83000817562032,1,1
13.989726355456437,15.900920136126391,2.207210824628673,349.01051484542074,9912.122889920753,15,0
93.11233440955189,89.4904082526532,2.193130950907682,15.86059073343289,756.5292218607569,2,1
27.5227019589401,17.600566386330637,3.6465511724161215,50.500845331380006,36859.8126597853,12,0
3.9997452656733667,42.31973188970727,3.1049503901142597,392.5859515178978,32030.46494703843,16,0
34.007724697144425,17.709353421598493,4.1234713958617775,80.12143422960325,7467.784534628762,12,0
90.67552312927153,61.78744997380741,3.213019480450877,10932.926982727859,4530004.668116505,751,1
9.68756775815062,18.506791502524997,2.152751462808831,407.3349214960861,44885.948805016065,4,0
25.289323830884783,33.70531374111839,3.973096564856962,194.8647851299339,4029.5475294567605,15,0
21.549236836790314,14.153371026908415,3.513794331775704,248.81412890707017,6449.9161330668685,9,0
90.91147509391347,93.6108699032136,2.1703410692646914,25.080145224898327,865.9375322782147,4,1
89.0616737933689,54.18061099457432,3.6425874131168388,8665.885238525283,1253653.334514324,227,1
10.664267082513557,35.972873693184226,4.168385183783393,354.2330866607286,27142.358119315206,6,0
86.97121812346967,56.49573099831738,3.7436393026949735,14661.034627989211,2661244.4350207197,119,1
24.12102106762819,10.672092677838855,4.7110768836487615,313.0528113689787,16016.006229005327,16,0
37.040562900659786,48.88054089820708,3.51028311769678,288.98909159278804,47107.799123608725,10,0
47.81736857388394,31.00233987073849,7.838961366036591,59.81158697230516,18647.176981011617,9,1
69.57717776107536,43.33713419739597,7.739998358693022,27.471325619107514,16883.559295656356,9,1
91.57211272022805,76.51782813915872,3.0412462121539057,16464.940409970655,3626989.450686667,477,1
39.0673448899365,22.21607876852746,3.836512266369941,21.483927424842655,6182.992181183947,11,0
8.800729944306198,57.93015555539103,3.446512374499595,231.35924495882793,42651.13241965089,10,0
2.4720875270248754,22.335117699828977,2.390090861378003,366.9239872596164,15380.769204023023,13,0
23.362297169681323,59.14768874600494,3.8617732723755553,10.750410441975639,9886.294016568008,14,0
24.824880779063392,59.94711896466247,2.5417744048978435,260.5513192226682,29581.984804845237,1,0
17.827404016203236,33.29067166943348,2.4454335514680645,155.88286030037528,2326.9397191353946,8,0
18.204740319704726,35.65469264082235,3.7758070143410074,475.99941681080384,46943.08031258035,7,0
4.644093156575924,57.755803354341005,3.2392230999971994,67.15886452404337,25380.199469559408,2,0
36.81118386102275,28.8603481300184,3.799820693557302,160.8205627800504,10631.156012992647,5,0
99.34355877970546,78.07872011931687,4.799955830241963,9510.620961512615,2219678.974409691,992,1
91.02574946999881,91.10553161454358,3.9230291726622935,33.0201438214338,114.63194155935408,3,1
14.691537915344007,44.78190152921571,3.3910636278471196,82.21863161050776,41152.67138802082,8,0
39.5746587274772,49.91332916552196,4.874920105028249,127.43329083986984,42949.293307870284,13,0
37.17867917231153,52.306587109545355,2.6814526013626905,193.65026041109928,48526.14225986661,1,0
30.858766279998203,51.38780381515774,2.10276326993413,288.9741157881198,21147.711228544893,19,0
52.6628386419292,41.143237644025774,7.413353610900536,91.64296721571148,18531.793711543898,5,1
16.45537254343217,34.21597898693139,3.897120165550142,118.78840847059546,24854.465174106277,18,0
33.9713104088922,74.7993599065799,7.118950504215487,80.65640464511864,14517.173670661086,5,1
18.35254190904147,45.64548390427762,2.8170901969606357,260.8592022017251,1120.0886685931541,10,0
3.015493266108824,23.245091203909293,4.237779484571988,362.5538512383556,11992.099424745751,10,0
22.17298899894136,14.632235349515145,4.517497973810348,47.1085389862445,16874.48066769427,10,0
24.849659172401015,20.5340296832665,4.771050474276235,497.9661185534341,48717.8156732776,4,0
14.233725812711565,30.337377860000828,2.925161695357325,460.15078937072445,29034.023947999183,7,0
98.84051555261395,95.62190951053041,3.210473432809133,41.682641214009294,108.07126258844757,3,1
5.367789962620861,30.2716172210251,2.996339726177779,122.26191595353706,14620.906446657922,2,0
15.176032987356756,16.18761535496754,3.9581081836900376,151.45412853294687,27558.445484451753,4,0
10.187717080554105,45.81771034926311,2.052355006264114,476.3594046985476,33999.01399356041,6,0
30.52514263585421,37.210115654772395,2.478421837679505,214.97972571343266,40635.12074036628,10,0
35.617066949106324,39.65378464643975,2.0572690421325484,349.30307607199904,36878.23109146699,17,0
92.99726141857724,81.84107630653989,2.1387967301312667,19.464619041843527,594.8158778370247,1,1
10.555028825435002,25.821739445575822,4.112641427808297,120.66671218644925,37217.93280706889,11,0
34.23562456111347,36.39903854275897,3.0924825853606315,465.3603966739649,34325.824837015236,16,0
36.981485205034225,14.552936706206657,4.363315046533443,84.18349432592603,2714.3800078367785,2,0
34.71871667326724,73.98544766315182,7.324776354025649,94.10009560694469,14935.872507249038,2,1
30.33925892320555,40.013577792075495,4.981140797747071,113.83505578375303,14278.645178980016,7,0
94.77231904249585,76.09897232506657,4.880712644458875,13506.244668844596,1354337.0106047585,403,1
32.44607400582093,50.57798196844051,3.6788053057277232,360.4344361630973,25702.927773493975,1,0
92.78374868378798,98.325855229878,3.122470730946507,35.81930061590219,652.7308799663825,1,1
9.427043700873906,46.69359897178817,2.063016265803303,196.72751648816848,2342.0296219127576,14,0
15.258805291086217,39.73887186876103,4.036245297756687,252.41933427028988,27245.24058483647,1,0
38.43181826715017,33.44064821983285,3.006568764631917,477.4777063171628,3355.483437454532,17,0
90.50576890304492,50.58271731222854,3.1373779197110947,19186.83867935514,2869916.493586896,814,1
89.97993752869417,75.47882563705926,3.0345777860348475,6218.415257508898,2470190.5615123566,560,1
92.61729510601916,97.74539357159031,2.95932241287635,15.228052868227143,616.8196423841732,1,1
14.651650079826837,40.909239813172164,2.4848465302256257,447.9953146129576,15308.898762272267,9,0
2.0081441781212206,37.75530400285045,3.891340198356567,378.42662915214464,10748.603785676805,11,0
3.591752858124937,49.25561624038084,2.8822350166042763,130.13394000159946,23764.97638211476,8,0
35.10355402095881,39.757588979319294,3.6401750938516653,399.9598211673869,2038.258226600315,12,0
80.28664113063462,70.21479251464676,4.245256571103026,19553.663167522347,1005860.5918974854,648,1
17.89025292395533,53.678582950627145,3.2841579773812217,390.6223845354695,43397.59664759165,11,0
56.58525085208536,43.11649227797629,7.511830840350701,61.55762410265719,15710.431092775601,9,1
23.219299233362975,50.20733446659645,2.1077306065206938,413.1483625627709,43627.71077507025,11,0
63.83887682157313,69.26853723772135,7.6672969680462915,70.97388286779736,9125.98310033916,4,1
11.543540613199955,22.718007905627587,4.693948077800036,481.63869842651627,21092.655852079883,10,0
12.831267354583495,18.743050699723454,4.560006890114071,13.705143193085629,37036.87079537002,4,0
33.51741611089354,46.42147542050553,2.8635270328339306,319.50364325050083,21431.25571427602,1,0
14.065694447954495,23.845222930658558,3.2553758533824815,439.0753012227144,44829.87689827043,19,0
8.575035762798153,51.951296286464355,4.190695484340752,159.45087135017525,16343.652986204084,4,0
4.018734930822059,50.87824112533357,4.191635462955132,289.3867667740967,37014.58456028172,16,0
9.03839184505073,36.51683529330012,3.084678041804878,10.428852141677996,35859.79115967144,11,0
30.05706193526639,66.77680443429071,7.573984956769566,31.392516840253432,14508.719899940706,9,1
1.7144136916599217,36.8356866984318,4.509379762778039,258.91024389635845,45991.15102001022,17,0
12.809359842503518,58.641969281953976,3.8133611503187415,392.15429267825175,44186.95239227031,14,0
26.045658729829952,35.55819004200795,4.225168220698684,439.6198686687451,47093.62677401749,4,0
10.839729042100208,26.86561408032367,3.262175174762534,472.794381238995,28882.727762959774,2,0
29.547170948948768,14.682929414933827,3.818012616587065,246.22749467296117,29557.392721962915,13,0
27.997119323931535,11.89796850999891,3.522982389620314,410.32066276769086,41184.29674812553,15,0
85.93406063061116,50.197981107050474,4.369284621790705,8055.221148846918,4439132.175371965,790,1
12.73882103964381,41.721733190364134,2.86522865449307,313.6291544909061,49128.492041908925,4,0
16.816737093713883,12.548577949959524,3.946648298760791,282.3763753938155,44399.49865145177,10,0
5.586352198402431,34.37074740369077,3.526419478445268,153.7334276935576,42203.217085835415,3,0
2.9722761257521135,29.096624803283802,2.0573983659843074,122.26026632864813,31306.001166374237,7,0
18.227023549988886,57.604405835507734,2.3266443891824973,25.0245038237293,47846.20659694345,13,0
7.459783542174843,27.0046221123682,4.231373463881178,324.11959930317835,25886.45455830562,19,0
15.072753950267796,32.69155056635932,2.233055098352728,44.75730065582124,10295.010309131787,3,0
3.314925000277462,26.228129585197316,3.5728849297099767,293.4248810058743,44411.32051237869,8,0
93.37108423787598,91.20467145032359,2.881145894625435,23.13950044218221,488.8581742665966,4,1
4.021719869684071,41.23991047286877,3.4376208063552673,315.2791186271331,26681.296664845595,4,0
85.98916519512866,81.70170303269263,3.9367747167781943,13621.771514730402,4525690.374935396,367,1
8.822398812956877,43.98020392207273,2.6276733351517425,467.8093022235073,11528.331006672537,16,0
37.75372668754834,15.414649435297536,3.0012726245093315,249.48503115748093,25674.28775989066,11,0
26.07133376187464,26.14806612506843,2.6010828311215657,393.9582207505705,4376.775813946142,6,0
94.94342065292317,66.36091260608825,3.62790485127998,17152.327241626765,4313392.145577749,439,1
24.532184094237813,20.213484674345956,3.6177929320209685,221.6307344591853,2624.048383709114,19,0
23.197696165917016,27.165760707860535,2.9351787044830386,190.58473864668218,44738.29936901754,13,0
35.27842484365841,59.1180771799256,3.5512162793222677,43.25289886927514,41658.409835715334,17,0
21.40774076608972,56.84602093821382,2.273793570987783,128.27727224781384,21320.083706077075,13,0
13.63882074364895,40.55078819610648,4.258794536037064,372.5773546168813,47588.64824720818,17,0
2.181132965193906,26.625090421079737,2.0116083103822637,134.87308813316085,3164.2420044928276,7,0
2.6770680714991713,34.891230783513805,3.75068276531493,262.800793750234,3701.841448563652,8,0
22.141270066291654,53.73496887540386,2.2252799639681493,289.28170252341323,15656.590258555558,15,0
97.6716378526562,97.11689059626875,2.772114566377525,33.73243696789274,924.6974416205968,3,1
17.81747277912503,46.512968222355184,2.7696406970002068,233.5353083798047,46037.62474644804,2,0
21.243040108601797,45.38954276701947,4.522046514208508,472.62132269078126,5764.184453592526,13,0
84.657615105359,85.83680023000325,4.986002096588311,10434.826316781457,1495697.3592318227,656,1
92.01905283874635,90.63722741625098,3.473475648514399,45.3670909340973,466.6116002492374,3,1
97.58209957094091,89.96578786569049,2.5111002163805667,34.35003088501284,512.9245876319444,1,1
18.950946650042898,38.968224369682375,2.9070071620243443,111.90827691070993,41104.2093369163,4,0
36.61293016954376,14.313574381965136,2.4910022525167403,239.20504147258862,27330.884046778454,3,0
37.860139409873305,53.21506183875547,4.665182076383363,24.824484293625254,4905.304775395916,14,0
6.180827568780147,57.3564639963447,4.438945066821905,303.87693957679915,7040.706993843278,7,0
37.43812337160066,39.080340364303446,3.3688890358442256,269.25722552570477,44604.073608454775,4,0
30.46865895101498,39.26249644323117,4.074817859653594,305.9750155767234,11889.966065411232,13,0
12.544594258534296,15.771452875970128,3.740052890316899,335.4809247821305,35981.088388529,10,0
30.897379254469467,51.40200609963833,7.11599420968192,45.636456042657144,12367.440423508324,4,1
2.8759419438802913,50.19205508162636,3.307505257754442,218.3996444039665,39122.0722848923,8,0
96.45463326671539,77.0278172529731,4.513894581805728,18289.171488520617,4019418.819377073,113,1
90.17339221168714,91.21313545389222,2.940100559478783,31.887532503892547,301.1439849147036,3,1
23.764245085646763,22.843851527011545,4.430670151926825,345.2278141867521,11898.987026824681,19,0
31.237654489570016,24.288435249241655,3.2267284339541638,158.8087069092556,9321.539205503044,4,0
92.92770740375413,96.08271991410079,2.3505742450370346,8.69526129367879,741.6595136872191,4,1
13.230234209206145,46.31194371253831,3.5676729233741904,232.9650790610932,15510.217962279045,17,0
24.547390798172515,26.78664042061791,2.6899844805829005,134.75272715167415,19459.38035653561,6,0
25.695408158663874,42.526592386046346,4.552219209524044,443.9669523101337,43793.537170410775,12,0
18.928060961462528,28.584360573934028,4.1242102235579114,205.00358130054397,33967.318386454666,9,0
25.096847427808427,43.15519494484735,3.1640929202032972,341.81768279360654,9260.422432311803,7,0
97.28050855079417,81.85743037472476,3.0419563293602048,48.48037907756196,115.16112890068709,3,1
92.02167916269399,84.65624677337918,3.6419820834076524,16.13852175593356,275.66787903875866,3,1
20.881093909064724,24.45985759834892,2.5113558032924277,107.38974533932485,49642.294559102746,1,0
11.347673586114727,49.82394912083957,4.971156618296459,126.93981886056626,27268.701416554064,4,0
37.529850324469685,31.35137132357568,4.356051345330238,247.48883281220947,46045.44877622412,12,0
14.346962572893434,22.177811060430628,3.1699177997197108,378.7837938487896,24903.715101857768,17,0
19.251520719677636,35.94252251092912,4.9467490129033616,209.87862895553954,28026.067052905786,17,0
1.5174270304402704,29.415788763919643,2.486432831993584,29.9927447537329,10979.050821343893,16,0
13.016738884672652,27.139729712498546,3.636910196824631,366.5289836197627,42709.69478550856,2,0
98.11753411858652,81.3040842587667,2.6308354993689163,42.89501094002214,479.373955368552,1,1
30.61515612184458,10.889027554146676,3.4057626790157842,376.00189680038227,44772.12668266162,19,0
14.850310048481589,37.92712726794108,4.752458238557149,45.303056847157265,1289.7356538579616,18,0
22.117459439932343,56.46025981657774,3.663703683782943,134.87393813171963,6557.117043093077,16,0
48.54697451391418,46.10336871431868,7.712691332923062,41.05298733104995,8414.71896860588,4,1
48.636568335334076,43.70943526256271,7.947318694302444,92.42242786161383,15861.55745014833,7,1
36.12081617372236,20.296600671007624,3.092928727926955,129.9225591954488,15904.129370232029,12,0
25.54154541103418,39.12989911466401,2.7546798569440276,191.72406339095457,36223.73002522381,15,0
85.53426919023026,51.983125024325574,4.610310425089032,12695.774571860991,4767770.599361761,216,1
98.4165687356311,85.65623768656502,3.115858379746876,1.9499464887042461,46.79914027764309,4,1
0.36606573870851644,54.96321225488703,4.180505543529896,398.4149443680496,45593.87588583658,19,0
36.541314131972314,59.66102064383875,2.233916737653425,489.5411812922227,36394.14958900092,9,0
81.40810707376495,86.3421680914538,4.9797888036222995,18475.13179064448,4375169.717734537,148,1
35.80707066200673,41.233312045360464,3.3601575894599884,230.18513868067353,31724.513202644484,5,0
24.839915480249534,52.4730549660994,4.795306813972774,191.0408690727535,48606.302003591234,7,0
19.512941157715673,24.156833987445737,2.0279004944276684,221.9475716331129,31228.450844628136,12,0
46.248239523977226,63.0921894243681,7.0259264664275385,29.706644730691647,15485.039593206271,6,1
32.35169422734487,17.90811974370059,3.4090110731856793,165.67266086522514,7769.927231609567,15,0
36.34032980193628,38.52568071793499,4.435004589035126,392.5605676319624,20809.953089399965,13,0
81.67823709886507,59.05660206484976,3.365086993542077,17340.548343677445,1223883.4380628725,455,1
37.76818852153616,36.45106419198611,3.3133205516263105,369.6021376140199,37459.762499177166,10,0
6.335457606294352,21.53437411595145,3.3231566167002042,423.8779650961243,14016.753756030612,13,0
39.09413983581207,50.56968375018102,7.984348612663326,43.742473995022806,9383.481684551649,5,1
27.52139832446209,24.67968410398504,4.231720022789143,79.42203347202651,20490.89139432848,7,0
23.502233669359725,26.138176022187366,3.2802600095967316,34.01258282983353,42000.78612745674,13,0
1.3257845609704688,23.8508255049993,2.658637475911215,370.6148324233246,41037.92871192082,7,0
59.56580619331788,45.957182708219726,7.097141841828881,90.76238664505081,18737.940605137373,9,1
35.3353342574309,33.553538133628145,4.159810988593804,268.9451382825289,40080.86545457904,2,0
2.6329245044284733,23.25914584286606,3.7702762938992462,414.4980648376122,11085.635215502874,11,0
33.19318939542643,78.04937762451459,7.522166446449934,59.99358460247623,10552.655552024396,8,1
23.95712025261603,59.68480107412283,3.5815301650486213,305.1145152544108,24596.558322859528,10,0
88.13741594645354,64.31791708038699,4.194789192131684,16998.139823347265,2520848.7489994597,485,1
12.102654991573987,30.299583319457625,3.828985470328668,178.34783562239704,19932.546334949748,11,0
4.473035860719841,48.630940400745686,4.39605770411655,59.423941935916666,23716.226300204373,16,0
39.638496682150056,13.877401351692495,3.4691764302349,405.7925966076968,30550.548485519586,16,0
54.86763486032925,33.122350741381716,7.273964357750489,37.4320011750443,19768.418258270845,8,1
33.38743340218271,17.61494566379328,2.1313411952742807,449.56448328198564,11093.125797888684,18,0
17.635483414665153,20.57272722137119,4.791989340307181,58.589711709946855,16482.799929303863,6,0
30.624702439846413,18.702528796961133,2.064249969517986,271.0849282527414,27042.715433545778,4,0
1.6930538897077252,13.049743265971733,3.504641839477584,252.4657218113423,12566.368355459332,7,0
31.578192063867732,12.793715147833565,4.251882827995196,402.52258712290813,28295.392002654124,19,0
91.36398725383742,96.60809263210896,3.9118638966087795,49.351799218594486,338.8518345286875,4,1
5.599621047252699,23.76910619500123,2.250032065754948,12.998523658899526,34582.705274906606,8,0
14.102112927110282,30.583896525650147,2.0533448672384793,221.85690761818663,33218.50145426223,12,0
17.42198656137559,12.523739128306845,3.0888190360630707,108.74820684406768,9522.443780426252,17,0
24.196799755972837,11.941788193445227,4.476454483092465,456.15872340877024,34352.756007730975,15,0
3.932257328981086,32.874347457582374,2.1965621153352126,91.77655160810606,9950.355498914874,19,0
16.11484009336997,43.614242075650985,4.185681102647468,387.8093893188084,37612.4652953594,10,0
21.386223857996107,36.99851328926651,4.638106837291662,427.1550636936463,48075.07830383094,15,0
36.01267924574765,14.405719618098992,3.8839427435695755,79.76954562786715,24427.88558484125,10,0
30.365530866408527,26.2181255695454,2.4635822415267508,349.9993431722763,2803.0067176255607,7,0
27.97101246779645,50.841192847744026,3.0120181853671544,46.25217245040486,21169.288791202984,17,0
95.92921988331038,81.59462334121098,3.607304164266607,26.388768686039004,854.299162214113,2,1
20.780975543570115,45.03580325864956,2.6508985002771315,341.7184418589377,2916.347623765356,13,0
36.65986301630722,65.91520672257232,7.95919466054834,27.03686892309616,11358.549507379308,5,1
22.17309931014974,15.320868494436642,3.900189873438858,403.36755883364566,23435.16980905292,10,0
8.854530910372386,18.434971897974897,2.8496421843480118,245.35714444525115,1055.4451234190437,8,0
30.767894353071835,57.77775176642094,4.206218954882364,455.4056492496459,45395.44975596432,14,0
18.11594754006556,16.484665542556762,4.230184938858166,497.19339446400386,13337.572408993741,16,0
6.742896905233335,44.16922332885981,4.322099897882074,271.45637202288435,45502.00313446063,9,0
30.176102762054384,53.17635588751913,2.075376447910074,342.7082505175027,17375.598873014176,12,0
81.21073555066303,71.94083466401551,3.868987594349304,15901.621724956203,3120322.6833070815,892,1
26.82762646817935,57.82889806718894,2.9499226799282443,132.8517423323213,33296.08324594118,1,0
9.795901455037924,56.91481190884442,3.2701811429128416,325.4016828144925,23596.851095614933,16,0
99.37584835809201,99.49343396916373,3.874442287524544,43.60328989863619,199.52068824835234,1,1
98.47324427388693,90.9968006995519,3.567100159776611,25.065519634845128,749.1966850308453,2,1
4.59264946120733,33.896388599690724,4.487864644639746,81.00822665040242,13057.89960324248,15,0
93.54060924965512,72.37256789777241,4.821183045067412,13065.062017275055,4079156.754583069,569,1
92.6578349981058,59.6126800692692,3.793172745331118,19326.392856773404,2985319.936010138,405,1
34.19061222970501,58.922180061085776,2.3658310510121128,105.86225721297387,18256.11108174951,3,0
37.08743523366111,53.28584442732478,7.7731333894780485,95.25572414397597,11373.211222142541,8,1
37.19729742436491,27.300917534721645,3.451568498191271,74.99703818397161,17961.981932557417,17,0
36.719457261932405,32.81524813478866,2.655246269726857,282.6028762618978,5363.756417238706,14,0
5.3463429213831315,45.15834683528119,4.180681291534707,66.69187910993966,9136.331625667186,12,0
33.11147187479578,42.77123485824765,3.6774875898998265,43.017025747748114,20765.87785030686,12,0
22.091004636544923,41.56641564986559,4.813473845020036,290.6078397683606,42124.62265900058,5,0
10.109343990918948,15.556127153556611,3.8649183862824508,283.86655025329304,39387.2398829941,15,0
98.0121022423192,84.74170951713128,2.7518633900772853,18.884266459771844,53.57142155403427,4,1
31.081882535761824,19.29906117421414,2.883292323639209,158.2731137948346,49371.38041069202,3,0
12.362460367566111,52.25628640882323,3.9058745775257413,430.8148556757006,21980.974329868215,5,0
18.495942619254578,44.00084253481596,2.6183430604139315,486.47226961391914,10292.461294014702,5,0
2.3653005255059467,56.180609861765035,4.601338689046106,258.70837808699855,4133.960803697186,12,0
3.731862898579479,40.71896567626714,4.09312762738789,283.8821476583132,33384.77569835889,17,0
30.542478421849477,15.871291196882716,2.374445051703048,397.6498996653041,25030.263804394228,10,0
5.788007044910879,12.089994073861407,2.296965827217778,345.5477328648356,44302.26864186434,3,0
6.4349661233010025,54.79886570242501,3.9819830539681838,430.61977302151627,9512.64237077251,7,0
28.112078386445685,11.49438063211198,3.683965716625988,22.677654919780622,41599.42276783078,13,0
11.290185005973129,30.04440070518141,3.579334247193818,66.15144763351634,36216.28281285547,6,0
8.758463394767091,34.00779574197058,4.907463750816548,336.3386422362842,38262.21218941151,16,0
38.052173794986935,27.077685308657763,2.793386396629364,260.392512478804,49929.70967692764,18,0
47.92357802801948,31.17224114516801,7.197384036030311,60.581808499016,15004.917497027254,4,1
17.683890581032607,42.806774806378165,4.347389156468332,26.421528553201597,41605.47608437876,15,0
12.679370870963723,20.679849295489873,4.254741392930331,69.54764820269521,2134.3831760261746,3,0
1.4992238514751,43.50457310399933,2.5537615804934286,414.15599927297376,49378.09620544348,2,0
90.54691369443299,53.81990018335297,3.760543795479147,7229.343585316627,4536115.376070067,353,1
26.712078948740995,53.641271559245745,2.686641391189705,284.7430142176156,2482.9346523938593,6,0
1.9924393810688068,27.67200907530476,3.5333077186657547,313.35863924701914,3067.942657458499,13,0
36.57296769104612,56.15429947939606,3.3920300663597214,335.91081353802775,23983.217824261646,2,0
8.943250594719228,11.139285271777501,2.2937767041682005,272.05384732209734,24025.919344178,12,0
3.829508696925079,57.9827721095506,3.738089049811361,400.0197559447679,11606.410366472963,5,0
61.34131775656067,38.722859282933186,7.412837283587316,41.90353719957078,14029.778368766974,1,1
65.57818505536693,32.67310145711706,7.26354293862177,22.071537994658645,15050.685017102,9,1
34.835957876078055,59.481036538858085,3.904500252634655,74.69758936567942,46075.811369360345,7,0
23.358142811866884,17.653863887566885,4.226759944938907,54.810717878411964,23121.35767103288,2,0
98.98454988656218,98.78618804021116,3.180818654744736,33.57944486436221,950.0447868915178,2,1
67.75115108657155,40.14145597469222,7.099875056762989,71.52688583253276,18247.075043808993,1,1
17.724589506410023,24.370131364236038,2.034175719808588,471.5204253530936,21102.886372287874,1,0
29.502904438438367,51.43893826087803,4.040683109803471,405.1232004508418,28830.438344664966,14,0
22.4910829167516,28.29353569428266,4.421184799259644,75.2084542076026,41614.80983624689,17,0
35.6477552832713,55.62820698925493,3.494428585027955,201.20389382267342,7532.812436618167,18,0
31.14219583946739,35.35446490305179,3.2795230575433,59.27389565547042,37920.2358056172,7,0
30.497166467844718,44.135602561376935,2.6173434426624578,160.91221586445533,33346.5338151069,6,0
0.39492581329578336,41.39816485834679,3.364875146641484,200.5500617804858,8480.34633896112,8,0
97.635238825125,73.06526563088043,3.9996740450800727,17349.182396027412,3459296.3865615516,507,1
23.290355128641835,59.366896841061994,4.400242052466118,359.3206238189147,29825.087248580923,2,0
36.97763676165687,31.06382257322822,2.5271035328295084,64.17500686987654,9893.931687829494,11,0
25.095823789916835,53.78948295527392,3.721358172843156,40.5500939417566,46990.979672050875,3,0
80.78296670622804,71.2992483423966,4.979796057161862,9879.445266152034,3927983.248559972,156,1
3.2347736433845276,11.136345132928312,4.805233130505446,311.2801511016232,7774.465307106322,15,0
4.97081044762214,24.613697811052507,3.0152449581213827,116.51527651537052,17311.04377465023,9,0
2.7037581441039693,36.49511306738236,4.01867887570894,376.95197003033803,9108.651729515157,16,0
35.303713052910894,31.583402826551506,3.7382361102447463,324.13440974494404,30983.528309198435,2,0
6.9225536737223825,56.77286540358529,2.9183842955302564,18.002745187016515,7561.3121184173615,4,0
39.6492998690232,18.993980314703098,3.1571935442590804,222.45547194038897,23825.899784858095,15,0
89.70157710403633,77.50200520022477,3.7249902285971253,8266.74950780888,3295860.7847018577,290,1
94.06824642607654,90.35217552848812,3.849350388283529,23.771737944572802,992.57024011359,3,1
18.518768373586486,18.73745775634796,4.339861936600732,264.53544737635923,4856.582375558391,4,0
33.66722216127364,25.68407791326007,3.9594019357483377,450.46433261982446,27852.646706207994,19,0
10.795820885101776,40.98776048972779,3.065931240118508,150.60763192251994,25339.055904823657,16,0
94.3581094970171,80.22450055354795,3.349805088144313,31.432361276266153,50.83966374850923,2,1
36.19237066387932,47.037242647003545,2.2308156662361536,344.82295047986554,3784.2553636713546,18,0
35.183040572495564,29.51666828260758,2.1066453179398534,303.0172383697518,5825.045886032146,9,0
99.04466956992262,88.95889638295603,3.6682347930672585,13586.379670236824,2081039.7860954173,893,1
36.35605996647706,28.232335487855718,3.871803787155745,460.48155270552434,39936.83888496348,2,0
34.8309915247724,29.759182376252515,4.628055338007627,327.66738187436584,12017.667587499107,12,0
39.65716646302405,48.89967559993155,2.8585466412558316,306.0289179831346,3077.8856263655966,13,0
1.355352383334214,12.112266166151866,2.3780594706148124,378.9321618657978,18819.727109513435,15,0
17.898142264150046,58.953483247696965,4.762735290468929,293.37965237919315,2262.3112431572395,9,0
28.204626667507004,15.404201344329895,3.1940299547018753,56.676967130242026,10307.00237608191,18,0
14.62622425907021,41.97024384854102,4.147693166990987,23.17222255266024,12878.96529330925,16,0
32.846002552905,58.40444871977067,7.120941637249343,25.22556488295794,13353.424061117023,5,1
36.15302696228114,32.48908381456225,7.898145477392856,88.05105934008174,19382.667408719983,3,1
36.18545487692235,50.80436569155162,4.191862388759024,240.86057195867153,33211.649925933016,19,0
23.73293875814451,22.01946401297397,2.689268723180874,289.0079387906073,33377.26450409797,18,0
90.12576302482626,87.25255560438323,3.1994746872316178,5.667149580225173,490.0449253626539,3,1
6.977472932073452,44.803303793198566,2.4461141245248395,54.38007412399189,10576.473926835764,2,0
22.34638455686995,28.825916125571514,2.3676023445013046,132.51337326969983,17820.64265785169,10,0
28.70212941997336,52.83859346395809,2.0981451162144142,234.0262599767224,32481.013374608727,13,0
36.453851756865944,44.70017964149718,2.9424576618727585,341.1779670921878,25549.071023128225,1,0
31.430387554402152,36.29282734503916,2.2947146450937255,350.98927622824135,21672.016955318584,12,0
18.843666331831386,22.424842823893513,4.6688961925487416,464.45370082050016,12802.720957596095,14,0
28.33642430896728,54.27825303677187,3.954698087401763,78.156661244006,3264.126808794105,12,0
34.988441647866104,38.81711780204579,4.513153029596051,143.90919898058436,40318.32922585877,9,0
24.597315499992266,44.19566626826517,2.51887257962698,369.69289949776896,27297.916175167644,12,0
95.60807359731933,82.71539434771785,2.6037322628277573,27.305835802051696,966.7978646024536,2,1
2.7319376814136787,40.62344974729672,4.356838572981767,70.69624180380617,26423.571780572744,19,0
14.577938901564774,46.307015668732404,3.4231605528152835,384.7887202074371,1914.0122951059734,2,0
9.815681175227402,57.446109316833585,3.738245732263129,430.8596457569842,41727.46693400908,7,0
9.050098241637965,21.676838031174597,4.062045936009916,493.28362707569994,46373.17687824066,14,0
5.664173254117175,34.418000536756296,3.6982095579577416,146.33175482752463,3571.034888281021,1,0
15.278605869074745,34.864576675059475,2.278674166014476,117.87855721013723,13308.268260682069,14,0
0.6649702649324452,58.29456540898142,2.3759078538368197,94.33992764756985,3707.723316952108,11,0
4.473516056242599,42.968670379712385,3.898465512181631,485.0526686504165,23718.129237959805,16,0
19.16025112261892,32.552444861504384,2.7701010009523874,79.38887385274718,35930.77842054979,12,0
22.25951559155076,47.862344236106864,2.1509554930377206,52.55631749449475,32463.919424489402,18,0
88.66148686910124,67.51769154681153,3.8874306934656073,13188.94669451058,1586936.1317870812,158,1
87.58984056004816,70.7817381525284,3.9798209335264407,11258.626289717158,4995804.042075816,794,1
57.628293629433486,30.627933276087937,7.377998896945976,11.74809311285226,6700.858244886784,5,1
4.077970607911423,45.429247789360154,4.689670622083556,59.3124656671523,43029.257950948886,6,0
26.25974116504286,21.68583365781743,2.377698347545514,444.54354364476546,17256.605990920438,16,0
2.944286235282818,22.998612227366003,2.4973653045511597,24.22291928516048,43157.04870713364,13,0
5.968220940672944,54.38009372694347,4.504924474848899,412.34697158295626,26515.2988268481,2,0
36.83139382156629,17.28838224675934,2.548492737583146,188.29276933285252,10825.932489491312,18,0
23.52748228166796,34.7806198938187,3.7265715853537915,267.1886588959631,42928.249776455385,4,0
33.366278848485315,15.458306554002657,4.739918879919901,233.7551408222717,7563.559917956826,12,0
38.57569848433808,47.46754126964199,4.5907826601707935,167.3943347888206,49010.47664485861,1,0
88.83450193608776,82.87029586537199,3.558921316693625,13976.12994485429,4462668.165149275,454,1
10.328308418394698,31.490979125753217,4.085472289440458,47.77971598980152,20825.854562855027,17,0
31.10373059356278,56.23274394831682,3.5387511551382684,463.7408559437554,49871.81519401115,13,0
81.3079771057221,76.57023706524714,3.4653341906544535,8408.911951102673,3411463.711583371,267,1
14.988278250388841,21.464451826373544,3.69651494581646,453.4175488708669,9371.327882273485,16,0
16.905319765807807,21.315020736070515,3.6222985760716977,230.92725712155928,14682.05005830658,17,0
93.3950316695715,91.42477232776235,2.8672698654386526,10.485637077375259,245.85262532379636,3,1
18.629144230906178,45.021998803057194,4.504919983828113,389.54622876649154,9152.88194193606,13,0
38.493295138869854,54.32622990473129,7.211124969736375,81.53023280257588,9380.439613024599,4,1
30.204755228295177,22.979795100137853,4.306861230245967,360.21611733803235,22624.58452463882,1,0
11.9642087521574,44.44236151449875,4.8507995449958905,247.39633105226454,17546.888289247847,9,0
96.34394515402033,89.1979290093668,3.4331124306667817,13151.971421757176,3578914.4891796955,492,1
80.32265947468694,71.71633758324667,3.9137546101931235,10700.423222599162,4905747.010797659,795,1
0.4329967691683745,36.831934733604015,4.670261706923553,78.34848751442733,44757.08168973499,7,0
21.627108482109616,58.394958307189526,4.845559689020092,74.41619464392234,15364.840359439122,2,0
54.051294678164865,54.28019225059269,7.204980436519472,25.802232621914108,12966.926556650265,4,1
34.34326008798377,43.248254992227096,2.4471433073973246,399.7494096312682,25777.9882828544,15,0
96.85117476842811,98.24817516375771,2.1342210954351897,8.466610828664722,918.7567636280202,4,1
89.62819112120658,63.853987265938414,3.282947084359508,13431.14268180352,3319645.6952408026,543,1
18.357123087826412,17.22511130852895,3.4830348136510696,196.2244099057218,44192.726859452916,18,0
34.75217738335687,46.62543982942126,3.6198260425248403,107.62111880522956,44919.753590792,8,0
10.96563231939566,11.27972267843528,2.090623313250845,488.83277603608656,38694.06901565144,5,0
64.64332892702595,51.320666113922236,7.920256615835089,64.1132144036075,15862.8715882178,7,1
81.9641368144738,79.4272861643663,3.420209158976672,19510.407520222645,2513931.270859248,240,1
22.321317883903816,36.27892184162644,3.0427853412639525,356.0822754625791,10751.848006324286,4,0
32.246675383635115,59.64437946742734,4.520800137312754,440.81479271624954,30080.868260722276,6,0
68.59214190959162,58.72422620164494,7.57318118748803,75.10652104431706,7563.383358601843,6,1
26.427485343136475,40.44393669576951,4.459430386856422,275.3234684496344,45758.639293191525,7,0
21.96603599537006,38.45611768358654,3.1607173512683824,222.35105901243358,17080.12369222551,12,0
28.536469821330257,53.24719136959636,4.837555235966381,217.49681979653388,32006.472457442254,4,0
1.4470191808559019,46.625221900198405,4.361325030861096,50.99318344550349,36722.427922974515,11,0
82.54224984727226,67.07131296124598,3.4008190925705604,7620.41456218354,1923197.1771209822,393,1
88.83213702824192,70.48603382054887,3.1246408008073088,11858.077032301788,3908846.133116995,647,1
30.783880595117733,48.35311068970635,3.0118526371099055,294.1123935017859,29176.16213849518,1,0
38.14109634711154,55.272341262977314,4.4605279439168815,126.83304337227268,23454.79800854091,2,0
87.8300589588236,80.41987532255419,3.2398980070930103,9001.016394620343,4100026.174953279,996,1
16.176516697058187,15.87337731610159,4.176749149123444,408.6274918320481,15284.815363513804,11,0
97.32582298656527,92.28488605654553,3.9193423603862976,44.29630779150992,941.9081897932923,4,1
4.084553996514142,19.13824720158058,2.5849164161540807,270.8689119996028,36701.93111953746,16,0
1.124550002343585,16.851526569187982,3.395020543424276,195.5510991129067,19789.35187588204,1,0
32.492993555436406,27.819743824037847,4.522710678103087,334.1969462016066,19688.831258537153,3,0
84.97733875429233,87.61186957972929,3.3207350131226905,17387.713150699077,3243470.4269912867,736,1
96.71533461926256,60.877656042297154,3.0388139894363837,7875.391009048955,1678928.5789731229,132,1
24.217307431768177,11.647290752269843,2.989885057252309,162.33922510100413,22956.941343769053,17,0
40.69514169390979,55.547847533806646,7.6454686358513,28.629366200062165,8732.343269970628,5,1
6.809400029791752,34.3969978591757,4.515083967053014,270.6682800864352,2236.974218130772,8,0
15.83138721897459,51.39445739509899,4.028534070309695,105.03310709730081,21234.43482755697,1,0
16.435164881429426,19.36221163227963,2.651831848844764,285.2430678968526,16794.264422768494,15,0
26.01306630361334,52.44711852235308,2.43442255788735,279.193302675827,10509.763985973723,6,0
82.05276750332686,87.25544768392507,4.831212807744679,10321.520742454944,3793112.813068304,171,1
95.03779532625296,95.0304543117597,3.6560074284907147,49.482931670615585,30.797886212828864,3,1
16.83950696521657,11.306522726582743,2.807981955270386,315.7647991031869,35230.545865447886,5,0
94.56873703971075,58.5867205831434,3.0534884656708323,17206.472485755246,1281073.176016657,262,1
15.052110861773663,50.389854236670985,3.1929882086083112,343.51302221736853,4897.372442700504,14,0
29.675713456644942,49.51907794108133,3.0255398897262498,160.94775472382275,11222.363942043447,1,0
13.811902364830315,26.10417366374649,4.2604756133773325,58.51903344268334,43210.40728976934,7,0
36.884400018049845,53.789101474169144,3.4779274036819374,35.199186412500154,11790.821505200849,6,0
34.9908642665452,40.807706358619754,4.1002459574057015,241.11747310934535,15221.317526850446,6,0
0.771847610120262,22.7629950906966,2.1542706358171158,292.0441184044244,48871.861937644135,8,0
21.05202950731207,45.38021786961673,3.4825744693080845,182.98970448618059,46344.95805830348,8,0
32.26813811683944,39.044018871899894,2.3706195160945365,498.00356205441665,42108.55194281234,6,0
20.348873942688886,52.71828091493744,3.8178469268567516,443.67175434716427,18957.309832758416,4,0
30.37679787624635,12.398969145095652,4.3215651606644805,382.03798211887414,35841.461617390865,3,0
89.80714175985652,83.15581263206126,3.6546895079043846,13994.38791674721,1043854.1274728172,465,1
7.030353352206471,52.65723992183712,2.0628037803039203,408.3132257091006,8713.091767969887,4,0
9.427987994499736,24.59116816768476,3.1532682707888866,150.56382193916892,3391.3113207389006,1,0
35.24795867037311,35.36601785580942,4.6664000403207595,483.45353994135945,48694.526167836535,18,0
26.996690881725144,32.647959533006635,2.262112214319182,236.9213252124802,26050.078827953785,11,0
11.650507023456495,59.945515845201996,2.5941630071122264,281.37530354668064,8696.244258358978,5,0
5.581560674033201,38.334592304249455,4.940756221802305,357.1275960039391,34219.40693404212,10,0
94.87432671803948,96.60373055927808,2.287995552040601,21.14239821967655,137.02806797877554,2,1
4.328454900446723,21.39168461752752,4.408207392403327,151.81365276491718,32029.64119586887,15,0
26.38587642006962,29.614329964009258,2.27468251505183,39.137030862373365,45028.13922232818,2,0
14.38449753819297,21.195516776475415,4.4130141405446315,35.47919419453655,15584.042110301638,8,0
22.44351054707704,21.974138363349002,3.6114465492006627,390.3765689553823,47725.1012629307,18,0
1.7742754410703165,46.38497677104911,3.4071689971795194,494.95227530967276,17475.451768318864,5,0
14.36944382713266,18.77996074637898,2.61963050129288,376.42798250724127,24945.984318725674,3,0
38.9276286793402,18.664403186469183,4.543267331956933,52.77853105300979,9005.824455530172,19,0
16.32758369990701,36.25645301477079,2.1223481056174314,190.30890482509898,1201.7033308266018,8,0
6.765117931947433,58.557412285293225,3.6755416817674877,334.2137379419573,10406.022090214585,14,0
4.025456703827288,59.40145487407168,4.831674306009128,30.066744951919134,37512.22910880422,6,0
33.706479157661924,20.849359587467145,4.993109312898777,155.6644167899098,37990.93100440858,17,0
8.595368956750944,13.901825324635588,3.0653480999630496,400.3821215948464,16289.26323861855,12,0
99.32033528794734,93.79643164778504,2.602212002107481,8.894440427998834,252.05675186495813,1,1
24.684029163610713,54.878836448438356,3.0955511417951276,390.148389381052,8160.026401706143,13,0
4.030026970646365,19.940228427381065,2.746663339701696,267.62195056004606,5667.21069992301,2,0
30.77724690663976,36.49339466506012,4.11903968343816,462.09118249405384,13746.001119078734,15,0
29.29424808612607,33.2837197100493,2.6668546015438066,96.0168790389639,1526.9204721482083,1,0
37.737769586427795,33.16712738978098,7.538825125165675,39.79287199593104,15240.332512711511,3,1
14.874988261286418,53.79196202548618,2.8374709935540503,298.0387272446989,18744.07848378288,15,0
94.69461376541099,89.26383113070523,2.1287371025037833,9.77038222610508,582.6775893567332,4,1
17.94084753533641,25.638383362078173,4.518308101080846,256.3724924093988,43974.10999502443,12,0
24.487568158974913,10.243537075369705,4.425296401308606,309.5438479634675,23309.819576553913,5,0
99.66139163340841,99.50192385020043,2.293704020000901,41.51665426030228,67.16728731803757,1,1
35.275273929475674,53.238293587696,2.655562669959612,71.68631289583341,12285.912455671127,17,0
2.07415294110866,59.62730062546202,3.915674082013884,239.22937649059145,19102.840492494648,1,0
14.646556679023393,13.313233400151455,2.9412903914232684,217.5265594446018,7735.956795133473,10,0
32.42328695101183,29.670117279627082,3.9781114864882854,449.8408950542279,23982.841031942466,2,0
96.70378758790558,57.436328311932215,3.439448921899225,14032.070947702568,2461563.9668846256,117,1
34.373262891465565,57.88587056665327,4.897127061636067,76.47705918898362,43692.58423926856,1,0
19.699287401533443,14.019736980936845,3.7251896073471054,368.27097375771126,28775.46068901501,18,0
22.580497726641617,17.699205138822425,2.3297102452168224,34.29114903619151,36798.05837242483,16,0
90.93562081207075,52.243338921240266,4.05492131623708,18264.078173335096,3563936.7013878804,211,1
4.312944760884809,29.304180952979905,4.2658733795862105,312.617852464066,45572.036500748065,13,0
1.310112345931529,43.534901241023654,3.4252862217896305,259.9130635504658,33584.58180557749,10,0
17.33119339362062,48.56057257069415,2.184782603013661,29.806553283704087,48210.8518889265,19,0
23.55031205234926,40.647619338392545,3.5207195761938053,207.559736976787,37575.91937917256,9,0
32.32526304499826,59.15819761356571,7.326780976584351,63.00116867538133,14953.121545903523,4,1
91.52961134618604,62.5544589461399,3.2203719242372735,11825.314165857108,3554313.59380817,667,1
90.68983248166855,91.52438805200819,2.9335056387436476,47.65258243140133,91.89400770554501,4,1
33.111471232360906,40.866380153028985,4.53101630476155,235.05245565167334,28395.454954149922,12,0
23.512832434152628,13.678193921528633,2.5554199258211154,24.634393909768203,32574.636627795047,6,0
89.23672445299027,52.25128166906081,4.3642043711367355,13710.646308528765,1652256.2470790532,396,1
4.951900315160698,31.2694147844811,2.8929384743731363,340.9145544010249,8375.510927198971,1,0
36.42865975821606,57.49558592925165,7.562178703546916,72.59487524820364,5363.819430955591,9,1
95.82336350501733,82.47786727692454,2.1285929024153942,0.17504159379896356,150.85816701036393,2,1
8.563325448174384,22.654415182776823,2.943722395560706,124.44829590802892,13750.98319757127,5,0
28.46063144142212,34.48551508145364,3.0647704480128537,279.9061501433927,35709.22741434235,1,0
26.97167357949104,40.860296695159505,4.397134067185117,310.80069822584375,34425.20228690783,9,0
62.269736758843294,71.68904971113795,7.447186470199885,43.859089590595765,17932.50258768427,2,1
5.222037160512869,14.738965074243872,3.996733718492014,45.95997651678317,28985.960994318277,11,0
23.78473166999841,45.23779199748521,3.750459857095962,402.45212513534244,20857.20961756268,17,0
3.1377744961369025,51.87106254019044,2.977170156829212,458.72301755703955,29846.875258593493,18,0
12.349374265381607,59.933632039807826,4.095107301946964,249.54740859097566,15691.419544294577,9,0
97.71692089737087,93.51125568230388,3.401321839647337,13.920383903265504,889.2248938151932,2,1
31.362095926964795,46.661317831139186,3.3578806653375137,34.16848332900088,15187.495377734465,2,0
99.0389333509276,76.10504535514526,3.727848251620025,11801.949240685974,1346515.795704815,512,1
47.385014360482884,47.613353497602084,7.804404745886931,85.32406601264297,15994.527876677976,5,1
34.7648390460241,10.846119778754368,4.594826394612328,355.62118818761485,16088.720712736238,16,0
80.57834917739083,78.89035195954875,3.723454053864959,15751.32356764329,3012854.000387917,775,1
36.22338231335279,65.54005250747309,7.466418853532676,58.037151027066166,5041.487451759042,3,1
12.647580174331114,36.91336139369187,2.7181713307367925,63.97228480243229,14181.697597459915,14,0
1.4654969987278221,37.03415728327349,2.3005257759698625,190.90560490875714,30398.548228411044,3,0
28.631219940068988,37.64035547103606,2.9781106394132504,296.1332282274971,11757.456336348914,13,0
32.566116025944176,30.1374855280946,3.3207365317801982,195.93028234087424,4575.815180265266,11,0
30.638050968558396,57.58510233672571,4.657610475224086,13.654026053891847,4907.985319756447,17,0
24.722880177699356,59.31189969081836,2.507585949293462,114.47741460218448,13458.039678327486,2,0
25.269537186730208,40.333401724662856,4.251579674385675,31.233265601755896,19087.1185012507,5,0
15.119763078449925,25.209449311736854,4.03867929983211,33.014379942417506,36905.23663977259,15,0
16.418879032883424,30.94799487974489,4.725034552353494,36.64915676849317,47213.40660652964,5,0
86.73714073584698,57.70261075853973,3.2180620940438387,13065.866266923807,4236473.823398661,111,1
91.86198258874826,92.98810326699835,2.296061247005275,47.42787162109269,223.44443237498191,2,1
31.946273718501136,58.39424305993715,2.9093291968379296,54.36720131368001,44730.86582248799,14,0
13.690710214019223,18.243905487714848,3.159190644254738,338.64575598325524,39461.002301007116,1,0
22.423005989024407,50.04169563250938,4.611648986945562,57.94087843083107,37993.78848052583,13,0
11.170380862719792,42.2768601384192,3.1875401327392106,266.01681173094823,36397.7494499432,14,0
3.5306648355190573,37.376632330120785,3.3718441522523595,71.5590968304378,4737.661860894643,16,0
97.341162636106,62.55377262635885,4.728627682012842,14802.391580031346,4496740.184483476,118,1
97.13162930435388,91.14135812047718,2.635925798324153,30.780521074754606,371.0934165985691,2,1
25.872973924708546,57.10489025335399,4.689315750182576,363.39853693054147,17958.184151294805,15,0
23.438452509388924,25.092118778045155,2.723174901013947,98.83094008061778,12894.345861457768,17,0
17.12664270371662,35.18879027022227,4.115696954878446,296.71760851638453,30537.456574847667,3,0
29.78691376341773,36.83396127990442,4.488609106386298,73.78882381463669,3033.6437100445783,10,0
4.530184240170252,14.04509152107292,3.520587640435644,297.325107385132,12501.004989212714,7,0
32.39916930817411,47.69917574943166,4.4728329447567265,494.8020113964466,28581.924443511125,12,0
18.4572252120595,40.91870787147637,4.585621145776617,398.9426049702417,7857.399228578704,18,0
99.16627320517836,96.80267479178161,2.1875969025512902,26.243104607301042,560.2273535229409,3,1
38.243386694003505,75.79206408016186,7.233651966439903,94.43715991509107,16097.784224381216,6,1
4.372268379687987,10.939330826080642,3.741741730045171,204.1885220809352,36101.92604278573,11,0
53.586051915815716,47.578464435579235,7.551911925664587,74.16560560606666,15575.871445931405,5,1
18.963275434895785,45.3909105907366,2.2965431777520706,464.4525865731034,22097.96077104919,12,0
57.59474873182981,31.05983000245726,7.405564683310854,60.47131664897637,14263.945278317451,4,1
19.64743925699245,48.77802441427144,2.2178647781647944,119.46106086172799,16538.322668743844,14,0
29.438407268021955,29.753092185616328,4.265757225727309,98.95305387134898,39101.777492658926,13,0
6.3777852426293125,58.94420979884887,4.462391464077428,364.5691718788546,48456.49905357013,12,0
0.20118678654727606,12.395722817833196,4.228819365167565,382.40243350732635,29914.92208091407,3,0
97.86094949205258,71.43959188853228,4.954016336003965,10741.814556040847,3264394.4349462655,739,1
2.112821395088016,56.03352446164113,3.5012129538130745,153.3665624941447,18822.15339700261,14,0
8.055287198629934,36.90776131345059,4.422336296882344,41.0443693805706,18727.503743659083,8,0
95.71123390208433,83.67929072513444,3.529091465336277,9.706755168703646,978.7180228893798,3,1
37.470754467911014,20.002844171881048,4.852410914108634,277.9772998265732,10164.904366351993,18,0
41.02216061073684,56.011909661763305,7.47195423713147,38.50902398847359,14391.411282065914,6,1
14.893890659633918,56.0123625577244,3.459943282769622,327.9022601686678,38453.950539178266,1,0
93.70857861154383,72.35744368549427,3.669971046348196,10287.52279618995,1154443.6026465425,548,1
42.42973027865858,61.45482591574977,7.712776527546424,71.80320491331354,11285.839940210435,1,1
99.17818584517204,74.82519702367675,3.519595957765146,10407.500478709,4563378.4448097935,783,1
0.3590173209173564,34.58179550065349,3.1205095566008176,140.16218967595356,12309.593460213477,19,0
23.26952721376287,35.49945314547468,3.8587686356185253,299.4563357155842,29579.46230612488,11,0
32.411191351618356,39.27690992409519,2.0143916991540443,395.51428024314964,13003.829936798214,17,0
92.5117682215901,85.92285179957415,4.934123283860526,9390.541230928622,2959344.9905731175,632,1
24.388760291184433,20.094737128297858,4.638067107771336,149.85957286257144,35166.08566786974,16,0
61.60052581225834,71.08229691687625,7.172151895145317,16.134943174029516,17210.538573378777,1,1
36.951645320696265,51.514436384093486,3.138498408538956,201.9869022541747,2840.0926831163033,19,0
38.972493482838885,13.270450031720362,3.6766353752942385,86.31710992001496,47353.82052829374,4,0
90.12695976685471,70.95861326922498,3.6884330602944644,15129.028596881477,1667258.2268493078,416,1
10.960046009856704,49.31770584874923,2.0239873475432155,431.30243969565373,27185.640543029727,10,0
3.476095195896649,16.771799364676372,3.2356524324171314,221.06350533940739,11146.661962468954,12,0
98.57091696717922,81.6203151255097,3.461515157974857,35.88392107565967,766.3708261930017,1,1
10.44728062352207,12.39568900252266,4.050558920571163,355.2957395171658,44141.28116482883,9,0
8.963572787067271,25.987790791744583,3.8198985372292906,268.81685802103,22729.672977588678,10,0
5.360611060800844,28.317520943166283,4.020715028620921,236.9661847833905,14040.769450186608,10,0
31.531168737419236,19.686540526656295,2.224594205462992,128.11466284445223,24017.01788199285,6,0
32.254460221642674,34.954821576091206,3.501865093971976,118.32150512384706,8026.084167123883,8,0
2.690087852367218,21.667962783057853,2.2842545050654706,363.60833421442715,38169.44943186675,2,0
38.60078726383721,57.336868751234135,2.6867694282636667,363.7738838733845,24036.679874834077,5,0
13.866543076668414,46.731107280343075,3.6519786701338877,102.558419425341,2651.2220092278335,4,0
2.235452870467811,27.858651926207003,3.264392847738709,76.23511147439237,45569.64831774288,12,0
84.56074394400737,73.71539608751704,4.699741798368598,13220.78588073624,4521007.279325298,472,1
87.44898070098486,55.80315015187861,3.338034038675178,10573.547796931452,3283061.929784628,353,1
37.64764884952313,38.728514673092825,4.95925991287892,71.57102728629674,38202.983320353385,14,0
0.3306396022075875,12.995221487904121,2.85204503199362,237.28342221139522,28105.51143461834,15,0
33.01762753190782,48.36299116807441,3.012487131787667,190.0971400986084,22263.948345595876,19,0
11.034376408864631,58.76648606264881,3.135889936698721,389.3635209720084,37068.979868390124,18,0
93.87160926684115,65.96276013356324,4.086180020716319,15009.993563381144,3968708.9266287284,386,1
7.443048533235768,48.78049681303709,2.138802979563586,21.121264409762006,24512.203105288434,1,0
24.191465891889507,37.50691237136495,4.116664106886977,97.38867823445553,28509.58445377991,9,0
36.81794161605262,11.608158936704307,2.755201796022849,221.22803468377313,16371.642395305043,2,0
13.863087888541052,56.03881835693209,4.025257009086832,267.4572754354115,40793.11897943357,11,0
17.66068064554416,25.836237209601745,4.911305583850977,55.8191875674449,27565.39533929777,1,0
19.034507229478983,29.635074110086748,2.879524113937771,483.8743779168535,39996.06373081803,7,0
50.79993951882496,32.263997491458206,7.510774882250374,21.373725747215992,15696.819771179942,3,1
93.44890545065215,95.59022928528304,3.6782065639602086,1.3090719580594212,471.69414836198376,2,1
96.86734900522042,90.9267977925178,2.973625872815936,12.792911662501977,126.15583461961133,4,1
33.50850257075761,30.386823899200074,7.698717689568377,72.04888482043883,18476.013505257502,6,1
16.012849623168254,13.701450398708806,4.172676623393723,431.41754586601155,44125.258068815,1,0
38.686812846935666,11.09893067638448,3.004987767310628,15.218401212532768,3367.633040467736,2,0
61.76935807459604,32.81696695396291,7.733180187083718,57.0642500794504,19123.043718116256,7,1
16.473339094229054,10.897091951675632,3.8126990138604673,121.25902558815847,2716.584578709286,17,0
18.850602138178946,37.45245799146464,3.585929410994868,98.46181215859899,43881.546784903345,2,0
8.78250775987599,49.041765163269254,2.134614874165165,190.23586513393153,11869.519509009606,12,0
90.45416863021617,90.60838888773267,3.8243026859562237,25.793916296960706,122.65771229338118,4,1
38.05219135494817,49.186808930793035,4.933985274895387,235.956495270686,38893.03331133875,7,0
12.494543241019844,17.447101549217944,3.121585147321596,403.06488951726027,41712.104733171196,5,0
69.55347896807928,78.50944011534664,7.330969026178513,20.661744645954446,6676.662374316657,1,1
6.644284151301898,47.96177553600117,3.20358009791093,439.46075293875214,37128.80507583698,12,0
34.0993296927453,14.114877736369444,3.292649443613194,302.5403625984182,40600.97924661473,1,0
23.578362534375934,46.69607084501682,4.196152333269614,477.0136869293961,23711.800243249785,10,0
0.6766028437911942,31.843530545968832,4.090939113806561,35.59134916665202,11109.105343553183,5,0
19.665065782102182,11.657619008229922,4.85727266492481,184.4160729061128,27182.675453586555,2,0
11.701167440674336,20.937458785129174,4.986301093163307,387.1425920457613,8945.36849112071,12,0
28.271475751283855,38.61855208417664,4.752209810253342,481.03299363632954,25528.675828239764,6,0
84.8037021401565,51.568810809433266,4.308999602916011,14868.322660765161,3297642.6728761415,484,1
2.213008374008978,33.896851003235035,4.913803023298186,453.93173465943903,19997.535693138885,17,0
28.83465283523616,36.222367074080196,4.446107628187317,444.02133510403195,26982.584619345867,7,0
81.07354249872697,64.45795968920405,4.854325704636889,10349.328071986147,2020865.0952315077,304,1
34.51746416636518,57.02722032671445,3.9684266647290007,286.40423841819756,48811.64373891732,8,0
13.453820009260578,15.822390500697711,2.126542494875708,182.3349936168065,38760.58058576854,3,0
39.42459496507873,35.471895292032485,2.0998571456465114,308.45106228644903,33844.566480678346,8,0
39.6757886087599,19.840460545925268,4.349933660716623,394.6872762295201,24866.959160622067,12,0
6.764179834296629,27.12456923801482,3.010734960584667,262.46106441964093,30063.78287862072,3,0
18.05415408402343,16.236221710154446,2.537287864785843,115.61378361808936,20360.786097174187,3,0
24.913713528645612,30.283425789217358,3.30817451091471,469.58910642275396,43055.59231916113,16,0
1.2507174479514216,53.81862974132253,4.471633440275411,23.656110087068832,33033.36739228337,6,0
96.20419481145325,95.37003091945739,3.899953102086554,28.313505325068817,20.25564364512944,1,1
99.60309649487637,84.50269280553495,2.7197013717151677,27.968909505416256,684.8583019227273,2,1
3.235691982342277,11.784630268415816,4.516226951507453,434.3619084734657,47096.543523133085,13,0
12.489339037229215,40.99228636476434,3.335798607368192,180.60373980143007,35223.43771656555,15,0
24.792019703697733,21.07381765359464,3.229403887003635,194.71635110951308,49798.472385859466,11,0
13.666141133135383,21.827980887953103,2.76290121674446,143.89183356243814,37592.248539143075,11,0
33.52310603801877,32.7067246600563,7.943442304475331,71.54228226215142,6449.663752369313,1,1
29.188646336633354,39.317491506563364,4.22862364678488,167.80052242516658,48631.3811792572,18,0
31.53922692329597,32.124277711750324,7.073200468769645,76.97794079759468,10270.990935729329,7,1
8.260719802706976,26.30205554114251,3.1449767104994866,478.3758671660278,28113.882680911967,16,0
30.369236777467833,45.57213520573986,2.678300647834803,279.3726403876476,12266.018126528095,2,0
61.40386781284466,68.28950469414545,7.821890013097586,88.57363833415981,11359.684778105466,4,1
10.442121346587129,56.72357058987616,4.953087388453541,336.24895482860916,22164.366614997238,5,0
90.15515757552537,59.5536978982202,4.736624626585831,17061.7519678092,2009341.2518708752,226,1
8.694880965188432,13.916527401643126,2.6929847354873777,341.14589757743653,17598.029742657258,2,0
12.806977680659912,24.383054368457408,3.41877254071549,402.2472046800919,1436.6626028834032,17,0
98.04877613216742,83.94516500519603,2.2721363185743737,21.630677326667012,589.0100975963246,1,1
22.770199131802983,10.836309579242506,3.9162821100259575,354.8425571717531,47866.38256205901,14,0
95.8877024458879,77.81140620438788,4.6248309416500355,11724.404597851451,1743602.4046526938,720,1
16.81245485461436,38.982906817936204,3.0360721508708313,130.6578605663108,15163.187348995425,2,0
92.52796747493711,79.55531707309126,4.280310747541324,11811.909581932097,3211487.99674922,737,1
14.73109876812475,44.000903489985895,2.5597430250762243,208.3198631254873,28529.854580009775,16,0
1.3738025261092224,43.47233760403264,4.270417267179273,76.18464434298934,32234.824461987704,15,0
94.16773920959508,93.58365538660937,2.518861822531663,29.687697226738564,185.87685630550254,1,1
14.82302692868052,17.768887922197422,4.728101648045289,26.137290720121705,18250.24356538364,15,0
38.85128087540924,57.79137721025084,4.405277599934615,31.03021634662341,11841.982291623004,14,0
17.086557739288367,17.766564501557312,3.058603581589639,210.9830621142004,11507.817868029786,1,0
25.992851419308476,17.790547761756567,3.5084820173044413,338.2792810483132,36256.69446656327,14,0
8.80208198338035,57.330957847946436,2.911417560495544,231.5228156444368,43541.621109837026,5,0
29.030597044172467,44.542656817062465,4.694019572411094,438.81815410335224,16366.218534669673,8,0
32.5940593424675,56.2194940752033,4.358875453060037,328.46718459787826,38012.41870301002,19,0
6.11839649983954,51.9500627070341,3.5020737377872315,444.63399167607423,36423.52519907057,16,0
15.08537187245038,33.55696937230216,4.0799840319961485,294.1078933056249,36961.66040480031,7,0
18.744451205072437,21.13246513326045,2.955015510860778,262.072200807373,27659.50759819655,11,0
96.30058824189129,80.17657096314807,4.934009936416521,12062.236984351839,4720878.337830016,114,1
27.061098893930303,37.326374419627356,2.9787173110038165,218.40733167215427,49843.20033234819,2,0
10.306858442202405,13.00175720210893,4.287726347007408,57.726163714326525,20378.872356793436,5,0
24.232146274714836,39.55785644320247,2.022152131645974,165.94803887778136,6674.663470776648,12,0
25.747640351400353,29.049564384950212,2.1676007644570636,261.99106049597344,9141.54355875418,4,0
6.841564444342696,21.204563135556533,2.570919117207934,303.65080516767426,42695.27820645848,4,0
91.0640830955962,78.16269835762245,3.8364503180402982,19429.749040501214,3573941.724144572,261,1
88.1488131355667,87.79357050211061,4.989050243645574,18806.925915273197,4663764.387895866,227,1
2.6342927553752604,37.65853442326424,3.804560913592619,88.3077258403114,28778.047821844175,13,0
34.22002231304981,18.180117786095852,2.2460458245993493,367.75826046068823,36513.28259755183,2,0
53.20278016340939,40.813536601139965,7.920744640993977,95.55159475149404,16036.102166938033,1,1
25.432626054257817,56.34641059851266,4.8348923360073925,172.80631986977173,39618.343663456166,1,0
92.9295262773128,93.17855407591372,2.2499571125809386,15.23142265230173,47.93224706862232,3,1
21.731095862542816,13.802506911481041,4.28618829763566,476.88035246917696,30465.03721700953,10,0
1.220447173619621,24.62790304857068,4.349718497094505,77.32409237098355,19006.579764445065,9,0
29.88133792199254,41.64533931490108,4.201303084899131,142.316137006403,10065.555750212568,6,0
18.180138456555113,54.97750942790437,3.687244236144136,74.73567375571488,14603.29685535977,4,0
5.516952140394009,53.6535518451567,3.5708645347981465,406.74911624947066,10771.66949730599,5,0
37.847950273717586,55.673289364384566,4.250384191826317,412.630822047566,1643.8080573212023,5,0
21.64653885411237,46.49430259818677,4.277973032270024,108.35961926794393,34382.45219031432,7,0
17.848571758971318,40.33035925185712,2.9393051728157547,264.86215493300926,13035.805773706812,7,0
34.04825193592386,17.364346059063358,3.623854515779401,23.05929804971477,27688.024869699115,15,0
10.332033569118337,59.99142329987507,2.640499569753919,225.8030216851586,34548.88152651803,4,0
29.866751691883845,26.137095394678674,2.4233714443527083,320.16751109027825,10765.918066908476,2,0
2.927362450957971,33.71444401041792,2.209198687933285,233.12197359663486,18323.054132989357,2,0
84.52244193061973,81.95003049328898,3.659955672116323,11628.475568750462,2200708.5078678937,615,1
27.149543649973804,19.202584050736647,4.896725868306831,221.762462192459,20253.526959686602,11,0
13.510658231777214,11.450810654867746,2.3811207230344715,181.22353515504628,22944.398384962507,15,0
82.66386837203761,88.55012160922925,4.558135306648572,18512.181090784252,2764740.686173837,447,1
25.099805755544033,58.918711717552966,2.564999398737485,160.5214800430105,29446.195682165762,12,0
22.460500355011824,23.627298816595875,3.4692211482318163,103.73111013341126,43259.47831626934,12,0
39.23611156482757,38.34740549199617,7.364146143175881,84.52834900140634,18091.741169472545,8,1
9.455400200332198,32.15235522814965,2.754505644370367,394.51191295197657,34880.00884426492,7,0
16.390529390643756,46.07161088275596,2.009823183816602,120.49705827129554,10109.337667995409,2,0
83.46327348351605,51.2674460147338,4.510376280910088,9064.452665364057,4174967.3745291615,807,1
53.987280539915645,53.92516205567205,7.045383371460453,86.7552664554147,13873.882852306571,5,1
0.5349398560614071,16.20209517404568,2.1113673594464206,408.9701864114761,37182.13845356201,6,0
8.972570148352105,44.80544588292274,2.9435229580195683,303.157286331019,45519.750305620495,16,0
31.506979030920984,12.127778181649608,3.5303087408944833,19.68218771339734,6609.033846070783,10,0
95.20572502406708,87.2523911378428,3.466586171471671,14402.482464933059,1271262.633739174,411,1
28.713978406712407,52.078785868218574,3.943182285876778,331.2733118845109,14800.399019428838,2,0
39.569759846685045,52.599982655801554,7.902873139684998,89.09808051702414,5601.269081290808,9,1
26.76165231314744,17.24484041577897,4.452798118874661,17.309703774191874,34956.029059631146,16,0
1.553340148457698,35.20517330711603,4.322451533560475,448.6087468221466,2359.579453613722,18,0
97.32479194536727,89.48163567872832,3.50305352182736,1.2984933317199188,589.2289646685113,4,1
32.894410267113365,46.276060813415825,2.979151067780768,218.33695227904258,12940.591754219966,15,0
0.05503015560533786,12.35413938162421,2.4759978820170967,394.5910908335708,44387.72151581643,13,0
14.856623254442777,53.68046166809314,2.4101090882561387,156.02825461563873,33450.39516882227,1,0
4.457575894038102,46.442739971677454,4.972620400778198,224.39403343108333,30954.15007088822,1,0
92.18184085537477,87.95544682933473,2.030812945662853,12.640150029603896,657.7241034212711,1,1
8.786929498380758,44.2127228216173,3.9384843953149997,138.87429061451624,28940.270662281513,19,0
14.85743892938871,38.209685187739524,2.8922142892571987,309.9979860402645,1357.6233926037532,3,0
81.39629134180085,50.70629831992412,3.9162292807415278,8638.526792413737,3683760.850234984,563,1
90.93592755095693,98.51416920001338,2.6953562750532996,6.22521088272352,605.01141803676,2,1
3.56796365250593,58.93824239686744,4.02668077077101,25.301367368436736,2177.303323033551,15,0
30.996372787666402,52.902976151652894,2.7515146380190525,163.90119892743817,12339.931560465975,13,0
36.170502241207025,36.20973038283452,3.1016644129513584,349.22066270394066,17347.028606938442,19,0
4.104353924949282,23.901815458309535,3.1908468064494886,196.28215056538056,41084.48105650363,15,0
25.299815620439823,20.84679092311132,3.309823559989351,287.13545840090813,4017.3566890396582,4,0
9.904656142330698,54.81713411674286,4.945573712473764,86.67582051924366,1578.5607543717738,14,0
4.271836521370318,59.73015802561257,4.240557160980155,145.48928452405823,29980.81591678326,17,0
33.945022832426005,22.045886518977873,3.842335777083888,151.70724822946602,38889.89761121467,9,0
91.53199970173256,88.98154577644421,3.8525369759509247,7.755098268180937,854.2474938915246,1,1
34.08419729735353,58.61398271670142,3.104878449063392,110.65621908142799,1387.3220619638237,13,0
16.722888081741377,10.955404458325171,3.205322432041282,231.55816594456323,24263.412408110293,15,0
24.596103673569356,34.59570564514278,2.9284634739172803,74.92725458099042,7824.21766302541,14,0
16.807607865546146,49.21288072140081,3.4711643977476845,342.0726254293867,19589.34836869563,13,0
40.649144510993885,75.71574401394767,7.184410969117736,86.0108177473592,15722.263586674419,1,1
38.67006413264444,18.21957383261293,2.0751406652405473,284.9575251673554,9493.559542670164,1,0
36.69969543835039,23.324314533022985,2.457158561885034,298.2301846377465,3502.883093228467,4,0
21.53503362173558,23.967286425193514,2.3232882048007575,18.993079690171975,18214.141470361006,19,0
38.165895492833954,17.612231887355485,2.4638803966873817,107.35465935367995,14512.668939310215,7,0
29.278673940825087,52.70769383865425,2.937765680685782,262.74764931489256,6209.564068094177,15,0
21.170506549938757,44.015062402749216,4.019350729405556,49.3407717524544,8624.727532212368,16,0
39.17806805307529,19.029173987560924,3.748027686494204,341.7075150979485,4186.177271999624,16,0
5.489198537281328,16.32622585215116,4.301568410883357,451.30716042992265,25219.932265387222,3,0
9.755716300160735,28.078746564969983,3.857240854992188,354.36662674869456,34547.845045263115,16,0
12.762514153263274,39.98883444185739,3.23337486298692,387.55240091481704,18596.277767714266,13,0
1.2577373818887283,45.78721178038272,2.0910515661314544,410.1806380848351,12056.850683240626,16,0
95.57276063580711,73.54926065022684,3.9657211930079743,13821.858018060946,2546718.04752928,913,1
29.24369582640068,12.39676747585889,3.1445536159026846,345.5705641079503,6531.438434900085,16,0
11.755842838451262,41.84617022282202,3.0086879526869668,375.37371356979133,22937.37958173749,6,0
97.2228258374854,80.16671862986178,3.0303246216042803,5.563404390829718,951.0977746892155,2,1
33.49012823498835,30.076020595790062,3.928792747157172,281.59884320510827,2158.4043534353723,9,0
39.73709450022107,55.24442585645414,4.874391782100106,191.2716922250987,43434.491000509595,13,0
24.126368289489697,13.875829049453289,2.486371427709636,34.606878061864556,3500.2709563140147,8,0
91.56763621772247,99.34703604850841,2.6315216064025666,23.220526250868655,957.5151531207573,2,1
16.474834903559653,42.98799681362991,2.1770748178931827,27.286855036353458,12718.412341553349,3,0
29.531086782244202,21.050150948318084,3.5387676507442887,265.8445090990226,39289.55081915785,15,0
25.061084918304758,44.49075012965831,4.724126912846576,97.9056702745836,30363.60367567098,16,0
81.27152982738852,68.06817217007541,3.101249103620928,17492.956862372375,1825818.5100290985,147,1
37.86578313312985,23.15230165928881,3.447500802025882,403.05530633739716,45375.2268168534,14,0
99.51669034295936,99.50699309382738,2.3703409484860067,15.002985201487018,445.7261332089726,4,1
11.989829604754023,55.49099603553755,4.6743871211444095,285.03526615028056,9712.032221871399,1,0
11.942275817476284,12.624695328888787,2.0542122493434625,418.18902236152064,43995.032899739614,13,0
90.4207679778571,69.8920441058362,4.773673601123001,11831.448273798644,2030512.1071538716,834,1
95.12257189571186,61.556419721722044,4.988767635897397,7495.050568091592,3361451.8418397075,252,1
7.599580238238848,20.88912077202346,2.17368210816248,491.7940793212682,40882.426872936885,17,0
23.283972994801406,43.406476961421376,4.90148901944586,138.1163431584995,43503.26725764072,5,0
53.95720585396492,43.429588360993904,7.27364133841539,48.29175548401959,5722.82765980568,7,1
92.43118359387418,78.08460882312137,4.798867482832239,16148.62538866435,2605272.043459678,803,1
23.644686026078396,16.89725500534018,2.158051904969278,115.97835443696444,39205.058708434466,4,0
19.984608070825296,13.597085364931612,3.707548012891527,219.71628373282726,9512.016214866322,17,0
34.068949155105514,53.940376384265974,7.922360006689934,69.01858641723886,14612.050691446022,4,1
39.997021948227165,15.030462004936986,4.5388981066077285,88.31653245613273,46277.33090936005,6,0
20.819942840982826,23.561675412649155,3.310590446706902,285.5813761194583,20709.988132444178,3,0
26.903813105184966,53.4499763113841,4.7663155588365465,243.8160905063816,29866.889467549263,17,0
31.783783121125424,57.2369552142492,3.868524445555925,339.28061644628775,15837.56502257814,12,0
14.646634195870618,39.74226865329723,4.409607393456348,490.6442914972716,6306.627339800314,17,0
97.7318103654331,84.9982085095337,2.369060439452582,30.658879277440338,421.55647689460596,3,1
7.383521775097757,39.922379659130556,4.930205144563681,385.7524611664458,24450.490642473516,13,0
31.028046690797154,41.0132354981217,4.54999006048482,180.0985384545944,21008.72666282289,12,0
91.04389311338194,80.19285756943131,2.0422572068764584,1.0867866290229566,206.80454509980274,1,1
1.8374188826424254,46.87244427889579,4.745945507962219,307.24738136702626,6035.741153735177,13,0
14.682998316066218,43.66240713402481,2.4413933106504793,363.14168636225094,9665.833802819696,13,0
31.074151911764467,37.16807251730806,4.42895589258104,81.88147330935058,10163.768138101881,4,0
25.75949890411019,44.648396144643215,2.5297439172645135,99.46234782678182,40898.82408230659,5,0
21.708135863036105,31.712992292372967,3.1025299186476043,325.64823081734784,49851.891426537426,13,0
35.860160863801646,52.85760464296809,2.1840549804297766,284.31159425925205,15141.559065183008,11,0
41.90864739581381,70.64351692171479,7.336848188092964,33.097164748737676,11230.371053362553,1,1
9.608936587894918,33.00107519600468,4.719050901069211,276.09508901314416,19355.15756719432,8,0
57.27730554374908,45.69487420948704,7.381393959885572,62.282141833374865,19753.12785130011,9,1
0.7368366232643364,35.94039788540293,2.0884126135139534,198.74171109336567,31286.983837377607,18,0
12.344114128143824,34.29149392359835,3.7297572196018156,66.6226423801617,4399.074340772489,7,0
33.07970147139714,26.8134561000278,3.21417092935237,251.7796289554467,23218.69411447442,7,0
39.74901808142975,48.95155672261495,3.5235892538202034,473.9916951833305,19410.058140615773,14,0
34.11049717988692,24.169440735086717,3.6874648662292406,400.825112956393,9344.158816067182,14,0
90.66444090168635,97.79486750049914,2.012689680232575,35.665349937980466,367.6952569950356,3,1
5.787871556925954,23.035378843298616,3.37115532977338,408.66883243538587,13073.491296241165,5,0
21.607128487376283,28.039579246717736,4.86030067065121,207.01419249096568,37933.91758962874,16,0
38.00743132105247,27.189675501726775,2.0666350448406297,12.982517138501823,30029.695351518876,5,0
32.28172162843268,13.82963798767767,3.0133890738278355,131.3016205536751,34582.76339972545,2,0
7.362288368374537,37.581067603158345,2.6144993658538818,413.4264649604354,9837.183202303586,10,0
39.91307857606482,33.938174002334584,3.0228333920793804,405.3564801850162,48565.446822523125,11,0
94.65097141186045,74.89833003819734,3.006316099397787,16286.45014025548,4368661.490496668,414,1
26.484416604539827,55.10717230606166,2.5276916014645847,63.69345181745246,31906.879526493034,13,0
11.605166421466624,36.192374554505136,2.255474514220592,366.80065184236827,44027.26447996548,16,0
24.018193332516798,45.30937387415503,4.950097311591086,328.2564404964402,17756.329874883995,6,0
88.27250342036977,83.61243218779416,3.878033966540775,16323.42928700753,2106612.990271045,571,1
33.51014051960495,37.09149909852233,7.654373166596514,16.99510830657335,11507.131355226447,4,1
8.810859689555297,58.53778604545445,4.303658670785452,494.29967164819584,13773.397391023578,16,0
96.21086745600884,88.21127332320295,2.3010977937093777,8.203631716587322,708.4369886675536,3,1
54.32570319252156,39.83854965200343,7.475988212160363,26.655584069594656,11305.736622489661,1,1
59.71879870788231,46.44599703044,7.661008523192272,95.81105064961743,16336.297678007599,7,1
1.3709181128630732,31.569326409980295,3.374633630451335,163.3732652925554,18758.448055780842,7,0
34.06922710532692,15.876845562116966,2.573375624021378,33.46641497802321,9198.440750070778,1,0
9.830836853924216,16.38197023846582,3.3544714994176563,313.0955903345614,42569.038270332465,18,0
85.69797229886268,82.22328329142096,4.9466439918591245,17694.71102346511,4364156.997825481,102,1
14.513615156939078,41.858123453801795,4.186493322583427,418.00322281459324,32902.618736664284,11,0
33.27313977057135,37.02829314835676,4.080265921353669,307.0400667246737,38950.80608629538,2,0
23.275098937887915,56.59122635523335,2.6701471202278007,111.27153669318884,4473.283953065023,16,0
55.57758499815586,72.95351102181256,7.342508689780348,93.53846168229474,17805.969423097624,5,1
17.386752877955182,56.97012182831756,2.832018719830882,264.1864252994569,35832.03005763838,11,0
35.651722273677244,46.0939215135987,4.438029144825335,141.04119544949128,45409.43368199158,4,0
57.44835193311665,50.89669061213284,7.698229155665879,76.18437727518783,10464.398287532193,3,1
61.174500044137005,72.69173136079586,7.141070132277777,82.50783653856777,5964.9818568888,8,1
99.18175178895916,85.04647741379013,2.213078096365945,38.037847217902936,614.9493770883453,4,1
39.794628880012745,51.6627186442382,3.8121208554241646,162.14744904323132,11300.01152690642,10,0
59.781473957127574,46.57035585000141,7.379799228309899,92.90191434797669,13572.142250611681,2,1
82.22807574305932,71.22269870988795,3.92253908551186,9688.526251748728,1334505.5181634938,548,1
18.546735991897123,16.23699198231466,3.10366895849961,50.40191088077016,36031.63233295401,6,0
6.4361196473697335,15.181587445972387,3.0528810533614084,380.71998621709605,19532.716932339397,10,0
16.956837380503362,47.15018299553617,3.8960250890186447,318.03538346026494,27477.661764988585,12,0
96.2057180287463,81.47138688896037,2.771006667741002,49.6924148126331,305.8902967101671,3,1
34.34222805348492,54.42704761296691,3.5394361842041975,77.04791362912633,32952.48985676648,14,0
89.86661800701698,51.630253877432615,4.508996604867124,17168.7260645732,2705568.9142538225,462,1
6.029308029793956,25.8087635427436,4.3290456049741275,446.2086594343552,41844.69718315265,13,0
36.68650987155044,37.984875976098536,2.387476852751072,243.14993882372653,16918.70650748784,14,0
8.51996820843639,57.09708969710903,2.0987703318806217,351.89139219657864,16443.96824714358,12,0
1.8356376705089472,44.90804555920906,4.486422191730126,30.42518057580758,27096.160044736782,1,0
2.129064353741925,54.70849211003639,3.0097437862983014,142.84243699545337,24894.119905602736,17,0
21.81721008940776,48.07847211056905,2.4703129316183112,312.0219383599284,25207.142156246002,14,0
36.88369694431654,19.004671925860812,4.799461649662594,356.8010334895689,2890.7627200897255,1,0
13.394181691592756,49.75210643081249,4.064932591511392,126.42364904223345,14665.088912879975,7,0
7.968699689656127,54.713034315135715,4.327171726389244,220.67980960466363,38423.76446698939,16,0
31.127314057738925,25.194829888711574,2.514106999562808,288.02020700805906,46721.36678192907,18,0
91.22615821381662,84.46573915254339,2.2488540612086663,1.0846714529908208,266.19609676559264,1,1
31.547904450621573,64.60666409229842,7.560494334106245,11.574786679068378,17476.23141200289,3,1
11.084702560135963,36.50717978206989,4.3064375136981425,179.77870557209957,36751.9054516777,9,0
66.73883371519437,72.68892820813403,7.939158542895653,16.11162369923909,16737.136084674385,8,1
39.26510198902336,47.82213305113428,4.437841306683908,71.86503647940968,39646.5087293982,7,0
39.28456377292391,42.991012264383954,7.433755336127764,43.44504488368766,12256.604880468682,7,1
28.657104698995997,33.91215695151175,3.3017492115191263,81.12752501117825,17135.84144359676,4,0
89.86757925990997,78.4708096294047,4.385610830237164,19965.774470932643,1667814.3569594054,728,1
7.002711223836466,21.538610888819477,4.822746813599382,203.51837008365808,43541.3373121216,6,0
26.735800325411482,31.95392081504184,2.5866658665119098,376.09750607570965,8142.339376945177,14,0
22.816076898358958,57.93140935765897,4.532489233219843,485.0292130217555,10042.08142919863,12,0
15.835777759459937,47.648938578789874,3.933856135881851,84.13508874645785,39149.56203458112,8,0
10.122545838473433,46.7998033498945,2.2798984523897206,13.77321483581761,23087.63083172565,9,0
28.952324665306357,15.908507457779017,4.583931562608743,297.79990743058806,26797.162089084195,10,0
39.90176123859581,32.189720764855494,3.919585893962578,423.8447357550837,40650.6687389758,3,0
38.246242141087336,56.1794896468871,3.6418842655579198,276.9545489417715,42545.091263986,8,0
27.068041019199423,33.12594823280478,2.0525295043720027,113.95975564028336,20180.655317867553,2,0
39.1541821963847,48.677329538178704,2.6847602298556676,281.43802004869514,20938.518641962994,2,0
99.4142677276515,82.99140054062946,4.94658850262372,13540.132978414123,4210659.014775182,952,1
32.16774809444117,19.916006800943215,4.9976552434339965,57.9147169709453,30743.584122452598,17,0
31.30952491030925,49.60611721047931,3.6013022132341415,300.045987467072,13350.302526518155,1,0
14.454734025350767,12.957715631926922,4.833916096207389,369.85540459403563,32533.126005840964,4,0
36.03949232902937,50.972256097060686,4.139250811879073,362.70125157540826,35291.59463608016,8,0
31.21398395353815,52.53797072106052,2.8457467448994898,143.5647615266297,35112.82926334011,4,0
13.408936904753785,52.3205936834804,2.358320500495731,473.1999890607353,42200.88450668895,18,0
22.45101862718007,31.054336399721862,2.792726289704235,71.58076028624517,38221.419994347285,8,0
20.995533794185146,42.81623700393958,2.290077682272685,85.07822502049162,47797.27018405971,13,0
3.2229233444315852,17.23806403718841,3.391327529757648,415.8873693041246,12726.389569081872,9,0
24.733148711792143,53.62225634402498,4.27544470089177,288.26719153287524,32241.48327560214,7,0
92.17303371738168,61.53290545672117,4.55765013161344,5641.096367628708,2621519.348408982,887,1
36.998384440157466,44.19959968146004,4.50369402102295,260.8161076618194,31738.37889056879,13,0
27.89191844044614,27.361271995573517,2.9307029665576363,433.7236130854235,36281.22248717668,19,0
88.74056932844951,88.51684784189914,3.713516737556163,19004.70153832517,2445480.6680348525,834,1
29.443572699004548,52.89162775966713,2.737971234827781,474.2648459663284,17677.918893107897,5,0
68.78176378878445,35.81722001745263,7.397243520105514,26.068574751083286,19876.157837097155,8,1
9.659523516594097,34.55628486118573,3.084224513575893,22.36589336111791,14907.222928804633,8,0
23.186780117828217,41.06271771486114,2.9075995132169585,491.7953568896453,15927.379567280825,1,0
37.3854586404308,55.213589703901015,2.9812242563095106,15.21848791035222,16409.220635951366,6,0
30.203452589013157,44.54142049123556,7.865982510675389,25.71827065783088,12499.553517102406,5,1
21.02361454329889,43.03521210934149,3.4568130139160638,325.55414579487956,28837.444920845424,19,0
21.83753089697455,50.230601611365024,2.931624001283519,258.69225970279115,30428.888871249957,6,0
6.363486852254212,59.67407204016053,2.642677193141024,300.49077580128267,22169.859959097557,7,0
9.147751005053602,56.981685632744366,3.1501364007265877,447.30340525535195,42204.49720952314,4,0
31.833627830934397,39.60543745224841,7.849935422898824,40.711605444503135,11772.333980756204,3,1
29.872806318347635,45.469093281664534,3.5766452619316844,320.6278637634625,9322.840521565467,12,0
12.73321096338253,52.17618454906287,4.250170985610339,285.717427692732,3342.1065862282717,8,0
35.62018352502535,45.019671610670535,2.108283673347491,363.04931288609686,46376.37262458298,17,0
35.50464381538164,59.73777998474509,2.8923386820962347,18.688143017135115,15363.211261382732,9,0
80.43264719627189,59.09061167062633,3.799593245576869,9163.707550527535,1732132.8840946914,310,1
96.66527563228138,99.578573804249,2.3222906834322936,12.172482384819961,985.2913807098344,3,1
3.1949064300711294,46.76772390716353,2.936893249682915,323.6890240962102,12059.902639817356,7,0
17.204511960000644,12.237010457567479,2.769906584022661,199.67367125060224,12231.07171897278,15,0
95.64656266166186,83.56221029202311,4.449731703331565,17595.704421110546,3687458.297293963,797,1
61.08219335021586,55.55035047155247,7.27146193720653,87.58333198820966,16464.531809465276,4,1
9.007214501916604,47.182825911866516,4.7243136743758996,141.39916238758266,49901.69774633808,19,0
92.4564193594283,87.09830581289378,2.4093667225319964,24.58986932917604,269.0667548235365,3,1
12.149623990103233,11.975804021600759,3.5426566480216355,418.41625822486174,23893.944318910435,4,0
29.308939880560118,27.26333276775015,2.6745886710900613,198.7673001790498,28361.938987895097,14,0
35.42723516538409,46.899728179894694,3.811498541142736,180.9024886323764,7868.726147755486,16,0
36.09122912550705,59.76799992591332,3.203218937425123,329.93998058399814,43611.30892420735,12,0
30.954772212540252,10.67496552263861,2.0135798076757228,158.04578590992654,10683.924563381013,16,0
10.577279647601863,43.815361772986805,4.279442989565267,202.78391509565745,32157.412142717894,11,0
92.002217536384,76.80172565820165,3.2507299837785424,16800.299712757933,2992321.8354739603,953,1
29.263701296122484,16.486943751872143,3.151640199417088,389.83658931899436,13255.439658125802,5,0
14.502539402061124,58.82315261679007,2.251758164302385,240.66231898640692,37568.371404874575,19,0
68.98823079302291,74.10192126395592,7.634104522416871,67.40865602085931,16645.56568694098,8,1
16.79022211718192,29.421769853297082,3.7525435406031518,284.49273200013835,32292.1929647361,5,0
2.7251845753051107,18.53086714982009,4.115449795109541,157.46142664823498,31368.742494001883,18,0
17.026556893914446,28.374134005813445,3.5236477802517303,484.94097679850864,7862.870712780782,3,0
0.009079689814521785,30.98935784169634,4.589925248927125,26.99463881411248,48704.805815639906,2,0
21.15178352996508,43.084152605494694,3.925278634634405,418.01115348694634,27310.710490783844,17,0
82.98143357832859,70.64603535750447,3.120604817776109,15807.583641137373,4792158.242274623,770,1
0.09385240280928464,58.9807920089305,2.260444900106599,57.229920676797995,44679.369996157635,7,0
26.47217599512793,54.481107710267416,2.546844191134482,75.83971621722115,1386.6241087927672,3,0
58.48224334588092,43.85926014802227,7.7904757471005075,14.751690352514045,5721.384469980401,6,1
35.175143358322565,45.940735205516305,3.842551640094781,257.3436529363519,25555.144777169557,19,0
20.425868732350764,56.581674534379474,4.597478592648773,37.19008691597136,27085.579323605165,8,0
25.930062582054617,34.531090226583714,2.9855017071474457,367.24762903038874,9926.992003506222,19,0
38.53983119053566,55.984314136032815,2.5690933446256006,372.1021245153943,7060.484188309001,9,0
10.51820839756035,57.392249325663585,4.344310471122123,232.16030373547537,10910.760253476908,18,0
95.3158276046807,62.96386253392708,4.48417375166223,13654.117174052153,2557389.6674823333,905,1
28.434389739789303,11.635713919466891,3.201135233667665,70.83433776084789,18442.616332976348,7,0
2.2042715196753404,25.629722951958414,2.843758241110471,175.7519806711859,18476.389437475176,10,0
22.655706936621822,23.964483378402065,3.5181629195224677,60.90166242599073,44276.603350243546,12,0
96.36863772438423,99.30211877675126,3.3635447606209254,20.24873332009158,949.7683862899178,2,1
93.59646348707547,99.07232675720209,2.0961429498395994,9.87841832883895,899.6798116154275,3,1
34.632113834633884,16.240010104826528,4.530396572472382,87.59014268124737,47654.5423876941,17,0
2.0543003318648934,13.488141938546612,4.576778811203488,408.941465892563,45141.80220592351,14,0
91.92359775889129,95.14023831728423,3.4708870514117467,23.97232556173497,900.1730910965103,4,1
32.84056021539065,53.40850074881884,7.152192915723965,53.06555248868251,15203.573564584383,3,1
38.6573548575968,18.930613473430213,2.1355601430215354,205.440153870908,9515.608127431618,15,0
18.96977329347294,33.878507351577696,3.82830440515019,394.985929274533,8632.407265263733,12,0
69.54129086042556,64.82857317115301,7.17534581436158,95.08694234358991,6963.060101296691,3,1
95.99611868466182,81.4635122591889,3.0564692756449214,15.966697077234004,43.080687985769806,1,1
2.5538835167144347,34.93639194792258,3.304498963249972,159.37502720124604,18137.2854003218,18,0
29.50665795406831,46.32433462727953,4.287089919251123,70.9367415394596,36156.41671099837,11,0
27.526677285347883,27.5851140486033,4.298062901816172,426.0826976972609,18452.38836241564,4,0
6.891741350521685,26.25875934425749,4.3770554700114825,351.3351236340223,38876.823841660575,3,0
34.78778225634764,41.558998434153914,4.399284611798503,40.389577263498055,12914.191056466198,7,0
0.07268352652332055,36.196197495346546,3.9905174388884754,184.21475942536787,8817.701953911885,13,0
59.691091025663226,47.55691949302651,7.9376293627179395,13.14096131398976,9589.297390698055,8,1
34.1350385013996,49.739519468705566,3.8323241313255147,128.85804376701662,1804.5794930744266,14,0
18.03106804228367,47.84886589890771,4.550631335483045,93.47587943403838,26966.101501267345,9,0
27.211039378559185,16.32855795818471,3.8092694817798125,13.654471915306097,8183.789062601925,5,0
18.22299768080313,27.896486884304608,4.593386763401573,212.09851941623555,11891.72033289373,4,0
24.74309584905052,41.34365443153243,3.478493981858061,452.3939515840928,47590.290506621306,11,0
32.252579102558876,27.940748360816738,4.410303150937441,427.56122161164814,7230.162869596738,13,0
82.98730400072888,56.39991748310996,4.040366327933344,12896.072169607638,4635214.658149898,546,1
19.274074953999193,20.97038787134953,4.313368529063801,100.7756861626651,37535.23294441001,9,0
48.946175497601224,50.015115751186315,7.3343823136309085,89.29269380344462,8033.128314284369,8,1
1.7474334246682455,31.935566159029523,4.3334234740318776,58.20592369727035,16467.587976111776,15,0
91.81825492997467,86.91024879449691,4.669280659765278,16497.36835073521,4164788.218027964,992,1
20.223319299374275,36.787081455010735,4.60463756367151,136.7525334995546,26577.95906625871,9,0
94.93514928910157,81.60508926861479,4.397208014926662,17581.77153728168,3535299.2310136263,770,1
94.90702766590793,89.02761684843088,3.3417327848862612,20.502961964305328,18.0954395289884,2,1
3.8943766972106175,19.636073350688523,2.47656033085137,355.3850394312653,38436.826402115876,16,0
35.23998110576957,49.819152600982825,3.1149721422679213,446.6280989833934,11173.459053050621,8,0
39.75446155890062,30.57594679333971,4.720475601351881,243.31718906251862,12512.969996169399,13,0
50.60494714133533,42.97523984005231,7.124938053990756,13.161288561230146,14224.209478050492,4,1
21.980170760937355,54.249478824584024,3.4690537863215045,119.42671390084779,48023.85714710868,8,0
10.98491465440842,20.663065646396404,2.2456325057710504,20.018010861445617,47873.4479994149,10,0
1.9120074283390842,29.470467743721187,3.6408567021092497,410.33173670315466,42277.739895768405,5,0
82.2611168507779,51.172860528762875,3.0354901711602684,13631.836658745504,2980795.434969657,306,1
97.19359808646482,90.72417105821002,3.1335737139532442,17.446795648952534,226.61204626340194,4,1
9.582809346320262,19.55534038852547,2.8091693184231796,216.428115680072,18165.18137565661,15,0
11.699492357791378,47.1517321952541,4.126826961698029,345.284148720496,41294.56518816973,14,0
97.09973455763996,89.66248761189165,3.298863566635288,6.390256155936347,909.1247913614376,2,1
25.907146505250488,27.943872720051026,2.7160908265062096,486.2989325402589,17641.480470392693,1,0
36.75010415714998,32.453204532287295,2.724121495684818,286.1479727770692,5625.227670950917,1,0
18.165373701034042,51.04661016197376,3.278409454146038,168.21621907642862,27011.1348435037,1,0
4.404204222800923,11.57867808672868,3.1087143204356225,492.1967039026595,23578.889321294122,12,0
1.248704092453421,24.680864652145576,2.1781310686532565,52.39020068132137,8889.308409862368,12,0
21.01128163774915,11.754038928452012,4.15056072635175,121.86285499085204,27584.849211711244,8,0
36.0607828352198,76.20091060115793,7.829977219104935,56.91873168269209,15705.60279877539,7,1
99.38352474828702,92.4110517659368,2.628514552857223,8.676301064757496,975.4171140114089,1,1
17.151997905068445,25.185098913608726,2.2216135817673375,354.65498456662664,7967.935601719224,19,0
30.16082906607702,50.682614612134245,7.129390510039309,35.170374959739135,8858.953719744528,1,1
0.8215976447257001,16.953376667563205,3.1230370255049325,428.73391987918683,19113.728876442237,9,0
12.631212460788612,33.37300308486509,3.913683174996131,463.2527494966987,34644.732228043285,1,0
18.739674774491064,31.08809343321371,3.341130797166445,292.5466814028121,24212.287885713282,6,0
2.108492172343963,24.157120886505542,4.705569679951472,266.6951629191908,4974.875894119557,16,0
64.5862681502721,69.96372411795377,7.9125137403361405,13.319132628896137,12415.397099484246,9,1
37.380977350497744,14.778516538913513,4.5545811647847785,309.2696008433282,7317.011640845334,14,0
32.50394282451729,16.777206071740565,2.164267912532458,383.6039959576775,40981.75637752752,13,0
86.61092065855479,81.25078137456342,3.772454852623113,18104.527015882653,2197302.6368840747,456,1
97.59918145129015,54.34242212459826,4.921678596629885,17655.24645679872,2155182.358446826,273,1
6.156450794414039,18.637906785696543,4.2603457589095886,11.313748133670277,5113.701384112086,12,0
96.98846084855487,85.80564717714059,3.9084000980230913,36.50545922799394,725.9318571126673,3,1
30.63505813446689,39.17749691236847,3.12923413499093,252.989172734173,7550.612646085887,19,0
5.385089583737517,53.408244579902856,4.846378732511272,266.16805999911753,46494.19375717397,19,0
15.664558869475922,37.05459471068163,4.030145640356282,33.12660126411702,3593.311471220385,11,0
33.61755802458777,43.803680439201266,2.1355602090394092,228.45382989737462,41640.08608308159,17,0
82.03894562150396,60.92473779464727,4.948476519028624,15818.22110123269,2114387.0714528477,754,1
95.06092465408064,55.08834648637294,3.4641177422689386,18847.264927607932,3589022.0640591513,782,1
27.251984282426655,54.751606049506755,3.9190428806221425,58.8046219403747,8957.174572589942,7,0
35.450842947097954,46.395380627442634,2.316380888992691,19.297276750555554,25170.56186472429,19,0
89.01289655691703,66.15560204089306,4.7747650900566185,9541.031506165742,3307649.92993039,590,1
21.687512229804277,36.96662473458912,2.342127557503243,23.340222258489042,34378.05939878626,3,0
98.26030742858782,93.5614867838485,2.1024790251443446,11.951728489754803,109.00032786437374,2,1
16.388977907335594,24.969947706020747,4.956720770550652,71.7677955647426,17525.941289028717,12,0
16.38779931051703,57.85719841688644,3.7945924918342575,460.04591735024314,43569.77369313483,12,0
38.60629213116242,27.636263860412548,4.272415949179679,63.42160328798037,38970.29434218132,6,0
12.274175989248612,13.652433941514255,2.0328687410322104,485.7098917794209,48438.74682226143,8,0
30.45182829514625,20.709519543356993,4.4248165267711395,362.61448354351097,32264.3138492531,10,0
91.71930633185676,89.58377967186208,2.6081907975499585,36.020206759120406,963.7400285874558,4,1
97.61389324100543,83.53112942436167,2.2658698163436792,6.493180491407596,650.8407069935427,1,1
36.73852790934015,44.813222337950556,4.057296410220715,11.297827628167418,23642.80266399179,5,0
62.54131304027047,75.68955973912023,7.316437679854904,96.44931660412688,13563.311997400619,7,1
97.27510180453945,86.75524293148351,3.4434753895284524,6.589213845571084,360.5675036509144,1,1
19.332543227824193,10.146778255478248,2.25440343794204,132.686767131358,38621.83784678141,3,0
34.448859489703175,76.13957019827501,7.448302277328103,90.7881445707652,11158.643452092498,8,1
87.83831292202045,74.46049347860848,4.99326440645201,6597.888524890286,2442004.2183362152,712,1
17.888248739974696,11.312539770557175,2.116211609036606,304.7055312283646,4085.5559900159005,2,0
93.10714140192701,61.76325473356309,4.6849986288829415,14440.348089292154,3816559.040607598,494,1
22.89559840529602,11.930531509793482,2.484727624607306,198.51417029205035,37645.07687813435,16,0
23.82686245267532,46.54867497860051,4.938546773028366,90.49780741614929,22740.485139865355,12,0
6.046515751971877,28.681411530924493,4.979720498517931,384.4804049271141,23656.06470835545,17,0
32.45220822374093,57.38513711265163,4.17177049355743,14.461703951568715,33248.15137698076,15,0
36.87276764586575,54.74542989406034,4.196944604350822,357.3271299438564,6142.000890612129,4,0
31.458450589293218,34.112742548758405,4.834377326064073,489.5884020365469,2440.7453459313383,4,0
27.108162509503337,29.918554908787613,4.954255407005302,332.6517719938707,26218.715832479487,15,0
2.115965127170143,40.9084086398735,4.3263073298709465,261.9114108823881,12938.62002624051,7,0
38.37446501472351,19.862709832001503,4.689373895985931,65.01658538575035,6114.073722099653,7,0
31.07822813925356,12.551889896735016,3.23425884125374,431.18578845562456,25606.192485262767,16,0
22.658673616464917,39.103930807581435,4.591201551895546,108.01323621346009,10961.682104328824,6,0
7.600361380504808,46.080298636122485,2.556742133480071,130.9913207617999,46408.66832397717,14,0
33.95744553637148,45.49880201952739,7.83352548968574,55.64728507870935,13934.664135661906,4,1
6.193620758034144,30.460569311053373,4.339556454711424,217.5090681577536,4807.8690184717,7,0
86.98892926547896,77.5759331258844,3.136803044109235,18328.51845721116,1182869.9482316729,507,1
90.73847131344017,89.7860259558169,4.596655526797804,6665.734513663301,2062594.5947382175,701,1
87.01469344696523,73.14972770988065,3.6051018183173955,6470.51629578495,3204033.6845660587,619,1
36.32618338527419,59.1764100611132,4.86037416837204,165.08681322522233,2903.936854918114,13,0
99.96865228675811,56.364385100059785,4.980416999794277,17677.975303912797,1840915.5665334384,716,1
11.608522905389464,20.552304546067415,3.505458952638038,115.96947930666526,5178.775629155856,19,0
58.07326558735158,73.19818581476801,7.940103867453601,12.681620447904681,11985.057250183923,4,1
23.367498584177454,17.17942715335912,3.873289906411302,322.2952849214104,28466.889799028813,9,0
20.521984726176107,23.287369281425587,4.542856105315245,294.094018474766,4739.416580953797,8,0
6.091637244766437,27.364669978018632,4.219619944271519,203.8118539731952,48793.87551613703,9,0
2.9229376083201686,23.291056212903086,3.1137229814000524,448.56053862125634,4250.722987086626,19,0
5.909613811139831,10.609879028330418,2.6337142874802955,229.93646603424477,44125.633014330415,1,0
14.54883194255348,51.069748830992054,4.120074671185331,423.1945182081762,20555.81808182151,15,0
5.532856698604718,49.58639196794468,4.4821938148139076,403.2451056060341,26322.90472544446,6,0
20.518061505849975,27.740753578037864,3.6660200408653068,403.8058281220015,37279.138280109066,6,0
26.678373941220638,22.29300857903207,2.030503652155253,379.4296863922795,22134.967036605256,6,0
9.856911228632566,34.97068194215542,3.5581438458049086,318.6815351063679,14276.073877231032,14,0
1.3528617490101569,14.646032971928838,2.976701992942376,221.54022925940106,2244.1179012050015,12,0
86.76253542292713,73.32104748777424,4.2632661918181505,5389.452158470291,1563280.405703301,332,1
32.53387377512296,52.220187510605456,3.3027107359337755,159.14710446363256,22314.39560558231,8,0
10.073836667773449,10.70366961089277,3.0173036738144123,75.95930073563916,24743.999881307598,6,0
5.488518634609689,43.69935600437818,2.813768902401848,439.3459662462686,47011.14854654576,13,0
86.46311324501735,88.188234844916,4.03923514510834,10383.24094770131,4799110.5285043735,314,1
27.23690428916127,42.722088307114575,2.298860371495144,324.10897397432757,37358.05725422728,2,0
27.102459225243905,26.084055057600132,4.497523334112883,275.5962055696798,10664.066857111282,15,0
22.62414210783072,37.933471297352455,4.428066056123047,317.9591167776929,49884.25707679128,1,0
97.66098482985922,90.7170912049342,3.619243325111271,22.531972317991812,536.2703997048957,4,1
12.739758894815779,54.41841292301138,3.433665933202354,373.0900369217109,44830.28723486528,1,0
7.025125280646507,23.1733826678382,4.2568562876352365,18.035551011253013,45200.026642888726,8,0
91.49081252419896,54.016473990128766,3.155620955692904,12868.80331913392,4951571.889251602,964,1
23.94792792943965,37.951727426217175,3.985179242939032,62.99317478395948,26521.644885087517,3,0
16.34578819437728,22.556356355519895,3.465310713177998,270.9116931505694,6785.462670767805,3,0
38.02793390566117,41.89628588178736,2.202358953207505,133.54157198170967,42195.99186521719,4,0
1.0114034340073585,28.97448482580274,2.950439924158537,194.92522327611906,8014.8686684828,13,0
97.88477017312582,84.5837924605848,3.532733504623656,32.546939693715544,571.4253870017423,4,1
98.94012808659548,66.82958697772082,3.322499560650627,14368.398307784551,2072409.662686502,426,1
19.20699192933895,59.05804732766413,4.869690650272212,159.73843368741348,41057.40580723703,6,0
93.46767551262889,81.7176530865938,3.5550144901026366,49.19688195736129,891.0080207778152,2,1
13.75159522005054,49.53077385138239,2.0379185569318228,499.63960736745474,14373.058749783058,9,0
94.0519283312828,99.89405888159664,3.6817111951317933,29.058492610775783,897.8581355722397,4,1
0.42891048848801905,45.859132823555164,3.0122012412408177,363.4677394328944,16634.88247868717,16,0
88.38399747077538,54.75086237926447,3.8812926288992213,18022.52104293603,1129082.9277706523,117,1
34.29380811814679,10.928039466128483,3.029622276413184,160.45471196237216,12812.792049902368,14,0
30.698942336784473,31.57692271442673,2.8988639328562846,121.24014896941569,44911.23286007891,12,0
33.41806762762167,52.12613585295807,3.7063983609844793,223.51754640973658,41781.429581621705,4,0
34.886526785654716,57.55213640597671,4.065234437628648,121.59725752578447,18503.561746895524,6,0
39.59507636723056,45.90218867608958,7.288903603928591,47.0493380975399,11392.710382519279,6,1
23.709251839963397,17.147853141065987,2.958562706941203,266.9727767450885,4977.126702667926,16,0
98.57446539312507,53.53136609019945,3.6514130546936414,19993.00855033873,3182568.5855695596,266,1
83.87132319188959,85.46471491320744,4.555052691899082,9182.231106401934,4778987.805640604,558,1
27.93455172810184,17.177686286007734,2.7761498787559136,287.40282495917256,40569.43537806395,1,0
37.416736810174015,34.81445179229456,3.101180783795922,60.3099066596619,47499.831117041205,8,0
27.866627260517728,36.718110652804235,4.878495393270225,420.08779616818356,46554.309844180745,16,0
30.936239664355178,42.58240525612844,4.608455302562536,67.77185441341761,47159.167243812495,19,0
20.280288248962645,15.341291190977309,4.884904273932491,286.8347182339109,2780.9175569225727,11,0
24.41874255955929,13.398937342321195,2.8565680623810947,222.2778631038986,27071.168447407472,17,0
48.704568461495796,58.80407495371645,7.108339564608721,40.79676851024991,17844.455169022065,9,1
99.51579264861925,83.07147918545833,3.4605367717307853,23.858353974887603,335.6291969458937,1,1
13.311600448196973,51.02600018104703,3.8469173285475358,30.41573719509723,42324.20490334188,3,0
39.86556830666772,29.55531747473914,2.9641622484207235,359.9529821336045,17159.953461822653,17,0
36.93354150031541,19.08370586613476,3.0605369170575036,302.00679455988063,44750.51391729162,16,0
29.928308577066055,38.28169501787245,2.9013064245308584,48.085908930740366,2729.691658595141,14,0
24.05619989055152,28.457333214239696,2.9604598497558414,155.70161203653853,2927.6534062393666,6,0
80.45981905110276,72.60196281529826,3.9441378226991315,13390.974362199906,3960071.899348041,698,1
82.32927951319012,61.70934947576515,4.235018705221002,10509.329260340703,1839302.8079630914,238,1
35.93935167463754,32.07114211277087,4.0378865464796,477.1194548823322,37022.628048870414,11,0
25.700049390786603,48.398632385004724,2.578822803273295,119.49295140345608,29889.92290653326,12,0
15.40166886886281,50.79177855396882,3.447889635764075,319.26248083967135,6046.145808217859,6,0
20.18899356642693,53.58470579330211,3.328881382137744,58.596430040756864,45820.78304712272,17,0
4.65276136234281,15.597134651079532,2.6550878112925442,460.96063735207423,9613.482000495911,16,0
27.236729949449284,47.26995100604957,4.567379359150635,325.97716336301886,22211.80869946241,19,0
99.09929915188619,91.15891280668258,2.3686922993741906,17.63362277968678,598.6022960912724,4,1
7.3719905298591115,51.19943972547536,3.699523563118335,174.2019686733317,19263.32211968996,6,0
5.942986431465522,36.40267190149886,3.4361146670435216,154.20388019644167,48331.98426616971,5,0
6.217450452835762,53.448087296711314,3.85323784254782,31.308359467223543,28581.420232690227,3,0
23.973802570452794,27.86133780353166,4.023127081131853,109.82290114114491,30376.438380063042,8,0
15.803280417618947,34.673890070502345,2.500010175864943,412.9449704390021,16289.782607718795,15,0
2.3261329577284062,46.31728988591586,2.328694683540231,53.98878745914323,23929.294933177185,17,0
23.338740380368538,10.181231458606735,3.499266651294683,13.532444935056489,47127.978087827476,9,0
23.64952383763219,48.376608206544866,4.352881137772498,122.87067187594505,47841.586972652316,17,0
12.234663281814377,57.23821176602218,2.926274865916475,347.4391861165156,44081.41449867916,17,0
4.385357190050239,24.98463220557818,4.527924596664733,193.19192764780973,20040.241949139578,7,0
11.310435053253677,59.61098137891452,4.229264257915619,154.03483461830996,32288.38806297726,2,0
91.12583644623524,93.98947175231561,2.5144416663227482,36.14395834463989,32.24118909511753,3,1
35.64117613965218,39.635577929503114,4.393882854992359,32.1735681012951,46301.197890839016,2,0
14.868247111570966,58.33784040730437,3.3783043257248275,418.47963393812495,10757.778813384677,7,0
19.86305919410985,25.550084449613355,2.3930024558575496,255.27803735668195,38685.83466159895,1,0
29.540993797515025,57.87079321071978,2.108646168419814,492.62271912035794,21256.33420288881,7,0
5.5658943816454975,48.530406278994036,2.4760166155092045,132.4567391666281,8204.675945001796,7,0
27.70632652368954,37.797649968880854,4.706044844528476,102.46639716217844,34783.87895801021,10,0
44.1943465136971,65.02176792490954,7.378045636805462,90.7949734314842,13226.808107614082,8,1
9.233697032616712,46.88909192079719,3.676626716555413,64.98555481363145,43221.74630326422,12,0
44.987420994167096,55.13175467596119,7.3381472337240545,61.43976503532491,6570.9613707142735,5,1
16.339193728418522,15.655877375880074,3.260033071511972,143.87533650125553,24416.785464614568,10,0
15.701401827940984,43.80898979504987,2.8133749181468293,307.67311816938,43499.08298070799,15,0
28.4935531056918,13.861500530652728,2.4001478522354356,405.4130193531151,8294.737273648221,19,0
36.75212356657658,44.98676846415149,3.4813754393613356,322.66482730067537,36057.76578067363,9,0
14.784754344466045,52.02927631525616,2.5916207097618287,283.06877340498403,12933.907896344315,14,0
38.7517619286212,59.40844879349079,7.739329632734296,70.40846682596808,5335.898149509984,8,1
21.73726262332524,27.00507518735427,2.3599478050009854,92.47249792732607,26566.92251596579,11,0
2.8177094169617023,45.705903130861024,2.1843556545891674,296.7817784053813,3522.379136443301,17,0
45.37192849188967,31.261899000195292,7.242839311302221,44.518052323268805,15309.128838241813,1,1
23.75746244481064,20.84327187425531,4.1768706932337745,162.48656663796163,43309.30045495856,1,0
91.83254438423948,81.18763677148017,3.374918051673704,19.13894702694112,580.467112285344,2,1
27.755475574636755,15.341274699176175,2.8092296996957344,32.02392222916943,41780.780601486484,3,0
96.19487641325055,82.68366352581593,3.277909150817231,42.238120609261685,517.1603646143994,3,1
36.1524395558024,15.99511961897375,3.2515418583776414,25.398961728758387,25165.53095776451,5,0
29.599134068768983,12.171625827384238,4.990006076034378,258.9783269401984,16824.883649419266,19,0
22.475081881306775,43.51917067590777,4.792815447906475,67.11314974772077,21940.936097155158,13,0
11.13397873069028,42.43786092481705,3.699924526844274,97.58039133506672,1046.9068436957236,12,0
28.636319825338802,55.096343497289304,4.3827269168185925,52.8672345518922,2911.314715214034,16,0
95.52986642945699,98.00869290496219,2.531277637085779,45.87372094338789,117.20035881090651,4,1
39.783194127084094,56.09251041322743,4.47462813137574,236.85933603625108,14509.331710516857,9,0
17.6790244461878,27.821823125372948,2.4359369851248953,459.27686304006835,9135.699088930098,4,0
3.0808108627414876,26.076040811641956,2.2524106050619026,57.10766308983088,5059.084091405787,14,0
90.37090542497612,85.99371738895326,3.4400477751138587,36.799602723071466,547.3127988105821,1,1
12.940228006372724,22.81380811575456,3.5024538642105165,274.93568114615186,15203.80492640337,4,0
17.198924425210542,38.893505060772036,2.158057451814383,10.718919829749758,7288.408685062095,2,0
19.227167439533204,53.4969666778412,2.0315713091359213,68.91187434455718,12084.267889196271,19,0
4.316080181618114,27.72962162386577,4.395244537380286,386.0934297026171,43382.87767288647,4,0
82.69820864732648,87.13132038614319,3.3330077654781127,5975.570180058043,4243385.436792039,174,1
21.72513330157966,48.41813483899168,2.7071449084546515,426.3969003759502,49152.4320009869,19,0
3.4780003730920717,15.2974831905376,4.986206189360248,403.77308067418375,28397.15887411054,9,0
36.30556610161365,49.62889262358037,4.7272345745573485,176.3658611511558,5310.812355884224,12,0
19.534250681200163,58.28954133895157,3.1194761408370115,442.64078093786503,10967.704577446759,6,0
0.39702276791358404,20.28514162212671,4.106636630234409,123.77279538128148,9797.816037012128,13,0
5.878561226810599,45.91951201647595,4.385013654542389,375.6097069640378,22046.23435159578,16,0
98.02932124546044,99.26245455980848,2.9919047096301083,28.412387105222635,401.5271775303204,4,1
29.224253403703795,32.50308250008087,2.787521019445518,400.04577425449463,1127.8562856675617,14,0
22.001057140820976,38.82605755407948,3.0286811655602457,190.62449291781178,39702.01585462004,2,0
16.925931847273684,20.715806438397458,2.1933533656652258,47.28646657127873,32738.960767472738,1,0
32.20541904742209,20.60019751926938,2.0591183776086304,445.8138324836358,49040.08929286925,5,0
66.21688877377,44.26955698138656,7.237058107148002,66.16611935343502,17571.59380816105,3,1
27.05518349685054,47.97965787060932,2.321651365331558,225.64459962797136,25021.616518870953,17,0
29.45826765703707,25.488890755482505,3.6602283532245576,201.94697311330833,20338.204425118194,2,0
21.606108076697247,21.29554046036997,3.276411115241184,216.92435650980002,12293.517181867592,11,0
28.51759407304082,12.383990272791403,3.9252486679329586,105.78156121044373,47729.478691064556,12,0
34.143302194935494,45.62311652400621,2.3227953886578945,50.056586606237246,37780.637829082174,4,0
8.0882470626565,49.618258746313394,3.53217673739299,233.85856236477082,33238.06490832605,17,0
29.253708971099442,34.411719058791874,4.105020439170531,287.0553286165721,30590.96644582489,7,0
93.02719203359351,93.29087507891259,2.761215765335084,4.697932764387048,482.58765086906317,3,1
16.09511285803041,13.446747673017859,4.680157281097081,491.62588711037637,8180.8372950481635,2,0
23.390582209243497,47.13417755667089,2.8065256373610747,13.996807536164944,11481.905133642342,11,0
92.69949768075371,88.36836966161349,3.2721260125741916,6903.125076950895,2658283.4474884747,591,1
17.625706058055364,34.83660513336979,3.3005023591106424,289.02921867884413,41738.95730884861,12,0
26.52371228856168,32.91040601085692,4.557459388952568,294.5219625100427,26525.96722971244,3,0
15.812829215486435,25.610935510852215,2.914151029470111,133.5310724283993,33158.41027817584,15,0
2.823940618837435,29.056295323798906,3.5138339927761133,471.89634725741604,9216.133395816485,10,0
96.04333976585086,91.88705129949244,2.3963054816981253,38.029652408612606,65.58316735579928,4,1
10.118358357136096,57.14220507643252,3.670499850778457,434.6356019416985,8201.252810071555,4,0
16.340566210359086,11.391647317560063,4.750298889712793,407.60450849643587,13167.189445393842,6,0
31.929673666207712,26.78702033215807,3.938762533861538,378.0108029624036,2758.447888279949,13,0
6.5066987115510555,50.27617977522575,3.3405662850523,469.4253324975333,26290.737469035546,1,0
12.391768752531288,53.334566434263586,2.7318682121149185,253.0165305182038,34534.817248811705,8,0
30.376964417223327,11.806788840398427,4.765232833208756,138.31354281969746,41074.46016151754,19,0
37.54515108273226,55.17929314944744,3.945091108221553,318.8748509495701,35839.910813088274,8,0
2.6362040287121946,44.15891676968764,2.5680025408579716,128.14774944482252,6485.809687319132,19,0
14.658942070155945,32.579259593191836,2.6222881529651403,497.2009286968981,12801.963034648079,7,0
24.757226411135672,14.424922064640242,2.09940422118643,460.56646826966414,32160.586327296573,15,0
7.523523672831165,48.68445643322485,2.8994612907335315,331.4636301886731,19421.472319804856,15,0
39.91845807053307,32.375068333457044,4.978735974248993,346.69886174725275,44828.58140894635,12,0
20.103600690211785,35.54959068650106,2.2098717736133606,321.29851426664703,33862.25252478507,4,0
39.03682689253114,20.587196675467936,4.815692016718165,157.8067422521611,30975.007068219442,11,0
80.14338603816154,65.12441436911325,4.418062028838804,12711.297642820795,1972128.3128551992,206,1
81.51563195848645,78.31370732776057,3.867140051439792,6463.66159550936,2573309.189607152,804,1
95.31083529110752,83.66359074903913,2.402810478487341,32.01868418429639,775.0493130922508,2,1
9.841416997538875,11.9401229840457,4.756427567502062,125.54656252642688,35621.54230508962,14,0
22.034610267749414,16.830083567142548,2.592322438228862,69.77511056548984,32886.795664526944,15,0
98.18738780894608,82.13764917484258,2.720952768505844,7.315166184217975,979.8988164338948,3,1
9.660884932603825,38.85145784118288,4.530122031727863,467.6877111073735,38129.1373667941,15,0
13.802585948797601,27.78718687824447,4.488298460269023,348.68281145036894,8440.430377364682,7,0
10.606932873518682,47.18898636131485,3.609766826410299,367.1060418375374,28381.782320225415,5,0
22.540974968125745,50.63823070133493,2.0430390373863965,419.2865335126432,2128.6830497775773,12,0
29.18058292949207,59.40930823322523,3.659535921533542,158.90841050274125,3514.187004839836,4,0
99.08132410280611,99.11346845910518,2.4540633393675213,19.40850672987323,350.15906970713996,4,1
44.05774170649522,69.75733779182197,7.404652092450366,61.08246935938467,17625.524789552444,4,1
27.704454089436613,37.70384971851913,2.7821533225831865,212.69826060784533,42155.65148248709,8,0
87.15882238177052,69.13516060891448,4.95437420806739,19622.92027668025,1725228.7036434505,955,1
82.26464580471396,58.05915281149771,4.609534538063319,14480.914483515295,3304528.9591898667,178,1
64.66646535295294,43.78307609699543,7.918670193984059,13.432116758898392,10326.306302678075,1,1
33.148118729715755,48.43280405478136,2.423516246842959,376.1050504906339,13720.532724060069,8,0
35.847574429552715,52.71118085364847,4.278812896649011,104.49040789258386,17971.1894036943,16,0
51.26302294053009,66.34337722039369,7.626997882134749,49.440240278199546,18886.05994250068,5,1
93.68110846410381,89.06906890767301,2.788414505138863,25.132284657625092,223.94096429230737,1,1
1.9860894304700016,21.09803592978686,2.012778337110514,267.0512113785115,5488.882256163604,9,0
24.50837708321064,48.791927622968316,3.5022353752019044,158.2908125987744,4359.470887612699,13,0
92.46883916718728,58.49265429608864,4.852921950699182,12074.574339840161,2442002.4246879085,177,1
25.150845208100087,25.395498918053296,4.8449042900865535,486.8325583727268,11293.731820849467,10,0
22.329152383081862,19.24733214276938,2.5926340622754274,310.6201603054364,46190.8156344939,15,0
33.759023660647244,10.92090263891994,2.4922318202657237,39.94701347709676,41249.35759332009,1,0
23.420537344333823,36.369590150923834,4.51006801469857,460.20757043859913,28017.03096476049,18,0
31.650289162405926,50.92425122239628,3.5147705074673015,152.01680619961877,15765.731378100007,13,0
2.5644266859290843,49.193598916853446,4.989665744234922,201.04121144468814,35399.48127994463,4,0
2.3698215485568808,53.87060367683939,3.0870634923105342,472.7321640402188,14218.616304805671,3,0
9.852718297876581,48.58010895084342,3.140300237625736,421.1420846327192,47477.76268520334,11,0
31.992865250364332,42.234286506903594,4.683063350391826,176.95571098668475,16106.286464153687,1,0
35.27872437546815,53.79928696900434,7.528233426040208,30.919510350998205,13439.667785640022,9,1
9.306924452869776,52.998298189557474,3.6217750281704983,169.47814207246415,7553.042834035398,5,0
63.48336004136787,40.921805943062395,7.127463851370071,15.329777603558792,10353.079032858655,5,1
7.939139264547963,54.82341134950899,2.815857572320903,111.06641833155363,30394.03157398376,19,0
18.46243622924087,38.87219794842974,2.3955481646733716,131.46522510595054,33465.63504019698,3,0
37.69623810992678,55.350342338075755,4.289529619638225,50.72620907092739,4273.959798744934,19,0
20.75920515438092,15.843498985500927,3.459627150700655,476.4730189733833,47774.40353977649,4,0
35.48489824017379,38.01070168471465,4.805262715626631,199.62034723729948,16344.56992844143,19,0
36.75593750892923,57.23398742150835,3.754347701982467,485.9654272035396,10950.508602660295,11,0
7.3816263386115555,53.03777843060874,2.8043664594845468,370.42231672459593,33488.98419424801,5,0
32.68073580405765,37.895142410966066,2.3598592211294314,299.78221634628017,40700.98280178315,18,0
4.365305795176644,38.31129625843595,2.1711839899749785,134.20340256525117,18623.858720165303,6,0
91.00105947274345,99.75254280456559,2.6820383238804073,47.343708265087805,855.8382302506568,4,1
36.221441676456074,26.641726640634392,4.664211668608134,455.55537124069696,6560.4827266304965,15,0
49.34338798805828,44.17476941776913,7.258850287388385,37.20290932729239,13991.25497911659,1,1
84.5644265371262,57.9232726861255,3.50144947392271,10812.289850306905,2567033.0094993287,266,1
29.087592776463502,24.96008224268838,2.961007967478721,416.49477843108565,39700.97039616626,10,0
95.4543167974917,55.178373846535294,3.475746389889509,9298.857814453575,3657328.981425536,915,1
5.548042205977675,56.77798125317956,4.127565843689952,190.87490332805126,21951.10239081828,18,0
8.53512762440236,29.02069584482537,3.761796096956778,242.99158044980234,24374.380420619476,12,0
97.44677903878843,90.50779142087235,2.923585758779878,20.40523110986093,523.0082880374074,4,1
31.59196751156572,50.88689597084491,2.3214157865745504,24.749474431769293,45588.44637533857,7,0
8.369181571068157,40.30904122946747,2.8766473159221606,98.3941469858022,18106.28426147655,9,0
28.529335154021812,12.564067591880487,4.13807978584331,384.1284750363969,42306.48289621927,4,0
93.87463266010133,79.27300221105716,3.745919419251451,19010.624711084634,2741113.036736331,150,1
6.0943706035882705,16.59404249242445,2.438440043947324,319.3696173929738,34408.38280166229,11,0
17.927422733881983,44.55725165482581,3.753545416659426,160.8582321476572,5649.253026642234,19,0
20.874459649157146,54.50854964271839,2.4633441036367527,126.67269524151142,15287.352335275491,16,0
39.52602195510218,25.928406667516136,3.1721004331618463,261.6991456194965,2408.93111981324,5,0
86.67300833126376,58.40158940085669,3.5098564339122875,5460.134279354638,3387778.4563123346,986,1
2.851020504063202,12.484282520231162,4.535040712074564,69.98246468262819,38087.964463229066,5,0
30.186220741291795,40.97445289901391,2.4391041539678255,390.98104460212596,12002.04344846995,7,0
18.501988433527067,24.451582459512597,4.00961208216616,183.51831768256892,35692.36321906285,14,0
85.69109662086309,83.48950381449741,3.5155594322386055,16960.00532716961,3582263.5974124535,649,1
92.03078653244643,63.59634531179895,4.997271340138043,11885.482239558696,3235980.071309025,940,1
11.152904137147356,48.541545649214946,2.9074204829693135,214.04174431884093,18948.987376379155,7,0
87.64928165981448,73.57628072607149,3.8061176579482305,18335.956971594205,1577964.2624423471,634,1
44.961762230523064,46.56374443344066,7.54655933002138,76.26939659429867,14341.508024975401,9,1
22.350027643868206,16.450634282629274,2.3626165072370977,459.25909284132103,18420.66599257545,2,0
23.404154214680894,15.183690254341549,2.7554058037671014,195.6294468265869,12820.286884511504,2,0
22.434374434931822,50.826686755197315,4.736317594688263,396.3070804317102,38433.2030415244,16,0
32.58829525764578,13.000072459505681,4.388423781306733,465.5551574384263,34064.45500697999,16,0
30.899375798114338,13.74477158532044,4.263053585403014,319.4480060478867,5712.650232052825,2,0
32.99378034866804,14.841228468707826,4.376449387967243,336.88447314018293,23914.0071878881,16,0
34.55896531692182,57.19785599797683,4.968970103697349,46.50177686069789,33233.46550912713,13,0
55.58309529813121,76.14967396588982,7.850017015690633,11.571579017225735,17734.512323174567,5,1
22.54522923989329,24.871960305147184,4.506561288970946,89.03274867695394,14119.35681205753,2,0
34.16050609385194,19.52464812968865,2.393880342519064,58.383771951340506,31943.462408669737,10,0
7.5251865723279865,22.284715484107995,2.9786808993960325,246.52734331474835,24830.077174587113,6,0
36.6945469637411,20.789462822132947,4.6216179063516405,74.20748868223689,33930.89574145971,6,0
91.62807872838604,81.53693556410369,4.486653556922981,18864.86820006132,1162923.4704536628,328,1
29.349697779545025,21.11272787113932,3.780704360990478,343.2599671417413,33854.90644075914,2,0
1.1072717795967169,34.82435168653153,4.495969435022133,412.53329522799385,24560.552450769876,11,0
30.78278184792831,25.085132188418832,4.361679422504637,110.13147873535398,22626.771348400973,14,0
39.34461554817023,13.644273489481343,4.63914625225214,57.034511801570105,46555.7252696321,11,0
20.763621421710017,23.64025337915536,4.9892314268711795,28.24859294923573,41964.90186790221,2,0
14.256196118570493,44.223166143037055,3.3792472873149566,479.33465185091217,29740.696588155544,2,0
30.885765678523786,18.551912345565974,4.939390825820101,256.40586324204,30234.6807099,5,0
9.327435378424912,11.267592284880731,4.475345000349753,376.6225726845215,13197.252564820532,1,0
30.51040988043894,35.45107142696182,4.268812340167122,59.242085929057005,42610.98526060786,13,0
23.51382711784897,37.13689054630498,4.7176363969680635,47.63859506604228,2473.0044403550087,16,0
31.00224487709334,42.3794663771087,4.255383564319583,207.08816531946957,19221.881206237853,2,0
57.717440077066016,61.96156941911518,7.941208334550222,35.488134814736206,19364.51776498864,3,1
38.70593602110669,18.62749327996545,4.313618853470248,97.33911636727093,11716.037644954584,12,0
9.559345163433747,52.2028427561148,3.007418401383873,496.7691952205303,45143.84721124451,13,0
39.21286922553643,41.59712916280736,4.8432857469768,209.2535098314856,17722.433933915156,9,0
2.4354215245146094,12.349125696927423,4.63340463601748,105.67315870036555,42269.26336430222,18,0
21.11524413606997,58.39463328251191,2.1807718701091137,357.58532615839965,48492.343378521415,6,0
38.51894473188346,30.55952101320232,3.4537737178656838,353.0611121739445,11944.36579972743,5,0
36.13528848185834,51.02788259539668,2.760966062813842,377.00683921024046,40530.49626784674,6,0
31.01498013944587,37.54879583371242,4.469517682952393,196.16438228587222,41798.75764897398,18,0
9.545869165033402,29.593567050067378,3.0149272450418576,359.54451885655334,33364.751964673764,8,0
0.2938500948118117,48.67699733866711,3.980252802270147,180.31031081723174,48064.41347646777,10,0
28.654890644154946,16.877932185865344,2.207547041742644,44.984222080661254,14318.572989468124,7,0
7.790618349226217,55.59078961059721,3.121019945370717,344.2146089977243,43649.94766474971,14,0
16.392372580834746,39.76324930263185,3.3976115672439615,34.197922146230084,7755.451154880308,16,0
15.882699679715472,29.698622698855832,4.579542096547767,219.18118914112512,32549.05289357298,7,0
39.83622638176717,38.49046399339326,2.227582471070136,136.49477582608006,26126.888420900137,1,0
94.87416860493465,73.97285839815427,4.229749079434031,17382.646599905718,4354905.841919592,441,1
28.92113637446822,47.15439131222757,4.374733899386464,127.30658557053805,47304.12889060674,1,0
25.14717631242368,44.3497364324245,4.5317715919629205,446.365543423209,43267.23818731873,16,0
21.843657016863,41.238475613885456,3.0054500295709525,480.7288189846647,10679.96056536135,13,0
36.491460722694995,12.226106834340058,4.47028977507982,471.2428427330631,9106.562527160697,7,0
16.268824911158983,20.843564871529242,2.8458326678169517,186.19015158317393,9061.961617995536,6,0
7.834410948800223,44.55106384279708,3.903273296758483,162.23607859671216,31730.879298637134,4,0
39.997282220530096,42.86467826391956,2.7602062831076086,46.94092281430537,35395.088216424105,16,0
8.00047902723847,44.867215160349254,4.443370217072658,174.7827694073989,16632.992645618455,14,0
15.019162295261413,55.46299092307239,2.394891055857584,145.91795690854588,37577.969808232505,8,0
99.92909642452074,65.61961397428334,3.541008244850355,7301.371171721,1597173.384054402,789,1
34.60431313344589,14.827928258453333,3.5264993125816178,392.65563667814655,10423.202873958297,14,0
9.037374146966673,16.832348334677157,3.1241508967056713,254.0014963037867,37043.479815655504,4,0
37.0849452909674,52.71074078526325,2.136932130158618,318.64077580590407,21820.62659623026,12,0
17.05680257773084,29.76668305972014,2.646946148517134,129.65539009111797,21139.878425919134,2,0
92.37432578959825,51.78550031078255,3.2421504187337407,6725.480074277949,3937477.491131644,159,1
23.120121489685864,54.61814937742814,4.410312503609584,462.92043554473696,43840.74937604885,18,0
11.83395896142522,11.268685098016375,2.1467291507056596,400.59697374731974,8338.677591524816,18,0
39.384640143557796,27.664997622782153,4.038538597586909,119.96378655415954,17860.36303328061,1,0
91.93984548587679,90.89607089300912,3.8993569452201493,19.75652906264221,858.3932901417938,1,1
5.970368530601475,13.040398954595709,3.0117697698756207,79.75259490255816,20023.681575540824,1,0
2.1575215682397486,31.873848885411938,4.2095879067021365,262.7584574085645,45849.03496037051,4,0
4.341375896098012,46.86526256760256,2.7239962399263016,122.6428164068786,17239.88018728022,19,0
8.552473531149761,26.228826248720946,2.8700066952243732,99.24102933490681,20341.102070075463,11,0
41.23720393696567,58.52338252194586,7.191719178906127,43.66479823707172,19961.800559516123,7,1
92.12077801372902,89.01388834216493,3.48240523172538,23.28650566111173,243.14933790436788,2,1
84.80992959546403,82.23436591524748,3.9088349666435587,12771.399878185865,2502137.4850782705,533,1
36.3618757503929,25.6142682991482,4.871266362390983,131.56131302160026,22605.577530035705,14,0
20.022793622552243,16.325873436598428,4.392485703110541,384.5920460568559,11750.89890963747,18,0
99.40884863185272,90.07722185778778,3.3133031944580016,16.657829373869554,458.1076279756148,1,1
6.243824022523823,28.090786284398686,4.970620023705271,471.31204557249595,18755.20996606745,1,0
19.16348178269667,15.625096306841249,2.714941407374753,308.0006385841239,30285.031845962414,15,0
31.900293219358726,36.22318503514222,2.045352863890947,322.45578755710335,49652.25614882105,18,0
17.751861543308824,20.02515502442536,3.8437599880632156,218.91874710753206,15127.186030275261,18,0
13.597375465029323,31.199912185055208,2.755457702755534,182.95530423903898,23136.24276152298,2,0
39.83748878574839,33.12464324702536,2.5845571346289278,264.7143911214295,30450.634123399617,5,0
6.287235411125773,37.02008371959054,4.117915287705348,364.1780274489122,19402.46167020023,8,0
68.87473587031147,32.83435027011277,7.2875606907912385,19.817274926244995,19910.635685783927,1,1
13.013620522444892,23.96908974450272,4.79471511464891,378.7344511615243,1147.858735487393,2,0
39.8770886213376,19.314537043225897,2.142762425236172,294.2916349802089,40869.99749158731,6,0
31.725810338215847,55.75092815672579,7.458826763342893,93.97141993414535,5576.774956538588,7,1
97.30683919139105,81.31609491857297,4.092116133894673,7406.986715111621,4745580.065151792,539,1
60.5073089341536,66.26203455314415,7.388319677843747,21.461803722290355,6784.7089093459235,9,1
96.25008188122798,58.75279104974455,3.844076304075392,8616.704185154173,1559140.1313825208,317,1
17.76392911484009,49.55652243946914,3.018448812666831,116.89703407351016,13140.26439168763,10,0
17.88560534708244,58.07512585164852,4.667416949520925,103.36146878370687,22640.84036386063,11,0
7.524295816530744,40.57712358064134,4.588685886545511,115.29621740425361,20564.148386883768,11,0
37.12069317214069,34.664135237633275,3.6768748899427193,282.5492891883855,11713.466373513424,18,0
97.8438709756126,53.13493965580614,3.143996229215221,13422.272248412042,4981096.943324825,503,1
7.771692921634057,20.864879274209734,2.7915895609739287,316.1451079420654,32557.018014938407,15,0
9.991274363592302,38.30591585509286,2.603551183809616,24.187106171788333,23919.020822873536,8,0
1.207062994745356,55.84506175918954,2.7726563975036886,268.9572531064112,47691.19490468351,17,0
10.583106920453126,33.90691028384212,4.1709890902525,305.34150779785807,9067.150456260375,16,0
17.28518492537384,47.618353026088656,4.309791227507669,232.64179237099916,20698.364634105204,16,0
3.9321117323993704,14.141444257579714,3.992497104859348,370.6135895929894,5021.403846792056,5,0
23.374516870935864,40.74165034037825,3.3700261052408638,202.89960331928938,26672.874380063437,18,0
21.297588864130486,19.552506992611637,2.1846765636832957,446.7094596044066,29623.77702449461,8,0
32.63860304235547,49.09887943119869,4.834767155590789,171.59334752230515,35168.116410174516,16,0
44.00463642600819,67.95940802583914,7.217616281976009,94.55398860377404,11122.77380088111,7,1
7.011565209381461,47.34986770868386,3.239823157741299,310.5333509714682,1965.7174381405098,17,0
11.655255895459128,57.124560085334046,3.1319855644819654,148.76918973422457,20027.79850543938,15,0
24.37118524064035,47.49935914912255,3.67610647111586,283.8118999196043,36496.821677527965,9,0
5.64882582894036,58.59877535871218,3.4704684681814477,155.58415358307786,1808.4779595358857,14,0
97.16117720137571,80.0348111458448,4.119988286679191,5215.714398000741,1030468.8587936091,298,1
21.852246344179107,30.55793274919331,4.899326237517424,369.0019235109402,44784.8984336517,17,0
10.186414981329474,50.66044962267198,3.438847982278738,162.3459360921236,46044.30338436642,17,0
38.55981268073822,59.77287229541728,4.590519218160665,70.64713203955623,4903.652774293019,8,0
96.41066694755476,81.3555920070864,3.9116700364518024,8382.999531404424,4876215.246998329,165,1
9.171248948160695,57.233552887287225,2.828739678715194,483.14164435715617,5385.0926888443355,5,0
34.02233949609461,16.42478043207797,2.196640473189567,388.71204847804665,8321.032406147722,8,0
97.41801212944632,83.75322911625194,2.250791820365599,35.96123695283167,462.4209278115228,4,1
38.47723696304007,78.29672040078437,7.880126630167098,45.8064237838455,8569.794819627909,4,1
91.89039394111899,65.02899495225684,3.3307978613666647,11723.57009023084,3065917.925702598,298,1
99.08457969726774,56.02665656072214,4.526895193696124,18476.71747236293,3409154.7148760194,846,1
28.8080445044371,38.16472260295771,3.2947893509293436,175.74916437960124,32565.17093662843,6,0
19.51466446397806,52.95288344757426,2.4789006399914615,180.6550427418309,19267.622552232388,7,0
30.11073268767366,75.21637999010908,7.736923349408022,24.16168054833509,17351.476498416523,9,1
91.30879796453613,53.468405213784635,3.1767760583838087,17936.77268710542,2395815.851359333,378,1
3.5266316652322205,51.252530274194186,2.862679198829744,327.17141489815873,19893.989863426305,1,0
38.70108806730937,76.77829428214328,7.188470909130927,23.676330992109598,18585.929706787392,1,1
34.5873423227671,18.131272345084774,4.516569204869111,84.53978892701387,47751.651801017375,3,0
89.55942282794209,86.69635668719812,4.476224752343924,12398.903260688676,4033495.5827866704,461,1
91.91793137863854,50.89117745677686,4.257142684240592,15831.40673536655,3732240.664717676,296,1
17.629386519716057,49.16804263818571,3.0773633387293957,258.6061304119965,1357.4708132823337,4,0
99.54040636989865,86.15741068462481,3.2947701157204095,8652.688947704648,4184391.9541846826,567,1
63.60357130083503,40.253442767359296,7.164591521765473,15.491588845822804,5742.84549456751,8,1
35.62808805585626,50.49325446433803,2.9025027266837053,166.71728402684076,6110.3245985195135,4,0
19.51049107184726,32.78167178805128,2.555377126504257,213.603722038986,42340.77238760814,3,0
64.24921433355456,40.35423633982809,7.048070846976842,55.45661058710028,13793.038386463539,4,1
27.415297842595336,19.735512386760483,4.983793569479814,287.2035740987975,3356.7551224975273,3,0
91.07582165632276,80.09056019708294,2.558151466729603,43.75408878189945,308.3276544385843,1,1
25.620916465494386,22.84815412549762,4.284528682650995,394.71997737969707,1186.7628077540678,1,0
13.765535162758082,49.27983763827063,3.3512913637898194,231.95059196994825,35409.286402822436,10,0
7.728974149208638,37.404140540121276,3.443506836444043,474.917535508277,35676.49966764046,7,0
94.07727669568936,84.08599112432599,2.0659404208902235,16.693116613564086,756.3339320073094,1,1
97.15434969641616,87.61073224515161,2.7179222657840008,46.15608411923438,631.9474118105932,3,1
9.467234825773293,56.03160379546677,4.269175989024733,396.1637452840833,41371.99378170319,16,0
94.65140701008454,58.00528597306126,3.2152447716250174,14133.560580668902,1971261.5137493175,856,1
92.21971110473315,87.68069384494791,3.4156829581360033,16474.282772775547,2530535.6100175516,338,1
23.951959760265883,52.592411061484974,4.40589465048517,123.59053012131932,22248.3375553608,9,0
24.263838311340518,32.58901100741561,4.703482634118425,132.88469082887107,8922.603995005888,18,0
96.82443250406257,72.77702562139993,3.549423928262301,19207.38544128609,2364969.3276487477,211,1
0.29224014457211567,56.821865715720065,2.3507442261275813,304.45567112643624,12742.313236423619,1,0
14.629801443993395,47.44127443494833,3.1696351708868256,311.57020313388557,25231.09981017666,3,0
1.6336674199431611,10.691267712891458,3.536704307957929,55.93191388590635,32205.887611710383,8,0
22.96078638244737,54.52871984929158,4.846273787965057,118.71212113033323,41963.95100861952,19,0
19.453877709961024,17.430146683896904,3.876767446528101,391.13248181861735,35317.29516681722,1,0
68.21107971250085,70.74994275064171,7.359606532805005,31.7538355943799,8916.678066426884,3,1
6.274013956808537,34.318591518349265,2.150117132780613,143.48760363392262,28050.949156446768,13,0
44.107959099748165,39.78778297193912,7.022594153524048,87.1783377284231,18160.211011021813,3,1
34.18769448359429,56.515433059145884,4.688239962513317,497.5274283286629,28502.600062171598,7,0
12.11377856629813,30.554005277193315,4.324322190629376,445.5996799889102,18458.057721925983,14,0
5.375872195385725,38.126076339933796,2.7815889945660865,470.1030859111059,3137.668699242669,13,0
8.965463706429166,31.246610896855593,2.7023759576477593,212.56498400481112,22506.170378249968,18,0
8.288127185183992,53.01655816946822,2.624907733063222,141.99562164692114,20226.416084948894,1,0
85.4215445534111,73.13348944499793,4.9263575356797,18801.69948240697,3247263.514459067,441,1
41.19098373324075,51.87708745471632,7.15475336358144,10.651430969158188,14773.212975588465,7,1
31.449503248006152,46.20037292621841,3.6604412924096597,270.4693619981987,1738.728124538391,6,0
33.06794935363077,21.074266755142297,3.0891490758912634,350.5898571385086,21811.467283185248,6,0
97.01197832522993,94.19143851623639,3.2504707994344715,47.46041022018505,13.702340398126566,4,1
8.9733685430258,14.68153246959267,3.3350679672723027,29.555277586498693,19176.507133151597,17,0
17.132625407651222,21.98470351508351,4.958578471386742,54.154042902060596,15715.725882706613,5,0
35.54475430748762,57.70487436906485,2.5474997834066664,29.173592513076148,10617.2824726377,5,0
38.44811626832516,27.75673712710462,4.7891502085182704,190.71850763650414,41221.245339478526,12,0
97.50795704528954,76.28749120627836,4.953450759553149,9552.777685266705,3845198.7755774534,150,1
98.46272842028604,62.21407461502652,3.864257954723927,17020.60516865663,4673798.195593086,419,1
23.537154235703383,43.85386036840689,3.545097022702052,12.864483102668206,15517.069602646563,3,0
13.593902687668749,36.851798132936466,3.740239792201627,262.8808619954342,14482.462295885807,2,0
36.89211922156202,51.53786633571527,3.455126758579606,279.0079602738885,39866.47275923567,9,0
5.938192501742425,23.130809200611537,4.728748850011893,14.554006125240086,33202.21745501211,5,0
94.22294087670237,82.53563856596824,4.140208573162171,19357.209779013177,4907834.836810056,899,1
19.5500583488123,26.664946677712262,3.9405480154024253,279.2808916831725,33788.52263219584,11,0
8.411279897367399,49.465282290586764,2.141424494605022,99.60855939372419,17441.378681585313,10,0
22.38892583649601,33.419940551406796,3.6726967330247184,204.44381930663883,37876.44053390983,15,0
27.427224126858096,48.728319643456636,2.170126256822639,336.0648848561707,49495.942490934176,6,0
34.67023480158481,15.919480495952994,2.138413328455733,128.92252298628776,34539.00798668094,19,0
10.929777835946513,40.67542855282849,4.835812279085292,289.68045486255386,37338.042691503295,19,0
92.66624194246002,77.78368123961238,4.9305893576595405,9069.687632182327,3662162.8410796975,467,1
0.7467455139256485,13.714108745587724,2.6220386886225198,250.04865354784167,17758.22904511012,3,0
29.73060916860575,18.719066091427628,2.1200583793761476,166.2761622257151,26794.17273594763,19,0
20.095765692234018,34.900403588546666,3.318555086943083,268.9193658197713,10518.353854186782,10,0
51.74174415357501,46.76479817987493,7.015519297673596,45.66405035719669,18310.81217913275,3,1
98.35168426331839,82.70886805700104,3.255764156269487,36.8333846459551,707.9032908637134,2,1
67.56479837086584,63.75064653537388,7.778225103414547,68.853365555435,17014.963927987083,3,1
16.877594755258013,12.274509199739628,4.896079894679373,19.209988635984534,35183.450780068255,9,0
91.59458568960959,82.16702731682739,2.936938537770656,11.179227617532922,862.0553954100982,3,1
3.1990435437137688,58.33549054767723,2.57929477012185,106.12534322743794,5368.100632905714,5,0
4.917475530991817,31.97448727310431,2.584415960673122,239.52727671617498,12531.458751198687,1,0
36.22594971035101,10.026590175741509,2.4979974793174757,187.368976924995,28731.58653677863,1,0
93.1546422741026,73.22325495286728,3.0349093403298175,14407.968240046239,2694702.849923388,326,1
39.449629652565854,27.3741592671615,3.1623007366034153,495.41929362785174,36945.701731588815,19,0
19.527579046360636,52.50546970211123,4.37375537523838,300.5985629194855,38032.70811318133,4,0
1.4613770690998162,18.041924018404465,4.037145663501256,454.19476146016393,3623.680924681591,9,0
38.52309603252923,44.07990936793341,3.818696435764543,65.4350243348083,36417.64323615291,4,0
99.79359122819125,81.71836506635424,4.512338358951608,16471.445242834932,4987879.670971163,376,1
36.39811152092114,14.3471320168252,3.8309561344699334,256.11311288371473,43665.56314744755,16,0
92.84711221769038,56.05204419298768,4.396074399323459,19916.328256276327,4077477.495927467,588,1
39.77206528153601,28.582000092027055,2.387903555017449,499.59535036747224,37862.73492409116,9,0
32.81919061263457,14.285425260837322,3.360315292894076,61.87583218844892,4645.943433321329,4,0
26.6334790582316,16.536437493064,4.133193695623364,429.1225923686587,21723.35249133569,8,0
48.4785546330625,65.23207326196732,7.9266404766331995,59.48557605206268,16382.018541283149,6,1
38.866451520968724,44.69513328387492,3.5196277054355027,317.2543978914278,5477.310494975146,12,0
12.976837498453264,35.79013645959695,3.7343821888426207,52.7853958875867,42920.69098721057,2,0
99.65711220840048,61.42875656659355,4.25571957056838,17144.253213676682,4350821.389424592,995,1
31.693091030394633,30.09205379033478,3.9498461877436246,397.1049983655232,40802.564634939474,4,0
14.047333196146653,44.46925294350453,4.183848660381692,45.97651561153515,17526.828355046342,9,0
39.25982565019311,38.7148371147463,3.901060636600858,379.04080671019506,18607.680947163015,12,0
22.99444677917865,29.878114928295066,4.136035780282438,447.9081259206976,38781.48507862695,18,0
80.20951732302048,71.70426881699407,4.0874471974703015,6088.679183009065,1634989.9669440475,163,1
88.37736916756295,54.98730952459168,4.445189605917372,7747.555028594181,1004697.5365226784,819,1
32.656413202060044,27.836361891745295,4.462028353224833,211.76101199277855,29940.32851644267,13,0
90.77309258125032,97.3959365462098,2.827469040375238,39.85046754044927,104.45134061228278,2,1
32.72960271520088,12.324029354392042,3.7768961023383474,15.162292756762156,48781.14384786884,19,0
27.23091825462992,47.11120133884729,2.6781966588664843,104.10704972221234,39920.43128578079,4,0
6.369037810222888,24.19170801807727,2.773054673550713,304.2220427795949,15029.718107101033,8,0
21.148061749234238,37.25365989320605,3.8434542127128912,188.02570333606897,34084.24757097005,19,0
10.033605245672494,14.259838056733011,4.939950497581124,393.1014409824382,47846.33461308644,17,0
22.865720372542604,33.08200042461793,3.6824617960526833,133.7735101474858,11940.18922592849,4,0
39.47865989418045,43.63893281632863,2.935628119043829,204.32831998190633,28194.86431147502,11,0
83.46934829397802,75.01129333104883,4.800729894123801,7401.562568215751,2955923.27922248,794,1
84.67976503586769,77.0160395817104,3.3925982384567677,8761.34276292829,1193888.6282667508,490,1
16.58287104403298,13.798673279450092,2.3139930517387066,413.7892567057029,16265.036774214403,14,0
62.47443267708932,41.401987052555405,7.4156805482077415,29.40779728061263,19366.303852244928,5,1
48.665528094252025,39.820400247022135,7.639938953685435,61.24085408048005,17785.829786758273,9,1
93.79254837774764,80.86159006861566,3.9961930456725856,7.971729080635248,52.91108123616128,2,1
36.682661666505716,13.06365636463899,2.977361220190024,263.7576187704941,31999.744842939323,18,0
38.79974669694675,42.12097111224982,7.359353724506653,10.036802874358044,8987.722766228064,3,1
30.949033075748467,43.311193812373446,3.2710121019410003,63.6452835404095,46201.774538848615,1,0
19.32319254194097,50.182966140323295,4.908030530238137,325.90390385591047,38879.95301293117,16,0
89.62649897420316,58.72902174866108,4.420482105634359,15527.65665587924,3155955.9442531182,734,1
38.53215961009947,36.77452065870874,2.7837814270459953,294.21352250888714,22682.040088331087,4,0
19.683430777395344,51.41843988348252,4.9369307644772045,456.387062412761,23215.453766504335,19,0
27.47851066608682,56.45595285426646,2.326613969874732,258.85447075461934,23503.486283394504,16,0
87.56797659970893,70.54514470121407,4.444289609935808,13056.673135718494,3054878.3606367195,258,1
35.181449265412,32.18968467176456,3.522506536705585,79.12315839601742,34326.821732290904,6,0
1.0222975657705335,18.58525594756263,2.548315957017393,46.75788393183856,44547.452875202165,1,0
29.403347943343768,48.68367930385847,3.8912844701448694,412.5625273842104,15406.95371188549,16,0
6.877895711575057,35.22533815120016,3.408458864791346,361.6693841583165,39557.65990547666,8,0
93.23077149363951,97.62298583477862,3.457158529907411,0.12271839869470447,874.5563733576404,1,1
1.0379109083191773,29.16135392935374,2.1545086317188895,409.6335028572582,16790.773442779333,17,0
6.960786556262266,37.78866092893371,4.139605726842323,282.8613624177184,40616.97871085275,12,0
0.3487249289252947,36.12968475135952,4.587332781115288,468.5888747230163,49151.96164389165,13,0
36.94877844900408,36.878961268129345,3.3038520958709716,492.35392906193823,37799.178906546134,11,0
18.743623093561617,37.22567536101035,3.5534784177527734,66.65353316568071,6741.280464111007,11,0
94.11051171529847,84.95457626006632,3.844907700903784,5503.627632348829,4563972.035437887,523,1
30.965130599631546,55.93036629363091,4.21326912039877,140.5928319435438,16671.40225644196,14,0
23.406620486478907,40.57962555060477,3.368973582147383,252.78123125650922,28777.33660976239,13,0
99.66973929941781,86.73283963878347,3.0017547128753224,15.670509534844163,661.321919657442,3,1
15.177977169976732,47.95191715445399,2.7264028604313646,417.1526406720679,43229.20649886244,13,0
93.59920366701056,74.85698620035205,4.320172888196096,6780.2016388850925,2391652.582813326,372,1
9.3655514466958,36.817066405615286,2.8750698490030198,139.47426676698962,5594.875686949271,8,0
67.91198815335937,53.37778902706164,7.418146599331852,22.24527380126637,9785.462887508369,2,1
81.97919847553784,67.17683316814907,4.596972285092674,17061.871942250524,4269472.932369687,156,1
45.73540728193124,66.71131027982358,7.194149253975656,70.0804168889205,18968.894019890147,4,1
38.354338010952155,15.469472315488849,3.0146626641356606,256.9943396723215,39490.905208136755,18,0
45.41885305871911,35.00126426379809,7.72380580992676,39.87808260360221,12269.267390328485,8,1
30.54789492844216,33.58481029694406,7.326931763404279,43.01415906999666,13067.345765932547,9,1
32.25583349209106,46.625616367725755,4.514603843609979,475.5494440867043,12923.535911193412,1,0
33.54958129476696,36.80138449236148,2.4232088318429685,46.896002651389594,41620.36869594202,3,0
26.669474206093238,12.263294548951356,3.9679423947104095,237.59278886178842,28726.694060817852,1,0
68.53768486214396,36.02806044072665,7.55455846932378,29.92055798358889,11010.329832207539,5,1
92.31027895045982,96.87304468326262,3.1909024748446857,7.087949203070981,377.9023226817656,4,1
0.5954448722203631,40.4579687896868,4.305533430113341,396.1009873228386,32845.060425038,6,0
32.488669862974405,33.00206808092539,4.6545238747684134,229.27718962670176,12914.905492555097,6,0
37.130028996766086,38.58204485132041,4.697237520450432,394.0288460312756,45186.82111544565,13,0
33.85308153402367,53.28648047458066,2.074874192413962,222.16689943930967,39344.40859075139,7,0
10.967233960849981,15.88852223241701,2.344198987989558,276.4444099756805,34646.87396768548,15,0
99.28488067854884,95.23398203433122,2.9020174142011825,27.432863286682473,92.19866121547338,4,1
31.98865579192979,26.447983531453737,3.876792714971481,386.29666280652305,29274.59866753166,4,0
21.116208959916598,40.68728902349745,3.1368653308658727,344.4454050751925,42912.90870745388,19,0
20.361829186231763,30.65904286349099,3.7246176940911697,470.214614676892,20598.873086628828,11,0
89.8083206750796,78.33538300491783,4.622734669055007,17383.145139563698,4957516.92181623,280,1
18.948607617637677,15.082186841320642,4.641460617555558,234.95754595204792,14737.189105035608,9,0
15.237859190487804,42.60518412381027,2.18836028302663,419.5687233550296,12687.739100254603,11,0
95.10977453961112,66.05749531544629,3.2198253213637145,19911.955468003696,2279327.5374030536,964,1
66.90777461874059,74.95426701862064,7.258147138627205,51.23389515156802,17716.034995984144,4,1
0.5147582771588244,48.85963261831284,2.318300958491511,429.4118551693986,32824.37566570318,13,0
6.433845892230221,25.90570189138713,4.916732147776338,475.3629451268265,35852.3742800345,4,0
21.374563753644793,41.40605994911912,4.390907898922332,96.01395542716864,7872.472242774848,6,0
8.648950910939813,16.011363191948334,3.411244046646101,50.76091016825618,24332.803281864122,17,0
31.704986658045954,50.45405744359449,7.933787500130775,60.70214551728167,8834.663212528692,8,1
17.022729776808475,42.46780006639854,2.331978551681318,34.23522595310096,30618.743826546004,14,0
27.582169460271007,12.195897629347948,3.3191653839694575,380.2227205504205,30036.801184806638,9,0
34.98132572590135,24.5603144597934,3.999327298339747,389.36078237624434,17731.91987077724,10,0
33.575740490280886,19.45628030515588,2.6324777160506243,428.6745886738463,8140.258970916674,18,0
2.5421763195774494,19.911160067600562,2.032793047263522,240.93461572667258,24462.602649509958,18,0
5.81985948525741,44.73227736979393,4.882379670263026,286.30839660095376,11333.556244305732,8,0
97.27267950958367,87.25782222669528,2.16867586725998,22.5017737715277,241.7401679924921,4,1
1.103748450866724,49.00195570373238,4.55105713457309,340.089031952597,5893.299981441047,11,0
1.2770160527060659,27.25591308274864,3.405970003634577,164.80821832196065,45516.37868121833,12,0
10.961414355123997,23.606485786256343,4.670030807841838,282.29281763541286,41766.82438395174,16,0
93.95357260522974,86.78945179161471,2.8969043702282304,1.1183518713080376,672.7953820795829,2,1
30.484315957415124,14.25331246233358,4.191449146635756,52.78412309544106,28004.46368067374,14,0
34.871470253446354,35.26123141228432,2.0536252992404926,189.22277311355828,36209.78810006392,4,0
29.288364899886076,13.317141946860547,2.084607196756181,457.2562136216086,10486.936280774793,16,0
90.46635615993802,99.0342387837416,2.015883498245443,41.40548818272982,767.7999127430332,1,1
2.1774891677427055,42.9505098926605,4.164623318959295,307.8691168908751,34097.04946892557,2,0
36.283891423893635,12.291245482530186,3.7125551504737753,50.758617540541174,40491.642073251205,10,0
16.199367623718274,42.348836001462395,3.549142949895668,349.93463913988865,27243.718036911298,6,0
37.67495099440535,15.73849953448783,4.980016535063514,427.52484367723815,8444.103289900911,15,0
98.21977476333805,98.25260276112391,2.8118999345273386,6.017314454461592,279.9790007271984,1,1
0.9134206451034288,35.1023254616532,3.085516120958996,451.42974503293493,39145.30630793812,16,0
4.021658756149229,26.923744631361348,2.474036410956089,478.930084490086,42976.06397206631,12,0
35.10188492563993,56.61374346686998,4.060011194566119,131.6231937061018,19261.743345436887,8,0
29.664094124491083,18.99714354882981,2.3471353115480476,486.1013881102315,6535.170839780413,7,0
18.760378597035093,58.71935094165352,2.494294913130444,156.33208008042493,18559.498136688195,7,0
36.670946121538705,51.04512251390466,3.4770215964389544,92.28379216259756,20800.24158957755,6,0
57.96692501281214,49.68453992029884,7.772080718460396,84.79177457045645,9392.327034948099,8,1
34.16209732299614,28.971493312986592,3.7382391336196914,121.99546332277892,13142.127431625373,12,0
94.72742228286535,61.44385903009658,4.979386916559593,17702.824611720076,1310443.4963416667,697,1
3.0071612067656917,25.713196910338837,2.688501320830006,380.67081464338827,10346.573850769832,18,0
90.75312841452683,90.08540401226139,3.248766062537595,13.136726705036411,84.94282773529405,4,1
3.7955490242536705,37.617505572499816,4.618101254103783,56.676912837107025,3579.277266645477,16,0
4.358022248289886,13.210352949526252,3.046011278653646,258.2332071940708,46512.41444031168,12,0
25.89134886339884,24.18026783445506,2.2399570665445765,220.90206529768952,6773.172235325848,17,0
46.010465682597925,63.843924404270744,7.913768890504389,10.526704026312308,5952.013150739181,4,1
6.560983207708491,44.707850758565016,3.689886371483544,345.2617727554702,10033.598370677104,14,0
99.20662657495281,70.31626447571676,3.796984447517988,16262.426301047082,3376757.4684899612,825,1
22.992901088294573,48.25375549740964,3.4673773544441993,447.2658233616152,11715.303996937331,6,0
60.27084866608734,63.68597695286138,7.037281330661125,14.60676755287247,15066.108105143043,6,1
19.03149659959539,59.6659971786883,3.7192472149538554,279.1790959100218,45745.32783392819,18,0
86.20419003474322,50.024917780433086,4.868272535650863,10384.729091179172,1474524.558974769,722,1
2.4011203457136343,27.715855028713772,3.432019515217501,190.5238103866648,38454.25943516581,17,0
91.65400991001827,90.25520998204433,3.7091609912681305,42.3697504940342,839.3073377494524,2,1
94.9853368799549,66.74829751189344,3.160232527254771,10411.619265830846,1568245.4444108487,288,1
53.05471192267363,54.64648119380615,7.228792709161412,57.07164708572368,17680.596022818645,6,1
4.503766445526782,38.5523893851846,2.1647703938228826,178.10965129880864,35115.105398693304,1,0
32.29295449606499,46.166774983426706,4.164867258706177,37.253782664677146,15320.095372513695,15,0
20.897996811381635,44.056404793168,3.5277588351082403,79.40750961133746,6794.5715720441285,6,0
35.42135688485113,29.44672364835249,4.415311134513564,109.69124286347117,46404.230814000744,15,0
13.926905355527154,25.199857728777545,3.298388967041828,166.8798026042787,20709.28961560616,18,0
38.322404028441674,53.15638261298892,3.461784024429384,198.29397346022466,18550.509540505755,2,0
32.44604035366131,56.07856715459002,2.566232152517488,416.80513446772864,43639.6552962817,1,0
35.7501232425036,36.66679205672532,7.197849327677549,98.66448363565608,19673.55091843244,6,1
37.64216549796992,19.304763608705002,2.533210464820327,457.4644400993508,40202.88028366226,2,0
88.33929066233084,66.65219759536822,4.955325935490903,18113.168339218606,4170753.978284126,712,1
96.66433691022169,88.93233402728939,3.2099183434770673,40.16718181653387,779.4420474201318,4,1
14.073402849981647,33.78243684916822,4.75637262939277,194.82499668194876,23354.501810637237,2,0
15.437719247916831,44.91820146020949,2.7380151249758717,486.63881021690236,6483.007161410196,6,0
1.3696776274594535,34.545577341191226,2.8229130938987756,20.812768973529515,14310.247538179987,1,0
38.333037022343184,35.72233245670127,4.997201971101899,277.4224422601283,29022.723407028763,10,0
93.38570321056035,74.83166541221263,4.18446740863156,10607.543639110481,4247659.074379798,801,1
99.32455707360894,97.53925038581397,2.19117485888051,39.5469013589142,700.5033165079197,2,1
56.10926702558778,42.443835390904525,7.304233153832134,76.9434239102617,18132.891842112065,5,1
57.50586042049839,30.013211876248576,7.971482902089825,50.957068161229955,11213.434660038334,7,1
30.25473055023479,38.080071889346826,3.5404348296723436,342.96957087475863,31499.273134654155,16,0
87.96945097964758,86.19061171200423,3.574256199565391,7558.185285787989,3265185.8510586973,974,1
26.783097201584575,54.66127249483514,4.846096887395923,129.0424967980927,19296.946915214812,12,0
93.44846011818412,86.58608778951555,3.811849400261125,8033.765152796378,1993601.3743724911,930,1
29.59927521811112,32.13717943261727,3.386738040724892,313.9051751702367,9001.474017614582,1,0
29.198721124989902,55.73555805126598,2.1571837956072932,349.1998124965365,40481.46541408781,17,0
39.30513700916308,44.18524142217881,3.2060188828899037,147.60578487219843,23822.460207722615,19,0
34.128144010138996,48.50845272183852,3.2885777417333757,19.802994828429235,49412.09990233502,5,0
89.92888617242102,85.17238239232935,3.0532731511837907,6886.508194729193,3705374.8348502996,184,1
34.985930717960244,54.684056141359434,7.420049650263088,68.52739439290816,19721.731339358408,2,1
31.158651586610997,12.582392793862464,3.503900248370882,351.4114669676181,13358.016762751125,17,0
97.39773889644988,82.44927295503494,2.9669907442490286,32.16000000011711,89.15730652727049,4,1
13.76653468109891,26.087711366664774,3.6275425471744693,183.72388985108444,47049.493316452325,4,0
97.90405378566932,80.66536731999373,3.2895357526185993,15925.24355611262,2114813.310526863,333,1
9.305391913433585,27.956332169074546,4.840931937023631,171.13119817732212,12007.711574012024,1,0
46.82370060489283,50.96520731125346,7.98642530597222,38.7724975002381,10827.840180200996,1,1
6.2746900754221,47.5447263997718,3.3138529584479963,226.0525014449366,20054.514787819717,7,0
9.867561414322674,54.15674440355571,2.317770774390532,351.4672508872207,8008.691310245768,17,0
21.761317013153565,42.931945386445264,4.825700786707869,90.23292609680388,30366.770197563405,10,0
96.52190762950852,73.50901290213338,3.241785359346059,18264.95256464376,1018309.8493879976,508,1
3.26571021728689,29.004660149404597,4.619713136071111,179.07660840816374,45546.91750627896,2,0
5.565157020766751,15.334891910581273,4.519291717057456,317.38822447591934,38258.9783676357,2,0
17.993901370278664,11.799393877431555,2.394561782462521,91.1005281989672,38616.50703448826,3,0
36.15896385795225,43.4606301431151,2.8186431031010093,287.3562572940766,32024.371938555665,11,0
33.390506651049705,54.241914375338624,2.801565322510652,330.8648714669191,14273.64748116005,11,0
19.39180102356813,16.386139452280624,2.125205775134563,158.54457447112068,33837.295812154596,1,0
8.947533556136605,20.445896981748,2.639424973940385,454.5818864535075,1043.9041456785596,17,0
33.80328605318173,44.348401844339236,2.3682002189746805,201.17394810219875,15351.472608941378,15,0
1.1715021205819864,58.03012412430553,2.012213383417118,149.52949063324883,46123.60410102624,4,0
91.22730564938927,94.20095407458805,2.3708090682734544,45.40888220023012,634.7800432391848,2,1
97.81156350194614,88.73836718344492,3.4492765814703867,10892.271708356311,3113623.0026649986,527,1
17.948156823290574,27.209088137168006,2.5455241272502658,40.602277262919046,27425.025499499297,14,0
33.86058566089277,14.117576748781676,3.6486131006977502,406.2518603327024,33082.0420707693,13,0
23.989800823495003,31.656658192724077,3.1849376782184744,371.9454600970036,19047.395878621453,16,0
2.9904017561378904,56.795221702027774,2.9141662348232815,494.99137490706204,17409.313003881012,13,0
29.948300041449553,49.161533515377414,4.89532243094298,480.68544584243557,24926.329060700566,17,0
32.08794353087535,58.15305203470642,3.7179251835621323,207.8497067726821,5813.783589572312,9,0
26.390791266143573,48.30577763942636,3.7856995112406007,76.89314502914941,27269.400659386796,11,0
94.40506129750065,80.13506273669073,3.1649036422190298,7.946276813069741,195.52208467545984,4,1
39.35402539758787,12.821744610433552,2.093663439789018,344.78120537373223,17789.081428330832,7,0
0.8161219232602157,56.43411433384397,4.631752536673849,481.63196240833867,27213.485044451267,14,0
94.34678552654952,92.77593686498554,3.722653078950014,32.42089317786958,330.64705301439966,3,1
22.731702980675983,36.58385115422878,2.0308745418736027,160.85183290561594,36682.67361307107,18,0
21.75829371529464,13.61670160724719,2.0823348172840874,269.98397421577795,12129.292591427764,13,0
12.692090990225125,57.21721803025325,2.846679207348619,159.34545903525085,45120.95493343129,7,0
13.348517480557218,29.676433677455375,3.738770505610347,430.65285468886464,28014.839907527054,5,0
20.270579872453453,11.951311154092211,4.895029721372373,349.12613832559924,28668.35630959853,15,0
93.30511230161716,91.73976343899778,3.2983940115320807,42.11961931780888,224.84398172021847,3,1
35.155082300430834,53.717278820372506,2.8740071860644614,158.5593175007934,23121.137775237767,3,0
34.562193187656305,15.312661621248028,4.795710181986853,498.74769242730224,31450.294223652214,19,0
68.76659909641569,69.51530903717367,7.732348454989557,84.60442823139333,9441.593513593774,6,1
91.11470689735575,90.84817204559614,3.8765940993881776,22.223000245998975,942.2669146810949,3,1
92.07294766661074,92.195454249264,2.665672541840231,2.118528249468504,457.3447945808271,3,1
98.18944025188163,93.61082212026918,2.4469039319166037,17.09569666919081,94.56054974993822,2,1
4.34839100025656,27.40835228632596,4.099834570666305,351.18730593727685,22376.98263231736,11,0
11.791037176368476,50.21292654465543,4.8110394040672215,202.83897418045066,15302.475090173268,15,0
3.9729241451602793,11.217344654567881,2.1115670500474866,183.11257183695614,33665.77892091005,6,0
56.678985109845655,52.325443103600605,7.468280442490927,49.61261109020221,8436.743677568962,8,1
2.5893937850111914,58.49718654447524,3.937595482864705,477.1419350765263,43329.67329257387,17,0
36.147170583750075,78.4156881241667,7.921528181894914,91.73555575232908,19478.296373687517,6,1
91.99056361987978,75.0496153609774,3.6711717953982332,15798.98538356977,1415506.6491501085,257,1
81.80258184505713,62.39187752215074,3.317804815892647,11769.03172734254,4835243.869418116,482,1
13.939636468194493,47.890613720203696,3.0438948996593775,449.3289164366201,34991.32004751455,3,0
8.20494880252642,44.31961958703329,2.567235968689185,206.25943690457032,44955.591071367024,19,0
16.016331803494772,35.10467891627194,4.623024095586002,446.8240964921287,23613.26513856295,5,0
23.407236548426233,21.75808457066988,3.557736125949906,68.49828478363574,45072.43766836139,18,0
95.2516916825114,59.155541072720354,4.16188850614332,10866.798005254906,3709843.049493789,970,1
25.249233141758296,29.52286442429602,3.509693529339241,348.64405409546725,14189.299720716372,5,0
94.26025376067189,54.638671589488276,3.111622164764227,11673.427086671107,2178463.2716076374,387,1
9.352070910252234,23.492250108977622,2.236043289403197,152.4086953864062,44005.45329988758,7,0
19.91561041787849,25.90932622950104,4.231505250286813,209.21660330351293,48645.61939069296,11,0
35.98534031878007,33.56524773707464,2.2671095948340603,230.86059233635797,32652.6405455461,7,0
25.884615129742112,51.415223153782335,3.405697369950133,395.4001730457594,26678.33237025836,9,0
38.95081423169234,55.67570852055234,2.3054410646960437,345.9048737885378,35993.44451007667,1,0
39.409271723349185,19.253768319411243,4.45139809157461,344.7673691766187,7145.089445984245,17,0
31.545640461841934,57.37720295644768,4.2499496937841315,264.70082429790403,25192.081206755098,8,0
10.604200153429911,21.192139129927398,2.187430917091421,32.70910594263151,6899.44985537958,19,0
92.58734686324681,69.48352685515377,4.368995895868546,11158.282767950532,4534688.184405597,747,1
82.41248823938125,70.404006265652,4.328866506136213,10491.553273249718,3568928.865495726,374,1
81.26103789365914,82.31382016577028,3.379631493311524,13852.055775773804,2935293.032857528,728,1
32.80815312027835,39.56669422289073,2.0791633590791587,29.56560120517171,9151.970559972151,8,0
23.656132831226167,16.674959481730752,2.279906512314495,379.77463038752063,19777.147433487153,15,0
49.31925392752877,74.57153594315365,7.968076269948998,39.039884425821654,9107.38214873054,1,1
18.27264931169036,54.234671612570956,3.2936956636093404,150.60473963213846,23595.7181735813,8,0
24.64180270374254,15.176303790120041,2.154370096020692,416.800653626293,34310.91046575211,15,0
21.95623770807318,19.75567918761771,2.4130571354971364,32.21508463388888,41293.92929387977,4,0
37.54016799285171,27.159254529957806,2.717552320466742,13.264120002475694,38439.846272926276,4,0
27.972263852263342,42.55235721001114,3.4087743855366606,449.93660252720434,45774.793894302,2,0
11.640695320479,14.750832977423535,2.53369519584888,187.88447373145186,9674.574797868014,15,0
8.062041426115965,52.519608192841964,3.800864062793838,491.08498695759096,40869.45283537852,16,0
31.362040079476433,22.139581368137037,3.6851598592199974,121.81707513235261,3054.3589672160556,18,0
92.71114215900234,85.8954686592158,2.0623838237016834,19.45920713792539,446.838955472458,1,1
21.3343943545948,30.321790719136423,4.397358612620647,346.131298838195,8696.841436736817,19,0
48.976693012764734,48.32687538209113,7.104827663522054,69.87354465940217,14021.615807423397,4,1
25.870354624532883,56.336996361497604,3.0450905649541733,356.6538737104754,11147.365476269366,4,0
97.89780975405898,99.98453894319036,2.9914461707337447,30.22956496356322,968.7017912245225,1,1
8.310414023790994,32.846210855860605,3.3178920180626252,118.10106807720729,38128.88368425736,18,0
19.74914741040306,44.15643224802164,4.553814024597702,119.31417622066554,47096.71502120521,3,0
7.376024524985545,10.07910829113375,2.405496881286783,68.06176460099726,34311.15304502859,10,0
95.7160855901672,96.5802543002406,3.143582860760687,3.711858282129332,75.5556873406733,1,1
96.69371460730744,93.40271040629274,2.1107990664729908,10.71551729830581,441.4581307941978,1,1
25.78628189340819,25.950822814151916,2.0757409548694676,162.0885839683584,33634.41630615179,10,0
26.503448006759612,22.656989947340474,4.734893991502331,97.03638914510105,19706.377266158914,6,0
35.16656082115069,56.823188727481046,4.94712065360353,47.557053192817094,9514.710055137233,7,0
24.855823777778948,38.85636280477983,3.736960928275367,327.51083091690316,6882.296173225768,10,0
2.16472479469783,49.56429250723935,3.1804765597885805,489.9071953867532,21835.86762538643,18,0
16.9592132822388,33.57401235681292,4.980165040012717,216.107555739248,40923.54089444764,2,0
3.0113411427474146,31.894185590037235,2.389858855131906,119.34852012644211,46444.7588575526,4,0
37.306563426913876,50.26415914084075,3.8832298737815045,428.2842849370686,49732.10237126321,5,0
15.289404980340699,27.224374047589496,3.567818153339263,275.7532366497702,20288.434636472273,8,0
14.10594315313002,37.94935007623612,4.118931117442325,123.89126296846932,13398.236949108932,9,0
11.364298130317586,51.78481938423876,4.505639224655263,157.18301747600236,13531.664761091188,16,0
93.86861656876272,90.82483568055645,3.739690033869822,33.485872202886476,238.80191696621188,3,1
93.66996752959778,71.27568674186182,4.953949346908655,12028.022675263648,4577729.999215049,411,1
55.19337121150961,61.0776774782579,7.485624594439388,74.54606069770772,15199.288087395167,3,1
91.27182197761263,81.50668405618534,4.405933635878256,5908.471795418324,4474390.234690279,557,1
13.30057339562551,32.68687911098712,3.7633872630797685,50.11478434477702,20545.824535496406,19,0
10.56897465935926,39.310377225634696,2.766547969513743,34.025139586575044,20543.1174689805,19,0
66.32163702565495,41.80677945659569,7.714006591189807,16.486928750562402,8666.370402161068,1,1
98.8414486778207,58.10074257919882,4.234950775015225,13799.083573407934,4166610.712943082,317,1
36.84397035746254,42.281129482916235,3.7813093869224463,89.75304226987384,37961.48981326313,18,0
97.39695058221673,95.87971243894151,2.964458911791799,26.15918403034202,85.76945525084278,2,1
6.098969545187289,16.063435787560945,3.361336658020166,344.6323100195404,24999.254116698758,2,0
13.242361719532884,57.01359374751662,4.234481289435797,185.20425824589066,42708.26178979689,8,0
6.77359411062691,16.204702562624377,4.228717963041585,101.23904712275656,37422.78817908855,16,0
38.06561811649474,43.878941522025215,4.628170055808567,194.40309266775597,9436.738707078128,8,0
13.34398052485966,46.617590884593035,4.657828209293984,294.68050942135517,14633.171700379773,15,0
11.549130502890769,15.24874055398939,3.3697896481343395,217.1635398631397,11340.597951723328,15,0
4.130824429134057,17.716687028409662,3.6453349035209577,338.30861874609434,14342.436851162181,7,0
86.69407412683255,53.849231074090824,4.4729767389298285,17022.067446296605,4174105.6898941207,186,1
86.24560445563426,77.04642618125743,4.691503403459344,19761.974854004824,2128501.168727449,353,1
94.31626798467886,76.63892988087878,4.881306489652758,7922.140798965232,3556986.5719737126,891,1
28.427985627212045,52.01018303178266,3.0109628224125435,177.3109857305448,15445.203414512038,4,0
10.940950635123228,55.2977518174747,2.0303393023132648,281.9736875313826,21754.18867169659,14,0
40.68092353323604,44.204395956200784,7.516220662242973,18.64373270371177,11843.087187247467,8,1
13.28831262180596,55.96476493689558,4.2253488162103405,10.335511916423647,32802.39353854106,4,0
13.168588414492156,35.787722837165255,2.489811060073918,487.2296639776384,44380.78453377911,17,0
20.151008786543372,13.239048869497523,4.68260812884353,442.69174683487665,30183.08961474648,14,0
39.361423959257294,25.004355507834248,3.576955488971084,425.16364469023415,27943.96467072311,17,0
3.2835142204338386,44.01067664374996,4.142236546045643,273.5460424056623,35942.388863165776,15,0
0.9464730369318763,36.83458354895764,3.455239328228871,287.59168594940826,49283.60237962157,5,0
37.92140518504153,53.600729362234944,2.5278995238485926,262.3137337012441,36180.53696815389,13,0
99.13133028153956,94.80062589442596,3.7891563615349164,8.26021391687114,244.37846961961384,1,1
94.61778943637941,92.91520249354745,3.1403160138244597,41.021174780038855,820.7749603599933,1,1
38.13540972530429,39.43099348101206,2.9939094921717957,168.22296384708244,20724.151526934435,5,0
58.95592928474788,56.23525152864615,7.888516544977183,98.95651035031725,12493.249161338284,5,1
28.875899902358046,43.105785472942614,4.857962238419871,355.0302872703924,9365.396642398764,6,0
36.43950205907227,54.387906232284244,2.5768898055817644,264.17243857668376,26934.558400340105,6,0
39.21780298452723,37.931722289213226,4.001888649603869,322.94096940427727,23341.35493935545,5,0
20.505535100300364,36.07900804944312,3.789416863807017,458.504550282003,37495.99411309585,5,0
39.13102968051246,53.62912305316523,7.616940865335728,20.878229713125535,11023.45057927589,1,1
13.227650081755545,46.26425026189244,4.8898450075399555,230.83625431200443,45216.865681637355,15,0
13.008228946046927,28.015934617761275,3.0234972595204486,178.10354821229413,11200.845284062076,1,0
20.19512305023933,25.129422043409896,3.4131845700058516,403.41779523259237,8591.494900074682,13,0
80.83895507268969,58.01835008941349,3.213024189806524,6425.55923621438,3120504.1778483,291,1
92.2128774184648,98.60725967778993,3.3307747118250948,12.574436900636066,999.3016595850421,3,1
60.42252473277357,64.02320046366592,7.942990178520869,53.07037959218403,7244.49719678594,6,1
90.0881282278749,95.05370649876176,2.4503410615429018,44.885641980661596,912.9218797149344,1,1
39.60901379558798,54.25490779874748,4.983784369129593,345.3063260625862,26069.473079762956,15,0
34.10459181314956,16.00931403761799,4.018611932347275,498.1157611493268,15566.039055533694,12,0
26.597942760784058,26.440088415136355,4.8850065006303,83.46321735141147,41153.12227675147,11,0
68.7583771865683,77.65064297386172,7.66175582962331,42.47522218845262,15369.347714626649,3,1
81.17617581921385,76.3246455785814,4.1840462943236485,15365.722103484059,4866577.5449608695,493,1
32.77254685238818,39.725596223656694,3.0032375089175916,126.00184311672835,27477.37409274303,1,0
95.19236324564322,91.22821766532981,3.32106727159386,13.60157838127195,654.3565759019759,3,1
2.136904037889904,43.84578011009848,2.77711264136331,300.96226941359225,30879.396146746352,19,0
25.875147960067363,29.200774514083047,3.1178956949260224,322.7397546041146,46885.365687977406,14,0
61.20303071934215,34.97025374441693,7.3317262257466425,11.177589854966946,5286.684289132504,5,1
93.8607348952331,54.93479137707054,3.9646119802506274,17420.43527534764,1630077.12553943,677,1
15.027002992301796,45.09271951199962,4.08222754490931,100.35093192389627,35886.32604469471,17,0
35.97554645655633,43.53439121019824,2.0063360697449744,223.5627181288556,11248.582432415273,16,0
33.10159417089426,30.72574689351702,7.130109012023943,24.542729354028914,14484.051443593651,9,1
36.651261727011246,37.3416914783744,2.70217074471279,183.51305079646045,9085.208236592323,18,0
37.07217076280656,15.06578287176011,2.3575131013397415,41.870964745301634,19808.452423818588,14,0
15.656777177938253,55.26436551579621,4.793829379755782,429.02566179707,24375.195234346415,9,0
32.31138477612467,10.568286131860358,3.2048586812863755,122.01450769825384,5759.5278836772195,1,0
84.82093766597193,85.70658422156933,3.2077732798006604,11224.313071879871,3553388.487934666,298,1
8.41881928572704,48.72568042232723,4.296152341565422,42.87053264135712,40876.16734749412,13,0
0.8743566876391284,17.86830211043668,3.0432289961099475,474.3316922442213,11239.08036449211,15,0
82.79593143026082,67.07917953383011,4.302051150439967,12928.010343410053,3141145.0548242405,401,1
26.03920930598903,48.679692186540734,2.6611723534148934,452.3802877657962,38673.94653816227,16,0
23.9953627894033,33.27347961975598,3.242781418659243,254.03051075651848,36468.87615295563,14,0
28.14388298044568,10.727498802162602,3.08517795178458,385.29060434199124,35333.10085020255,12,0
39.487913506131996,44.027227547798226,3.4920219915786452,278.39808660393123,12295.750913918691,15,0
22.128837597588475,16.863538066545246,4.444601135971442,354.88131892567986,17500.60272550711,15,0
23.054982524978694,41.252752215424884,3.2895843104636358,348.01644695148747,39551.96054177285,7,0
10.774142773773674,17.788460715086302,2.0720943470963418,398.0198774229028,19424.388803249472,5,0
34.95336121767913,30.50367502804315,3.2790941802471214,416.9516542838702,49090.25294385049,17,0
80.22430945974152,79.67835742497996,4.227776739858087,16770.895387657547,1504752.258840189,266,1
39.538481620239224,23.731542093865784,4.26996916898795,340.3708584688574,26916.1281039482,7,0
91.03217262617453,65.69452924117472,4.2340188732369075,9423.749617945949,2490314.105174208,257,1
62.07411429256009,71.35271564025786,7.122411970693356,35.937983353393975,14026.611755605143,3,1
26.0051215970603,26.709740346302638,4.00577320192037,265.7314631887866,13451.646270594783,1,0
6.429673052174101,47.35216668593532,2.514370827003443,274.0768167552692,2224.3398721173,18,0
38.327404767114885,58.00438999996248,2.620848065157185,147.5658851512776,30108.73093974269,13,0
32.501062747485385,29.296050512257672,2.869502090360673,424.4736450623933,33293.41534360014,16,0
32.723910451803874,15.208069319881764,2.0848388558261504,390.1787049155503,40181.6701441981,17,0
8.985557874067037,24.668600478619496,4.9631232813515,492.4507365072474,29801.009021722584,16,0
82.04770329660477,54.96639921377788,4.177079213553308,11687.844328756251,3776864.5668811607,142,1
96.44478080826715,84.63126971120265,3.103812934972237,44.15150763356325,663.9599633137396,3,1
27.617148493730305,19.532618787197283,4.769910215436635,321.37965074587663,37556.13914770685,19,0
91.09415096041216,86.80671646898503,2.746716954726687,4.805489685647318,586.6216554262072,4,1
37.15443885694535,18.950588134955318,4.714982670021042,206.41934841420567,47533.799169349644,18,0
33.03145007580583,41.4602801984942,4.900701708084737,98.91240262615361,38775.84883391071,9,0
19.63327218848745,19.807800560511524,2.915089973486621,459.2557675254348,8148.067646038869,18,0
29.390937585500406,17.3148919007591,2.9583677739659873,24.03038397860651,37314.0202091233,5,0
2.000491247837579,17.096653701779076,4.064395752368048,366.23008264618755,30990.059378169895,1,0
15.199812899453779,29.52387182172793,4.390855710390755,386.2138506957376,44030.65725799971,19,0
34.182229281794754,17.170256528010583,3.768288711537214,30.694984613072688,38496.081538170896,5,0
93.50159493285466,99.70133137532088,2.939685569028912,25.151009636992466,115.0786290621143,2,1
19.522911887683783,59.807911864955535,4.755894872302877,202.91536233486184,32139.868225885617,15,0
34.20309294522845,46.591450897979804,2.7705955650633824,365.11565485833324,6510.722940414008,1,0
10.31352077232821,39.09196184521248,3.8390489165106483,71.73910358393815,25709.640209737627,16,0
50.28406773038136,31.215139252613795,7.342242809832428,96.65170137543112,7359.409443883641,1,1
3.5460233235350103,58.204554145651166,2.0106151033443425,11.658369279357892,35760.37564653888,15,0
20.067625898796834,42.88643697887362,3.84344903465977,466.58507023234165,10487.161641148281,19,0
5.747664438667783,30.42936520716836,3.607703351584118,248.0126109184704,43407.1951445033,19,0
99.8425423880073,82.43001094107659,2.9719502165631377,21.395582512983104,866.9697486436072,4,1
20.923895395255823,38.47511945308497,2.8616298103107916,68.78611134167997,34980.337632050585,2,0
1.7000692151074492,28.064468810692137,3.516097537320486,291.8049081785539,10913.9740371478,12,0
46.31157468572023,34.19368840694538,7.985663741235453,29.33698800662164,5750.141783212462,3,1
37.08587082640427,35.079521470145934,2.1705233873858703,89.20348683978727,21051.65206841765,10,0
31.722436555354335,24.14611715337979,4.2424790751357175,157.81928268435857,42079.392792939645,12,0
28.979342673544146,52.92977760221639,2.197932879037741,484.8231631492467,11650.544824709561,14,0
87.25557779562396,56.94684072090851,4.638450344202207,8651.497451743338,3628740.619228597,250,1
16.667599174317175,46.151084101302615,2.415879147171843,239.61655562345896,34071.46333299418,9,0
94.29256519851361,92.66096801619226,3.9855910795471674,16.184858896060366,669.1928067365455,3,1
11.328797518963647,32.94111253488797,3.228402729326542,313.5539185314362,42453.32521067741,14,0
15.097292007919743,28.90145309557132,3.132803329798026,208.2884448853167,9523.689032673621,10,0
22.351173593596073,10.370427760608976,3.0608655769602238,385.9954173674825,11537.101011181136,10,0
91.2882694328262,80.65663375101165,3.930082108911079,14.434245098897136,430.8070541694068,2,1
26.62844516762072,17.06718265033961,3.5310403845765377,243.55107518269048,33690.98337986563,16,0
69.44951321439403,63.36701754726651,7.398253959929082,89.53580599983137,18452.803336588593,1,1
10.294427685509767,43.89852905318772,4.545137647339317,498.88597686190474,7150.031110934933,3,0
21.593288555632455,32.81662112034464,4.287905389281759,197.95454392810583,22146.300353463062,5,0
28.65552697172582,33.39916834727613,4.642915850148394,212.29316097392405,30550.72804869952,8,0
38.946713431069156,50.51952031142238,3.2788872039363675,304.1798621649293,34759.69782127218,7,0
28.921721699258647,20.12759008319245,4.16036605833203,457.10568918157867,38384.98976186482,18,0
34.36579576915058,10.909426977740685,3.380697881917307,157.98811183178512,18414.590150976022,14,0
85.78504293007545,57.1766685634402,3.54753639600501,12777.976720020746,4751154.4760057535,366,1
46.02337345015904,66.46064160600625,7.420023196815361,70.0654984049213,18220.171889050194,3,1
28.335100333069498,28.696031079370375,3.9417411859339135,471.8054976037636,34877.592927295664,19,0
37.504121366292004,67.66248707499413,7.872330489971093,91.24573111002405,11584.520855767963,8,1
94.31101164904895,82.95180272777714,2.801897247191776,6.303863629809648,509.01605553059824,1,1
89.93818581451657,59.42564557721953,3.23333341137688,15345.517239636189,2149550.9830818735,870,1
20.56325962442315,23.683219985315414,2.0434459217583774,490.56636194830213,4661.62330328024,6,0
97.32875605726535,59.70999295339551,4.9751291080780184,6032.010242631126,1841630.0815658225,131,1
25.063428743176726,52.36848174070586,2.282365424024067,187.49888941716756,46939.389618766196,16,0
34.3996759281461,44.62925195841931,3.7458589258039012,321.73373415827734,9645.454850169395,9,0
34.274078256650846,52.532739842262814,2.1761280342859415,145.65518951843794,27490.420997906065,5,0
34.47338358317036,11.275624471284054,3.0636989823870344,375.69376925397563,39582.7163237722,6,0
16.03843989095896,28.22157630631917,2.5679510076445418,190.37820123110836,26258.274238272028,5,0
38.429491087147646,17.192641894695534,2.9424335250958986,184.89607928514442,42021.5371594619,13,0
33.268147103488715,54.18395175077559,7.688007450509824,37.73727990912548,6468.157019135565,1,1
11.305900527053305,25.61897948978579,2.4218745997109465,442.6503587996507,28730.6855784698,5,0
39.96249480252369,41.17487036232829,4.920136355764503,129.1458112427134,10960.65659597677,1,0
99.05073102092629,60.72495259922175,3.4932318183559214,14385.589958098388,2958083.290682912,995,1
98.10378751819931,99.36881456612413,2.1779154551628155,16.238097289711632,628.3028515313612,3,1
17.096493627806844,32.86690837444758,4.212738915591402,338.5764941562633,28057.71709306195,7,0
25.385489167990333,29.852311393854045,2.576417062202911,354.17320699992575,7756.792177134035,18,0
34.578325924220906,35.2598961560111,3.7634093369202937,155.87002436746536,18927.01823919481,16,0
11.16726034759845,24.447521500118683,2.581832138450965,46.983096091696595,37810.710330485716,11,0
39.374847839897924,35.911655990390614,4.66639394475353,482.0458468312889,25938.027343564117,7,0
17.19922395365616,30.031715082274076,4.15622231832542,204.04043638867654,41257.10323258496,17,0
23.647662992748874,33.45312909488847,3.9105178407334327,84.8938749680754,32860.93820102626,10,0
35.43306723387338,17.681471726945162,2.236521003975417,310.6070383042369,33775.18434837169,9,0
16.729446137298417,38.52542678836079,3.8695040388560313,62.99786872271336,10176.672083102998,3,0
9.100122442464041,11.822150392089133,4.842883032583479,306.05989312205514,2204.0454633026225,19,0
1.032159601342948,51.067013431126014,4.7700801421067105,300.66822198819733,29454.440999577808,14,0
92.88326137990005,92.36018509856962,2.631490084765942,44.104385637809415,303.3343570944882,1,1
37.6363106131363,11.119447290115522,2.49523990121756,81.40448884985881,47678.975019507074,12,0
25.16521509240529,40.76840768886667,2.3973706949749536,172.6964328686289,31497.333334453568,7,0
15.99971803417409,10.00507077218534,2.3890175836579117,388.2784514332052,14204.3111890515,16,0
5.778194364257088,29.32047037200449,2.595940125594092,375.4461436331084,31755.522825070602,18,0
15.94444432469118,36.74446134356296,2.503137845346788,467.3734847486777,19177.70450673554,14,0
23.60853032590289,46.06398720638443,2.196821382712913,95.207044936241,36822.99923981716,9,0
11.646200621324985,55.19143951653206,4.526422914219882,461.0321711451883,24581.582518152863,10,0
97.96030249098347,89.8744572589566,3.8256018024441785,16.208700004665864,98.48513680630289,1,1
90.06513317745662,96.06920794129687,2.987158748316305,5.229930528644012,677.79231386352,4,1
30.791217293282088,30.305892253098662,2.4727338568755646,48.72908963906674,21457.71576449712,4,0
16.66274815625142,25.221144682548054,3.254760773116879,209.4337001936195,23506.76886535713,5,0
31.996444077144822,44.587139617828704,3.7121348717842357,248.89728200562618,21821.194793317823,5,0
11.317745662322878,26.11652167163522,2.338595363685399,416.3647967540193,27080.014507775195,9,0
39.77795780104341,31.903846981624667,7.132809649168456,33.70128855040967,8794.873549197877,3,1
12.477132798244813,39.27824088678463,4.584731783987076,230.2139610285559,13405.113236044317,5,0
5.912991691177765,53.37190851415135,3.776903309873565,183.37731397559594,1441.1694240954696,5,0
14.686513966461007,53.63871434365257,2.2379823777187413,373.59252687966267,42345.16479379479,10,0
97.28324791697584,84.85662615035423,2.2480896983889505,6.178578754085883,664.8127248908074,2,1
81.08702007622895,86.68653260018027,4.195773526029683,16871.37247723776,1772601.539811741,322,1
22.897991551460617,16.25254246831973,2.8053398597114247,99.5221569483877,39901.458537910854,9,0
27.21114161311636,21.98691800818461,3.9604437118947295,70.3791764901692,17313.66220924203,6,0
95.41187489728696,98.03616387757,3.2629546944637715,11.194665176061458,840.8097782703628,1,1
66.08352189679877,77.94024343734677,7.743710857260887,11.87247769127272,19425.01951746249,8,1
69.9060061336825,54.10297758732578,7.896276515455882,63.568093711711704,15957.847436527207,7,1
96.59082078396354,68.92032320699539,4.502390059139694,17935.127824814765,3626018.1595144463,386,1
39.29055303345585,69.3383287814994,7.057200659293464,71.43421003133733,14089.738063797135,4,1
53.09328376432802,48.570474381290836,7.936752307744099,90.0996565039899,5480.761640701783,5,1
11.879240735835669,15.338347871439181,4.141989133836218,168.82772785948802,3702.5306179940853,3,0
33.63715988698346,43.68162037055109,2.7392466531374247,70.90697656597169,39436.0746469956,11,0
50.81951506992894,42.43655287540838,7.1911899717114025,41.215783126923654,11330.80549016205,8,1
24.826604419120866,25.99889425781325,2.694457502263242,262.712178747322,18797.567049093086,9,0
96.69742527409747,94.6349061815473,2.226897849086553,29.876078754143258,269.10878006919745,4,1
89.81371018425547,56.028610281406316,4.233055517554816,16597.236248904355,2488797.026358718,566,1
0.9710272029211708,53.70059430953481,4.927000201233637,36.091348835057644,11478.456818311877,15,0
24.506315412243897,44.71220645971871,4.566302649979732,226.91196217598844,44280.127998582604,13,0
95.48369866893896,67.54504664536339,3.9574796795585443,13340.667231800733,3542008.1505318037,444,1
34.74914422776059,31.1741171350259,3.566342753194778,247.4008829579777,47019.17355830782,3,0
8.375132016734188,55.00904257697812,3.2385564613855315,55.63333047635698,24659.48151578594,12,0
6.594273637785837,44.26640574431733,3.3495978701455114,151.68529748520527,26769.62336209355,3,0
37.31451706270321,15.838144239948768,2.1156464274432865,444.2558048820328,19603.32294031294,6,0
4.877771062308027,42.31134164343549,3.5513875137846416,334.1856353786357,43661.445513384584,6,0
38.16497429125774,23.910097434952725,4.709115228983308,38.39925476264219,14435.641759072116,16,0
58.7093135738026,43.66059572765672,7.644065528984299,55.65819754696774,18681.241940332755,4,1
99.94766288190735,73.31098862078711,4.593733954354665,12816.473973099597,1012181.4127185829,226,1
31.690958808656053,36.3822751412797,2.7230886836087493,424.55223893608576,45785.32276121476,5,0
32.64699611879462,49.96480812165027,2.551073726482014,422.09502745791104,27648.320509473164,11,0
88.19424881820525,53.61032024133071,4.476257092465057,6876.055237780073,2721992.328234437,395,1
39.909711431193,40.21944616661165,4.336812738754277,176.56018382285578,25018.330505482827,8,0
98.81674526579948,90.51219825507137,2.8747793637998296,26.031012510017764,363.52575227604245,2,1
86.56849493569186,78.19531488298969,3.224658602904934,12072.664742452394,4405311.45870813,455,1
21.502414877695458,20.612772579830363,4.407019195313101,238.60098374289063,39997.641152284545,15,0
11.258350875803899,25.993126239044663,2.238267321837132,172.61415106215094,7278.10471942017,7,0
32.32721949571535,49.54070709551838,3.517877563060401,438.6992806666057,43763.4207805688,9,0
1.6217613024962318,39.589892452170325,4.221051402314778,419.9297198855265,21898.497080679666,13,0
50.32837116562302,32.44335871241749,7.130275931652621,66.78740293361642,19404.184981659942,9,1
15.20161864117724,20.68811970822413,4.930547316083205,482.8951007743813,4328.705143147331,12,0
14.344331620425796,36.754157539979666,4.868312627471315,479.8281840136052,30861.382000999805,8,0
36.437744146596984,53.671312200902776,7.874678169223335,55.59777017293421,18950.5093007225,7,1
33.12025128578568,32.91969737776652,3.4404088798972756,420.70158136194357,23065.398351834992,10,0
26.371716950439005,19.060554586160563,3.8476477394942963,181.41885241444712,11213.17994149394,3,0
20.09108880761431,59.19251405227295,3.3860298512484923,271.81562559312226,24127.675999957784,17,0
32.44653464210401,29.09988937065484,2.409210319705295,25.30823630815931,37482.13352031069,3,0
16.952059430570067,49.219606285291235,4.1630004501285285,305.81283733283465,37158.48336322433,16,0
10.463108818117615,29.452903183598735,3.988517154073562,335.93325638874575,35110.125540343506,11,0
26.085450030952835,42.7811323865302,4.4244697464565075,98.57286653679135,37244.05848969021,7,0
6.9435483300250045,32.724293151697225,4.3771509654452165,127.28160755225885,8031.587752689245,17,0
93.1639157527786,88.28612307993706,2.8381717172825676,43.95877277853062,741.1043893087847,1,1
11.347412100375177,44.10876135798044,2.406754392668709,296.8942092977056,49356.25484853824,8,0
5.981829443182383,23.159998683206354,3.9426694639095614,361.40860507610995,1650.8872376154334,14,0
58.00803777814825,77.12520551274565,7.68712981290997,79.21794898132207,16815.69984083803,8,1
80.69866382639475,51.41839965169606,3.7675414774735025,10048.40173799594,1032992.7991131585,946,1
8.381761898291252,37.90603937851557,4.70398740447372,280.26037025453246,36196.32882313429,2,0
91.50377974620685,90.16492978072314,2.700622167707899,35.843162203085065,398.7994305749315,2,1
83.52185830437189,82.11371244871249,4.341712082516662,8223.809998958575,1199550.9009863085,166,1
95.12290038551926,78.40126953098982,3.138201240965608,5844.237180739979,1120237.1793488788,257,1
81.20546891360118,86.81990015030169,4.961603107186215,16887.311151193942,4682243.54595875,321,1
92.61050872662021,85.81885588383226,3.4687300363883358,48.79695067916281,318.3361935959306,4,1
1.8259096598043811,57.01061341679055,2.3708289400058433,251.28534814435952,33441.17362860661,16,0
36.07300573419922,32.99928599149,3.2810470084450096,313.4326784581741,21484.109330474635,6,0
37.518662050498484,42.334872912489246,7.898628072727209,13.52602315799445,5544.087589173839,3,1
35.431808799941024,35.45777885329717,7.888439939641181,10.151199645224283,12445.099860477518,2,1
95.69934991075101,89.23277081446524,2.3222544298544214,30.736908909154742,143.41694076218226,1,1
24.249708279471236,18.322776619757704,4.953071996353673,25.654071620988198,20918.73109143246,8,0
41.27952735529729,30.618336245753948,7.709074552706286,81.97975587920493,8358.29618795085,5,1
31.85971468223517,33.55267638746801,3.788819853694254,471.4877686800171,23729.436737195505,2,0
39.78912246628967,29.183558755836167,4.189557921356364,131.86131343681393,43954.133762328405,17,0
8.528143320936401,49.86444812957458,2.4919346885191476,470.9671874859108,31063.783872290707,17,0
7.106985559959562,52.85047196483355,3.561310956013593,242.23606086109388,15314.777258264614,15,0
22.283512614619504,45.611209423122034,2.504368392299727,410.7273450686801,15265.111492945493,11,0
9.983293662230093,57.14820501671055,3.866985660254413,160.31205704194625,42459.9675605703,11,0
94.83865726718612,76.55981600083503,4.119767109198619,6756.080021571141,2904226.295568105,719,1
95.35120676355254,62.135203235316084,4.46863382083087,5637.8934179714015,2459770.131975856,859,1
96.68601375019873,66.31135018442481,4.209871114071508,18043.53185600341,4340226.697178969,795,1
23.839941343470766,39.23339624491323,3.556954590492199,397.33196333263834,24117.040565416213,18,0
97.20951892234046,69.01821426216104,4.866298688033398,5938.919288429983,3772497.7682961603,844,1
95.12117182345878,67.44946705186743,4.945158803347169,15925.642163674449,4661354.738339974,966,1
23.94013774632899,39.076429659764514,3.6215139471499773,409.72469609973086,40654.82821454363,14,0
93.55786419156932,85.48448749435815,3.8651674108121545,11.977713447960847,414.5244863539154,2,1
23.9746239090385,32.41050116020709,4.343559829300709,226.836304729597,4279.810604273115,12,0
29.319626753707663,39.10167201236757,4.633907106410668,368.63905432464014,49264.43062868648,8,0
27.84292414858506,46.03289578846113,4.755378655227432,338.0717538580504,44060.43591985174,5,0
25.444679341989147,59.23660702162788,2.6526868304154627,133.5353145712449,21700.3061923951,12,0
33.66863205102571,13.6637518747472,2.2954000191774986,210.93838356783496,35558.930183042576,1,0
36.646369170195314,48.24189389451617,7.42973927505235,36.059358988883005,5399.383912900528,2,1
10.782565204926495,12.80484143817528,4.346856050261194,138.65716762252373,13505.355500597769,5,0
44.509966977937054,30.378278595944792,7.335843890495075,56.67018964709276,9303.94999671048,9,1
92.3000033091357,80.57803766137438,2.758108583508933,46.71826049449377,736.3040641937246,3,1
8.914820974599497,50.829837573665564,4.857918434095712,335.5943677811267,48308.01522674519,1,0
81.52287636410801,84.88122489866102,4.646134180245353,6006.761263092378,3798235.5912048426,569,1
27.986919146159703,44.54931537853862,3.989905683155551,448.70108919501536,20993.175221881433,12,0
35.26704770257168,40.39018826850216,3.8331268121015984,75.53185534477197,36756.14445548894,8,0
30.260447715558833,42.96868375709272,7.142102282784178,99.1135063586134,16899.777119066,3,1
34.17779182352289,32.67334126618479,2.1487576767614636,127.97270810018588,37715.52205788798,5,0
94.34208826196021,85.18381478119478,3.1396446323640173,45.84471579073089,990.5869325587554,4,1
29.10823774346458,46.41685290524996,2.03838322528556,126.65332105076212,47776.91009706573,15,0
26.409749820948868,50.59399566806009,2.945248110690857,438.977439773781,37463.07605485797,6,0
30.362520248985923,51.172858141858676,3.7876584398398165,466.5626978800091,34376.10813444694,14,0
20.665381242671778,56.048536240925934,2.340551367494084,466.8702396580839,6498.74323214178,12,0
31.870600727902357,39.30336816034457,4.268939544555678,441.5555566588076,44723.011618535806,3,0
24.250996192046117,15.661691199721641,4.0569013916616115,468.48860386696015,29707.7302133579,3,0
2.145464942963633,31.27230253190865,3.439447865034591,104.39668888781156,15698.93056423861,14,0
93.38409770747504,65.33278508237474,3.9585574591090062,14916.41845790766,3794039.5242883777,566,1
28.462460222330392,20.728686898308077,4.6146859487754615,64.21861104107703,47646.11270050834,19,0
98.71955123424597,95.65507332468529,2.63495662563168,1.485136662426434,670.7544274872553,3,1
35.91928768806251,48.30472446842278,3.9118755517278783,38.27550128882552,7955.4359520400485,12,0
55.998018356985654,33.66585429779924,7.693378855944189,25.684525666842585,13787.918291880933,8,1
39.383459099505544,20.348649197329955,4.56026783941118,196.2367513020974,23446.06012011723,10,0
15.015221980196923,16.559085874063786,3.031536091273973,273.81443242878476,8782.48969685574,16,0
21.28497762805786,55.75427421779582,4.3466721382541404,479.1416461322254,45324.68911350493,2,0
94.11845608422624,90.74718758206119,2.981188091135542,22.40476135545777,504.25896145421945,3,1
92.70740648031816,80.17194378036709,3.9141187467766843,42.55512327217817,348.3169573352708,2,1
68.09307365971468,59.37234852520977,7.582586060463518,41.1950649944151,17935.406677933577,6,1
21.5895248152512,31.239660783545865,4.80840430469428,154.0662404678865,1476.4718275371406,10,0
8.618805058635237,16.01236143967188,4.230505431589513,314.17466236644754,8019.590326888734,19,0
1.4631601647375314,29.8486749160837,2.0449393810305363,195.6361334931062,34320.455324224204,9,0
25.069416744197206,58.62031217862342,4.372126373455117,171.53269360517797,6370.485160938157,10,0
2.507381043701713,53.348623080225494,4.820618343255051,253.5675424082196,35132.54012760997,5,0
99.74096302704005,98.09121483987882,2.5535357269113104,17.06154542420918,355.20814339980257,3,1
38.350089682473325,16.695360786860604,3.1660876895294816,218.84781424815225,1201.867029483859,19,0
20.18283973094325,38.60216733729471,2.691555439843701,129.10718475070473,46915.38722416394,14,0
98.05638671428004,94.33475758222588,3.6846107448505347,23.8395693835062,305.2574832571229,3,1
21.441447889618388,15.72819167061635,3.656142669116334,237.17055654082918,13722.71958147887,7,0
29.111196350545747,12.87577162750719,3.895982507065423,361.52889845279617,49685.63486073585,7,0
93.33557750703808,96.64387118298043,2.26105055911315,31.745923553208943,395.0095686499455,2,1
89.98864169752937,88.82282948320767,4.892595480433823,7840.037199342656,3849025.9515886507,854,1
7.7585432780045815,37.81517879717923,2.250251068698358,323.5926687914247,20372.86659412098,5,0
28.01329111222694,53.04045543413654,4.974976168135692,38.72647732241702,3180.7940729306374,3,0
56.74346380327975,39.50876612657757,7.675495793641791,92.33564722989556,12225.68597005671,2,1
17.598697646011345,58.02817898602064,2.9025445300065407,169.8038253192692,34350.26149198061,13,0
26.04977251055081,17.94160164284733,4.101242048273536,127.08796411366662,28584.494930411383,19,0
33.31131677171647,26.049759227881516,2.708451230469487,32.301111110802,46680.792515995556,17,0
0.897000365194911,55.52242192902327,4.248090468174762,82.30746619091263,42348.57615711299,12,0
37.91371823543446,54.2405356992887,3.5760382914654802,116.51463502629275,11026.929388379556,1,0
39.86644612785786,49.234095893556926,2.9833642552506348,38.9044628621406,26836.60887436863,10,0
49.29152635222526,43.05880049379551,7.29969042624523,12.021600866581041,14390.699661675204,6,1
16.84107247026208,26.779146698513685,4.345292982517167,184.5265951044621,34128.00844761095,4,0
29.41108484808828,18.735932959644938,2.340711202210259,394.65307386896444,15199.65313787986,14,0
37.83429615930275,32.23542066640412,7.221215574284145,63.5090700135748,5943.709032157827,8,1
27.738631534453756,25.134102704913808,4.355147573436096,252.47025613490536,30628.48936309893,18,0
99.99251624401487,98.70436777332151,2.634919212608769,2.1316334077340793,751.5176550830083,2,1
12.81917771502426,56.24966599926452,3.5749148410119047,405.8192936185122,8693.9175606373,2,0
39.58973017672314,34.13676834994432,3.1894463248714486,85.13208346266062,32070.20664752011,12,0
39.75661155829681,54.0455915277822,4.669674583802596,310.40528615114243,22822.665978857473,8,0
20.327154097185982,15.710181706473033,3.6081124390353314,482.5213886674352,36190.26773076103,11,0
30.955673255498528,12.10738035753593,2.2400980576998144,213.0178378022668,11446.816323056633,17,0
3.8647749521631702,36.4934818342808,3.378871468238879,126.70911795505262,32400.48805780604,18,0
17.607333835059823,57.669470193921306,2.361702225610027,153.34266296788846,47103.823624952616,4,0
27.11871409732664,16.342287870213998,2.116393935352998,129.04717498311712,28250.98781127454,3,0
3.5207601452440818,14.726957187594877,3.3913760437062015,310.87165045581986,18981.782384863178,10,0
1.2454409799924537,40.93353493664763,2.0624360496482543,32.170996283388874,23253.8620609402,16,0
7.230841330187268,27.826134232669716,4.168857509115381,455.60440329897745,27507.199872812227,7,0
39.18340347018982,18.043586878233143,4.097871339542175,13.910962855117734,27777.838841658755,2,0
27.58707001237662,41.27401338622584,3.584235947862954,106.76304044774167,11201.869393745706,4,0
30.398827248303952,63.63235001691351,7.244170124972815,93.80861849387202,8721.935513653985,1,1
43.95750759836024,39.62599161070696,7.713045176198065,22.810062562672663,12083.488098217389,3,1
99.51627486608656,80.4662800305806,2.9254022351649045,25.759520977794008,244.11075058164667,2,1
68.40587010492112,76.93463642525452,7.8998601345784545,97.2549226143239,19437.63212234242,7,1
17.507080267932245,39.37977526557508,3.1489798050406677,303.2992802475902,17919.742923148362,17,0
80.18004583406106,89.53877453727995,3.637999970564917,14914.857765781686,3286813.021020307,609,1
5.854206796679011,31.256066935398433,4.624410511085336,27.28986062884046,47279.59168564684,10,0
29.66021612109149,20.487651511230062,4.6237079375392485,299.4852877757721,42072.92231909125,5,0
4.881971040747182,17.261220529669288,4.388317516850499,191.28702561222187,22249.06791214426,4,0
28.8305327135143,43.81829122918625,2.4068057811312484,230.04628130443737,43113.93048624246,14,0
26.939613831300655,40.568703606019966,2.67742399399162,123.98505251188192,17445.98212316837,3,0
91.88323444081612,84.81060862398118,2.3086765286753583,2.308196544390989,453.8709662576256,1,1
34.17271605041165,53.94735811013965,4.8093580435748,262.09856904640793,13781.172480534024,3,0
12.38067592757127,30.31107657712758,4.8221946313001345,360.0910385731049,23315.750569132477,10,0
10.502168848824894,22.522205775911733,2.9946776934729873,129.81892457748225,13575.403760186715,14,0
36.22580349740606,45.102700332355525,4.456262521387071,240.14399324899406,16808.78065374313,6,0
29.205552529881423,17.053049324419764,4.254566636201403,490.55849444758496,19576.681278408647,8,0
4.287637559496891,48.76975631314867,3.198256137310004,318.66565406810923,16869.63320012072,9,0
39.74342515875281,40.46741341017264,4.921523206259377,42.44928864084538,3142.551901378871,16,0
94.72304193733234,81.63148359416249,2.8312299632171944,3.259803428547836,926.0505607042284,4,1
94.46804654686287,59.48837036865187,3.221444157372967,17229.76456945924,2323306.3881703345,186,1
38.72737592773595,42.075752603064,2.4402308609525516,265.55300271044155,5678.990997668544,13,0
16.693964047027123,15.760648930015588,3.0514978049880406,227.52162958273217,21965.671654659393,3,0
31.0583357965097,34.46581724975711,2.1609263177637663,163.26229350339017,20675.302300579195,6,0
17.832284641764474,31.091015309889077,3.3032997190067173,12.459951220084102,18323.356399003576,12,0
31.936504598801157,28.258760198449686,4.279578180526581,479.35533765352005,30549.13916842452,1,0
3.7659206718439853,10.865787840155674,2.172497841160567,97.9479927455143,32905.596035611,11,0
0.10995612637732854,43.06555755853549,3.057622581223775,236.1575817367209,9752.145301017745,9,0
91.86360825970948,58.1319309476698,4.289350355169915,8143.279048212063,4946532.641446955,974,1
40.1469157408782,73.41434207389007,7.034298854562072,13.89607223629481,16509.454311331938,8,1
5.554219337392805,51.77265117477219,2.6448528376435667,18.249775366288837,33371.805656801866,17,0
27.908262300781562,36.31495384354563,3.599122762374507,166.6512987813355,44366.01665918451,2,0
97.22963852430813,51.12499544830894,3.909899701890107,12105.833065788604,1988425.1096472493,196,1
39.034614033561965,57.44534664076044,2.108842923539499,427.8358456670911,35058.53178549456,11,0
82.18422614212629,68.89876264430436,3.504508461919409,9120.161471646203,1384179.331883896,663,1
39.463453129819804,47.36516368630572,4.771096785522773,290.0235763601011,43482.12654232556,1,0
7.401324159536262,37.90383227032267,2.1243996119316524,51.95994800090622,22300.31235235215,15,0
39.95754668101147,37.856154806143394,3.8180120414099963,244.87236240346644,8250.876484106459,13,0
16.562370457094936,58.28233381177981,3.1277215626586106,119.54561422937184,12202.267199748525,1,0
28.588039673614908,22.3545704415774,2.823469638298729,11.66050661612182,37674.47640224391,11,0
7.345172680438963,47.07490596483885,2.0358913722758194,377.92275834031034,47281.48445434169,18,0
32.79545624809222,15.29198129073498,3.251187990249733,453.4960947294567,22525.08324357027,15,0
27.090754696048343,10.633919775806751,3.7109699255427984,341.0414568899066,27400.332297558696,11,0
33.30442570972935,73.81175168250832,7.495921638335783,59.92307152501598,19643.016916271772,8,1
91.80865057946895,51.22224622295169,3.4682853217625844,8839.453051328914,4184092.3563114926,893,1
27.674051297123988,54.548376079716995,2.578921739029773,66.19327605869591,47251.352368112166,4,0
90.90201222314592,94.68426162249581,3.1067968949435993,6.920822467838933,159.6917404384225,1,1
9.728263297374289,34.90729481744892,2.717262417349038,294.39215685775537,38726.87161899999,4,0
94.12971122562095,98.00691979545407,2.228432919948904,31.707488150185924,151.20704007375141,1,1
98.61370938492371,90.3947213359871,2.447120166385016,21.071448353861914,528.5225465509917,1,1
8.456091422168956,10.243480466443508,2.8178790599435173,413.29714416542436,45051.15529188801,10,0
80.8696210132696,74.36178647333446,4.817595733171961,8174.785435104888,1796676.8307208247,243,1
6.434653726371007,22.138884180152985,2.7863316058276135,126.38947295591655,36078.1974482385,14,0
1.2108053238625915,17.09466048259742,3.562269674283745,217.14823593326227,24057.269882410274,13,0
0.5016485894317846,11.388774203776633,3.7651053736910844,202.11621610183954,25229.857779086713,9,0
91.85409024927822,99.53598285340271,3.6303190522082955,8.931514453614747,43.4006670993794,4,1
13.24602849325752,58.032484087209745,3.5596734487614756,90.64484516324207,29816.946967421354,13,0
43.4754836378595,47.47462477586549,7.666751081268519,40.00334099811508,11913.537025388954,2,1
93.14530274183791,80.94922312603853,3.1741576012937864,12.09516411590958,197.03277852399725,1,1
2.873661819048001,30.692240507202825,3.255929558903504,364.42571600925504,5690.092367722833,4,0
4.7260917784927425,52.120884750487726,2.1037236523584695,206.52066294893547,28528.612387033703,9,0
37.3822003870395,13.387007265961467,2.0743387830777738,496.40431509275214,18125.03068707888,6,0
42.478287078954246,71.52072439885973,7.02183322196549,84.81121829118285,13819.779661043409,7,1
18.95726142487267,23.753426041003237,3.7584534132713694,12.969447923130367,10488.7369010577,16,0
27.91719494836507,22.912160780342276,3.091859575700023,394.248473266531,47572.091877121544,12,0
25.070859420708306,19.504043350216925,4.998285755897628,137.1582961360676,34211.299853012104,10,0
14.558826559286015,36.772489541326465,3.7193800707631173,412.2052048867316,48776.40076805494,13,0
33.06893663022095,77.80152887522476,7.274207679828759,83.4350526656664,13061.740580585585,1,1
93.15508208860442,90.19398033152434,2.286217986107787,41.92653738359068,114.80039274836906,1,1
19.098923200750427,15.963230177031441,4.259155730979409,93.09907225029015,18310.44928046996,9,0
21.546838564599796,25.169813730324087,2.0960648430270186,247.77098387292673,47493.425229003486,5,0
16.35071091924134,37.339250332881335,2.8886759609823347,255.3200422097666,33530.31174485772,3,0
16.79764032266839,36.19177118821417,4.257551549819866,445.6333365724287,25320.388188157976,1,0
92.97265796979144,63.45970052490334,4.109710467578655,8939.397382364978,4650540.437957602,492,1
59.95845468752475,40.69719578611302,7.249514576876878,79.82834081790983,19662.64011806128,6,1
24.38119505549166,58.71232904360222,2.956151018220783,290.29177216691465,15384.057679156185,6,0
80.64057568813865,68.27234761520396,3.2536264796298933,10412.772717817857,4296363.7320836205,480,1
26.54865008659131,42.957335061659045,4.177982114252699,196.50140728621875,10451.50420926749,2,0
12.985951710808742,54.34766306324634,2.5035935062586887,330.6179232217785,28911.18937162335,1,0
36.525597878898054,56.40300275352933,4.85505830143666,493.631448438107,46572.531045958014,3,0
89.24907195661228,87.17323680678807,4.45110704924553,8531.692954287379,1399228.0355755417,225,1
19.51015941591274,44.28244951227384,3.836688000318885,109.9260399258716,10003.930183042978,5,0
32.65186722908253,10.024886292234594,2.6933799810760943,340.20474348427746,18301.028345638493,15,0
92.19193159168572,92.31056159258304,3.1183760045417404,49.42390488699158,252.3386727910537,2,1
10.655954017711284,19.66928571098546,2.8503341674956486,162.83255674114955,10572.223176597547,14,0
3.512238915074044,26.96997434853585,3.7500912986813466,288.70660287301325,20877.71697026211,14,0
32.77905035536942,15.920597848521197,2.3927739452802905,432.77401311328947,28423.757135613283,11,0
14.324925800791375,24.251123243569552,4.30694901371168,493.49397982352554,19677.89769226648,13,0
20.58127758051576,24.811753837228267,4.624034711367628,384.2409521929794,27443.990762804002,19,0
20.86810822588889,38.23218177701162,2.5926338616775855,46.998066578830745,4737.227720981216,13,0
61.21236215481564,56.92648565816033,7.402717635431135,22.892432296813013,7609.21902062951,7,1
26.18621619377679,32.97309491044483,2.45920056817753,405.8203070050652,22202.846058078587,4,0
25.65599780983408,11.893668135837023,4.471191468506131,239.9623540933651,48069.55171975753,9,0
26.011161092837085,50.077652159719676,4.43682039076379,16.15091527619365,6405.518338543963,14,0
36.86263090554856,41.141788656869565,2.1173463943483304,111.63312078016426,19860.394939525348,10,0
13.71660718724188,53.885996902919,4.936913813333923,80.07629973163381,34418.3190331465,2,0
91.12668351920887,57.32215102627163,3.6059005892337233,6776.457284848195,4225146.2854732135,686,1
5.1519888893006005,13.381064735720347,3.013557119211153,54.24947633071799,8562.462363485172,5,0
13.19045683339703,14.86724689921843,4.977737411928534,376.53215786858664,41837.79122144742,9,0
12.456821451745398,33.058342916871275,4.804584788244455,419.5512032975362,24919.41151242882,9,0
12.771796083133978,13.588144560731177,2.842485845562169,130.97495220626817,17119.361318201998,9,0
5.166743185081284,46.98919270873597,2.6758975154967533,169.85268896295517,16406.091426157807,12,0
41.308746415563284,75.2286397879281,7.720549543670388,20.47214216239731,10771.54648025538,7,1
36.28250711264006,49.70116604672022,2.8853518402557943,199.15293740641098,31395.75184597802,17,0
81.32061352331506,75.21103168865022,4.1100899051997475,16874.636207123403,3262865.097414367,851,1
95.80612227107325,61.14815418662042,4.927210364415727,7886.1396387079885,2820668.779998264,348,1
36.93591149371191,60.64208948428497,7.838477593212791,31.07417397639975,7290.148916975359,9,1
12.624021530012461,44.851091278675604,3.2988226084056165,455.66567422606033,24184.928119163313,16,0
25.48352083159856,33.411555733697625,4.701140737397042,390.031946499444,31573.79161256796,6,0
19.616050226966372,40.62219406801076,2.842512252881659,408.91255971807004,47625.36601515508,11,0
56.006985145554594,51.092087357086875,7.971655273012198,58.18600619594924,16904.731617474194,8,1
11.392417942912623,22.08864677882903,4.710926892245152,207.53555163636258,41257.242057516654,6,0
14.655779207058227,14.581859836677538,4.7348486733176225,246.6534185353869,42087.407106424784,16,0
0.16717861772197473,20.28076807052576,3.9687091764954197,30.15859057188576,25917.358451257005,10,0
4.134217554235113,25.461384360197506,2.0450345073911085,69.44894128830089,13409.765702451885,2,0
83.1977710095652,87.0211918847568,3.879297913752044,5377.826594386632,1046643.9828761236,939,1
27.815158165955257,48.43356364837028,3.6554415979160417,325.8022571441381,10923.27818092967,8,0
9.06635854559978,10.818600204875402,3.380460981895217,403.99600407091714,23027.783019121955,6,0
43.35149657549736,55.77784101629192,7.774692436598609,22.348845234281903,12685.352383779908,9,1
91.31397534882203,99.47375101334444,2.00366443293103,22.311715804231742,577.3662565312096,2,1
2.3636135715829676,10.78110380925192,2.0551437760387765,282.28852474436735,18589.19052374161,14,0
22.47879354729954,48.652033887364674,2.1481137157555343,332.2593758203512,45314.120794922936,19,0
87.66290070209168,61.394029806892,3.2371414822273836,10495.881749867664,4985582.275470824,934,1
18.98538490501446,24.475272694331743,4.521566274507944,119.11748040180866,26513.440448794845,3,0
27.431157010723446,44.92508297342914,4.487658071651404,306.6988310654903,49617.42385641095,13,0
5.074404690106524,16.73755817309369,3.6574692064484475,86.34851213519903,2445.645149815877,16,0
36.86550641711068,52.40206131655379,4.1540296140956015,213.88043018715703,39648.88595745312,1,0
47.031665152797316,32.98773614255452,7.527640818922986,83.44478338893114,16239.681140536806,7,1
10.890014816611995,36.94941254712967,4.323798109647834,223.97531309290696,38905.33301565081,7,0
12.145915809102558,18.14895294804151,2.4747012381453484,329.5259256666935,30677.279507306503,16,0
7.727609970835192,54.86858860588461,4.943313035510446,451.5507217075817,45505.891194156175,11,0
29.728196290998568,59.95190599545158,2.352019850194176,201.28889116012434,48908.407301536776,12,0
22.882049036196467,30.67204801254866,4.822505382209357,219.32287738364695,27336.9621597444,8,0
67.33006906646311,38.484514717377536,7.617249148532367,58.15436851914727,17720.73897552668,6,1
22.051785673342273,12.339247221101125,3.7150770449486505,475.2260835675449,30570.41047786555,1,0
50.87238595276209,66.23068041719509,7.721188529003419,31.39629037170669,10820.253138239195,2,1
5.469109538583932,31.31507103770144,4.284096200134505,225.83862743466247,17014.590029577408,2,0
4.031086916121831,43.873796386071305,3.074514271867934,150.9535969288457,10085.72249444923,3,0
9.96267528662328,47.80576251211123,2.052913912546493,291.82567435766776,1864.4253858146353,4,0
13.457236015170784,53.128126461494595,3.8740986116441096,58.02787892924525,15051.651745595947,14,0
49.07115556463876,78.8689768928651,7.755128943092319,13.496193492350953,9897.87260214355,2,1
39.86153920094481,17.477464312179748,3.8403995940995257,361.6322429257517,6758.025178325311,10,0
20.367264109865772,51.91876328057266,3.803534062638695,77.27695007191708,16730.623891794974,18,0
35.55710521287191,34.29538910406632,4.504315927281549,319.27162377156515,19603.03290071137,14,0
82.7440102014632,73.53248633173145,4.381481149405424,12806.190314311798,1458813.2771028609,515,1
12.65134570203462,50.088258088865985,3.6550922474327994,308.21607916026124,7417.665846681568,3,0
3.0727524312203602,48.80562411132792,4.728790501513584,339.3591789425445,1871.0843879094791,1,0
11.442844534864651,33.7830454657518,3.7355639718207105,267.5990248700844,32528.742891517653,5,0
61.07691551736298,60.03641627380627,7.063350293388106,16.246863517915884,12080.717807967045,3,1
15.484622558927295,13.551612674717823,2.56353663895694,62.804403231278314,49615.75772301445,16,0
25.13665211462459,48.42249023733323,4.191844333158947,366.9201116343736,17453.14925731791,19,0
15.068573438060895,36.513987183219086,4.366366758629386,210.4848656944379,7194.241613665102,9,0
1.6024821545677703,14.092170809770955,3.762381316364171,228.926066518584,5471.053354791171,2,0
81.89715656285851,75.30210458869698,4.619658285970358,5605.671081916751,2664360.4565642485,715,1
18.591983107818915,33.79208796910859,4.0115773555126255,233.72328416292046,13511.217891290255,15,0
97.20478740783258,61.76029617079573,3.587081458741534,18181.25426822511,2152661.409188522,679,1
10.575900282554137,59.77224472011419,2.026068556391725,325.56941538727654,17973.797834025492,19,0
39.55501973803026,36.4680590230928,4.88088060195488,96.14725599413607,43813.94773472094,9,0
37.53471353333775,35.67902744904935,3.7475156416419733,357.2748196155802,17095.16914077395,12,0
95.00232513577562,67.49313777020667,4.119517752258952,18040.763289543305,2423926.7429916533,768,1
49.93755226826241,53.81696773966823,7.127537921418052,60.86056200266223,7332.158734630676,1,1
93.38748460901967,66.05819056879655,4.017342746774936,17384.927888385562,2550535.78544073,207,1
27.28584068768411,25.341547567257216,2.6642606301648795,152.1045485248712,29512.60403560755,3,0
14.035468840621416,42.5908960178206,3.7621466770209957,20.800357155382756,48000.63214587813,10,0
16.018642693069694,20.65327478865231,2.034050101000009,428.0101849860892,22051.74948168098,17,0
41.08822557570331,55.07999338397339,7.048723063350283,71.60298406052951,9510.040496605423,8,1
34.50490530613959,21.93248589354442,4.899815497699066,257.3120000908383,28600.851686391863,6,0
97.11322086991814,62.60786719002147,3.473160702103641,17771.73142806506,1477197.0658686743,251,1
8.801856149954883,18.18718549100722,2.3457803207890677,246.01505350972405,39006.49296979363,13,0
61.85586481372382,32.22919131239839,7.254614583458845,64.04281527529291,7017.989718113402,4,1
91.34335676878256,87.736923277723,3.8308768983600086,7.564067385533963,408.22022893735453,3,1
49.682969373163516,50.823745901504665,7.490298168144105,51.19826494829421,10393.999656529119,4,1
83.76934148392834,80.56802139415791,4.663981951736394,12096.28054543267,2953544.354084459,508,1
3.785212843348682,47.64368916028441,3.3676244336476167,408.31296806669417,36305.10173662359,16,0
17.330927150585005,14.958821392883689,2.760514465303533,470.01440703248727,12645.524527329067,4,0
31.05800414925852,46.86722308280317,2.2954416043079573,244.30809154557863,12064.624441932068,5,0
5.023149354215466,45.4470691858387,3.1193751055940084,432.53761032180506,21228.645850709112,7,0
92.24851007371193,82.47418046605812,2.212106085455358,11.385142758849032,753.7142751396516,1,1
13.890126017911534,41.86153636780746,2.6906834767758534,245.38430943934662,33104.610091996045,17,0
1.2499976383304467,29.740074854161737,3.848397467375757,157.71291459636527,34200.13832819518,14,0
96.87026204491097,91.73298161736187,2.336606046972057,46.42430109386616,39.85135688942132,4,1
17.889667076711003,22.97838446756172,3.936092371010763,262.68073777565604,6757.407920948097,4,0
26.36642626424427,16.852454736530724,3.4279574135956787,262.820054517588,22107.074727783034,13,0
93.39805345226515,84.2472674280908,4.800748172239491,10299.983584359521,2976609.1123610847,407,1
37.747961282602716,11.5253093780704,3.9424223639333467,484.1866048529813,16379.039784550801,9,0
94.39751687195087,75.651135312007,4.228801940395469,5914.224851323633,2305026.9116962855,547,1
29.819762503310635,36.151256812433886,2.5072283819959145,262.69849306851063,23012.911440007327,10,0
61.20917950351583,30.34326719320691,7.244462157681365,19.794163172323145,18339.07030949615,7,1
45.904196625915645,39.081840299924885,7.1783393784953855,18.544241828894837,16044.832305210084,8,1
19.22070211108207,10.527545572473631,3.1306565060304665,83.68792164433141,24207.855684511975,13,0
13.307053425728345,24.93940257461402,4.0828169908052985,302.30506049036404,24764.99222999108,19,0
51.3290681836188,50.0685262527346,7.907430766056817,11.029008690738666,10093.758889914217,4,1
86.9121394213263,58.54944909251715,3.0653842034700416,8782.902508803334,2411249.233301026,236,1
63.99225357557684,58.31562633427565,7.579932428901113,55.320756954257206,12073.5127734171,6,1
16.363912385249435,52.55968566069266,2.012667615657575,351.9446823441389,41661.773839408226,6,0
9.116378390660973,14.437436994236265,4.317641794366999,362.61522910790615,2065.7177219190744,11,0
89.16480836180394,79.48957511577255,4.346310118442605,11889.912833905262,3093248.6742671365,950,1
8.018694849512027,50.66687191019072,2.8090186326872058,79.88350641214342,19802.78842145617,12,0
98.98778567795839,92.80383410558674,2.211208728980699,39.371020193703835,394.9354175967236,3,1
95.14854610355765,81.84198150627316,3.758713076824611,3.2129323736411806,181.56662119245493,2,1
15.96271393020956,21.16718198427149,4.478736422719847,399.5412204894659,12746.371569317347,8,0
84.148101162938,78.15922150789181,3.0892402772642225,12543.293803501863,3627521.300555998,698,1
91.38823419737898,85.10204244608201,2.438566121681744,26.663529061498558,681.481179492049,1,1
5.1419387004868655,38.55390089152751,2.3418906295599253,280.09124617033626,8495.020062277763,15,0
19.620651697882984,55.702864230083094,2.344632215522653,475.84180227632635,44035.577485499416,19,0
15.16071883905715,36.608355400566694,2.20026887745181,431.4132663525395,46013.68088568565,10,0
35.43113889184904,44.51321166150571,3.6452204781767086,224.38354571403983,5849.995647584457,5,0
8.603145533436258,27.828829555275767,2.2308833453308448,328.6497078485961,22267.938908697142,12,0
1.062215060701357,51.70381139400899,2.1235796801480182,237.77518270031334,42425.64723675422,7,0
3.6036679345608658,30.25690132368848,3.441498643141802,39.073147174802614,43259.14686422622,19,0
94.58499651963048,95.89534008901322,3.8528578663448383,24.89562662931504,950.5089135188662,3,1
39.60586777671038,28.97152743264721,2.288411802124557,108.12850923935486,41935.33201320538,7,0
1.1266751866016511,28.929879727025828,2.928023973537055,230.43363536884166,33728.87907089063,17,0
32.38073984336606,51.75724461468363,2.9044261945370655,277.374674546198,29327.751085799468,11,0
39.44793842294458,35.22350425523858,3.9070361348457556,260.10979498122526,23759.26369733969,13,0
3.1029249554071514,16.647481886048737,2.352475728306409,348.880717285039,43290.12830349854,4,0
85.20812961387794,79.5592805332179,3.772457434281397,14763.075950561293,2660194.294221299,303,1
30.20978514936933,38.49725517833588,2.8588604599528877,365.97797252002334,17033.941200227906,13,0
5.171764551820974,39.262043578581675,2.09462161152355,97.90800305836106,36466.787193645905,6,0
15.217476367750585,56.309744817944406,3.8000675257234287,191.48728556937454,42109.914408592675,18,0
13.704386575373682,45.73404660000295,3.8722978468015965,311.63434888446596,48034.726576610126,2,0
97.70338734405016,88.05237376880456,2.9530508848446413,3.732256855933691,929.0950219957803,4,1
27.043648909831024,48.079965322483936,3.17529976614064,468.23600342482405,44278.832707304704,11,0
32.75517108410106,43.590665466764264,3.4695324652135358,456.8559164514209,22844.454535533936,7,0
23.319218421176984,23.545527945704777,2.892000086860964,344.7418876186558,16871.282146806836,16,0
93.97231703105004,73.63074294039114,3.7043302407459233,7984.207983598964,4088843.861129257,727,1
38.55489655841141,47.049142646672905,3.0920054525788783,39.81189189361544,12349.114703806128,5,0
17.084124033900466,40.53942718547627,2.5401508911683797,331.98602466581644,42676.034941218,12,0
23.684178461462324,31.85403225124784,4.719082949484086,220.29723368544575,2269.9436966667417,6,0
26.454212377162666,23.045430829061445,3.594627480666393,145.84686390880108,21704.93885798698,14,0
0.959335219351547,17.99406337414087,3.526016381036028,228.47916235955373,28168.835812465008,11,0
23.08649864376417,19.974552368511972,4.204849581105198,121.2834016701982,3855.2808942812712,1,0
34.91652591751537,43.094568759254194,4.218767548089143,20.328294626764603,36992.76807041359,19,0
90.12419767478158,50.47772045218919,4.549918992335286,6336.521678780957,4624800.404247301,251,1
27.76444712584386,25.144887644467943,3.093289375633158,304.60704414828115,11675.592013333882,16,0
38.2303180631262,59.923699087568046,4.382796653070367,203.23024719095372,24857.889487660883,10,0
2.1102881761010783,35.88696421272401,3.767652517754298,473.40355919078576,13090.894985643861,15,0
4.600210318284148,18.812783001220588,3.2550241812555214,383.03519927438066,49536.681310863685,1,0
96.1442257079259,51.49770383117439,3.8388240121670205,15522.056187870072,4704785.626878755,216,1
13.74399638887426,10.190696403131806,4.771421604074638,328.34357812520875,23302.104337440636,10,0
30.295803810614885,36.168552711776556,7.859280874676905,90.39816473916196,6561.053733104331,4,1
28.57922711301969,18.756549603783,4.071616140754325,185.57069901700424,36869.42031518594,1,0
27.72244487327059,46.95410777888388,4.769931990535099,265.209520394734,27651.42251588975,17,0
28.25616601754557,20.95255846441442,3.3008993717221893,370.88882110347845,20385.730964447284,12,0
6.407620723087417,15.259529979222599,4.534012535378438,236.38686916889517,26039.78818458926,7,0
36.36574912807233,24.976304835464187,2.8512661977164164,299.89571157075164,37734.70118486632,9,0
37.79976467039673,45.83811845007413,3.936226099023158,366.05695770583196,18175.979503826264,19,0
52.606298559826975,54.81129247765179,7.879315055750341,87.14679672277286,8385.920795308371,8,1
9.021514339418397,47.79906121532912,4.548828994916798,309.57332320468055,41036.83961201706,1,0
31.406500884009574,26.82584127235064,2.194776614226944,43.74655398510137,26424.104508015807,17,0
60.29450112719686,40.91245868616519,7.704639923497792,62.93040393267655,10755.167923925059,5,1
2.507712633058725,26.883432425095457,4.680370930772899,476.27037153213405,6205.18181012379,3,0
28.883857936330642,50.648485781019005,4.352936147633491,488.59381275308226,2834.5215605217454,4,0
20.499534754769645,56.86185041032485,2.8243950059757252,388.91960579670575,31578.129240505747,3,0
93.53290486854027,90.24097615570098,2.842880813624032,2.331110420968463,10.687096901232263,4,1
88.29309565809514,50.82890731454431,3.777389217223228,7112.819557753983,1451965.7367235306,877,1
11.993360328509688,40.16785777960901,3.468849857740552,308.9238341133638,19171.300416335987,6,0
28.25821158095074,42.30458528292731,3.9865356121320454,285.2780643321246,48461.299033830466,15,0
97.7969134249367,93.41399715790861,2.6639933212061875,18.099558739826488,198.99456265858774,4,1
25.920754466727082,30.373636571214742,2.9178761590647375,425.9533437708791,27679.50116613608,9,0
30.092420059406027,56.70830654292644,4.535176339103053,436.95020610215335,6260.70919937256,8,0
1.1246690647112167,27.03143706035184,3.176933798342879,193.72501207467596,39931.80117615574,18,0
16.234440476103632,54.44270679017128,2.9442387809171295,188.37837919076244,41341.053720922064,15,0
14.222756137286208,11.722535389238827,2.9326173599474,433.9044851172409,31437.618755995,17,0
51.263298343426754,59.721524510723285,7.3314177569524395,48.33592968719333,15108.598601868376,4,1
13.621698252990683,58.7650846171815,4.067001424383365,332.0422197663005,15707.940607296816,10,0
20.114401249877364,37.422036907785554,3.204895994387361,497.9239714589776,15955.448257635322,3,0
51.12869420906654,74.46983540148526,7.689955988367,55.03397651166413,12883.823331127827,6,1
96.22122646538361,88.71281797675171,3.295477183834204,46.56855046586171,272.0052290833731,3,1
57.5131792697708,78.44113573805586,7.991954465349249,28.139727692089963,11205.349934619273,6,1
26.830045028233215,18.269504429457207,3.104773712881376,435.3760089153978,26615.93165267686,10,0
5.66044109186338,23.346095950635384,3.416145999382117,127.30271929194197,6460.512355095224,5,0
37.76371001251312,56.149922855975404,7.94236268681226,70.0959487393212,12894.972522436983,3,1
91.32162226004327,91.38315274899409,3.5401095719283258,3.1157618470138537,407.1132273917319,1,1
30.6528035307702,56.45673494317501,4.256434193393848,264.37817010222795,20134.84938998061,14,0
93.45595362179441,65.32646776731221,3.016134954104704,13816.452752886622,1356212.8641767188,660,1
3.112323236618839,38.89108207768922,4.83396719877548,60.72894460281323,4001.0787316225155,19,0
36.12446120019327,12.66212515844665,4.375987323732579,47.99446619316165,39853.99442487689,13,0
16.093482110471072,32.20444537135067,3.625219841026491,284.4886310510603,20352.23596859542,17,0
93.89988097708553,66.33461794900342,3.202432102014959,10942.225698074493,2914707.3642073255,420,1
12.624032798772351,52.12713321291644,4.8787626978899095,494.32389911810463,1010.1721721239164,3,0
30.705366603542327,57.81296627894931,4.3751924588356275,301.6372094174278,28767.02905905371,10,0
47.8239596576295,58.29674801691455,7.348271251324123,86.9915627565963,5364.010534507296,6,1
36.88546911840166,67.86046051087138,7.647655384307449,47.96789780200623,8700.03702972291,1,1
31.51911596722289,22.17984278635561,3.725916972186548,417.4377284086172,12047.029540170075,15,0
37.42453680241386,35.409544264418074,7.495415810515307,79.66131256282908,14420.496298134309,9,1
31.001918372954314,18.400792153306853,2.633746478974657,397.33605141964097,11480.205591811298,2,0
4.800539943258095,43.01491719271462,3.903406994681103,206.78442722355024,2805.886110299173,12,0
58.670418245998505,44.8595258389618,7.076051326948915,60.53221112673236,19940.00499038136,3,1
30.273688062741357,22.93596449516329,2.57522244277098,104.93941169317517,12295.70133743009,13,0
7.860309466185793,20.555523658393884,4.816845646995408,435.46219714396,49590.76288585493,1,0
8.849683606129943,20.368107863594638,3.1544845046505907,19.746450336426996,36856.55757443179,4,0
49.38486943663042,56.73939943459874,7.681998096066799,39.45519250606243,19621.694520061414,8,1
19.871997236745933,51.25625870737456,4.060802510323416,83.08949209500464,6189.607947442112,9,0
51.07177416028759,63.3763854381225,7.739481223159358,86.35730422662905,8835.215619449864,5,1
34.81939837131149,40.848147588949956,3.2237600783323046,446.5247511460911,18070.40312482294,16,0
1.406732722179198,48.50618693951479,3.933907762737259,479.8031920955502,44077.39589271692,1,0
6.885662439200821,37.40479512248068,3.675603039782956,379.0090912312362,10402.44849773486,16,0
95.52552111676451,71.10508814003674,3.8446668992302087,8493.709410730266,2947604.635281431,573,1
21.330337740652322,43.02933539924704,3.726166066186733,389.42361435519734,36103.34648723935,14,0
64.28437459491374,46.16799423441392,7.5032459214647576,70.42603080823085,12602.953618720905,5,1
23.278652094786935,28.775492651250193,4.643016431616087,157.78874489280793,16834.73209150263,15,0
25.01072405978499,52.846180947855906,3.2287094527036437,494.44449234841005,17524.630640669056,19,0
14.186660729270084,55.72993178297245,4.215938942897298,437.88381688686724,39152.662177500424,5,0
10.370307484883305,44.579775666402945,4.972590363102402,389.6623455204879,48473.15841556699,11,0
17.671181533081793,46.16118554911286,2.0014164888020627,123.11923872320345,7019.266676402207,9,0
43.74327866798714,64.71817197658436,7.601385362568328,34.27986813667898,17183.963290458818,6,1
58.872733527542366,43.041067354451,7.00390809206408,16.366642307598717,17150.53780339186,7,1
2.965673269546265,59.82087185895509,3.0745991109388724,74.8337515001744,41776.72537529363,14,0
29.704066349378255,16.49659822671172,2.4655560949935267,443.16327119237684,29399.587063312974,15,0
17.885675483474493,18.269239063067516,2.243363541140716,91.10048910727751,38420.0544707509,13,0
40.01716825264633,49.140128570045796,7.366841253298737,91.40964841478828,17162.050474830765,7,1
24.287125357553624,26.216075279419094,4.866111255016348,162.64408383561576,32476.17220118659,11,0
18.668680691086116,36.697629416320154,3.8298097949095338,481.94575025859916,35021.99102489407,7,0
2.4873381682737428,20.408800834657924,2.3656861645956777,446.09266855563385,42201.4898372449,9,0
21.69080234218213,43.46836510949633,2.04259439409642,198.42726779472048,24329.672126334623,16,0
98.98142510449794,93.75374962622776,3.89439795150897,46.86311736830901,663.4925502774653,2,1
17.47217525953546,11.246873036301576,2.356778625630348,223.63503038054242,23897.382984432727,1,0
20.913159112608852,14.810962102275557,2.1022805602112937,464.1606648836942,21817.287365330707,11,0
26.85390499669408,21.278252189532456,4.06317524982716,380.12063092865213,48456.476896781016,19,0
87.11935597057801,55.000474623360184,3.5725647937936325,5377.535225020777,1883110.0670623318,242,1
92.55379520579297,81.2193772660593,2.0712868636857147,28.22756448559458,251.64319576545702,3,1
0.30712609612130404,10.326535031524605,3.6470951492665007,205.83341662247568,6349.129818861946,19,0
35.03717656009585,47.840713517116676,3.879025441834572,215.16786062845122,23543.912604574103,1,0
83.88250341119783,53.521073598758335,4.671316401031715,16931.085963456215,1727861.1719360559,232,1
15.388997076889158,24.87305341038708,4.424660119336766,337.61318172459124,4309.413150168535,5,0
39.59950194363336,16.516676458186588,3.786073409177148,16.943948748415913,22537.46544887811,14,0
30.697891213789063,21.292741261783195,2.9405916923666253,46.68084853936444,44440.08798487372,13,0
36.85404652001293,27.354267436934624,4.417985341201939,308.2957532345397,46510.89066248302,18,0
27.73219123145628,36.99621155557598,4.673763961581123,67.51134138820109,31441.978083444545,1,0
14.128979298383735,31.73284402501592,2.703720617536383,10.121387528861426,19541.372944737286,9,0
24.249845066361644,35.871838567568474,4.646612457448074,213.48453417027895,2730.9376399041157,13,0
86.78928166471877,52.482856458729685,4.669793446143492,16889.6881187139,4980093.209672127,571,1
23.899742920219612,24.27272578062785,3.4742833511957647,270.8293885216307,41310.17616615319,10,0
33.10170595431429,41.29844437848219,4.394504005789109,113.27749033950782,29791.536070096518,11,0
35.90321987413621,35.67972158034645,4.50940791540415,315.1554774250315,49828.048419829385,8,0
85.4792364019998,67.2647250208321,4.778023993523282,17903.778275320677,3728561.443722625,455,1
9.876247289790431,59.954916748064235,4.033028639285574,116.38592629157694,14093.520151457738,17,0
31.805500767161785,59.510581851562414,3.2184467234931144,67.60224889699958,23185.657393789195,17,0
3.701266963432661,38.526903734796,4.309133814870078,96.08930797606105,41054.01982911296,3,0
38.98255237782328,30.768758350007175,4.254465828490085,86.25156593031767,43616.841402964434,9,0
34.33552367245704,53.527662904443325,2.5081641483452706,162.0964934426956,44698.62015159581,5,0
32.674389438700516,36.22555097146729,3.409921588200545,312.19536640294723,21862.940730833463,8,0
38.71364750393955,51.635208397162934,3.3326015520429,464.94827843706,28850.251534318846,6,0
2.4136230916801527,28.41424595701582,4.135068022538301,22.13458379389963,5279.7246796404725,16,0
31.5959033491904,19.96062550793225,4.568664756890431,40.30523119029398,18730.808130868278,13,0
94.13433930767914,87.42515190983478,2.5457873087367267,0.30154556625830997,65.6697222788386,1,1
14.165108138361923,46.781072847124435,4.194725171945212,166.28386645457647,27913.395994208764,12,0
32.77325637951677,35.150652448854515,2.5179111291521807,321.4328903900546,39361.791414385494,1,0
28.07252425633191,25.375063726896766,4.866007612528555,454.68533856477734,49157.79451496554,13,0
90.5103144258415,81.19765735653593,2.487354647976172,21.868849267757152,859.9003889360249,4,1
35.00257134802013,23.877259473879562,2.793072331553905,284.4104133660698,44502.285557547264,18,0
4.320562541662447,26.842261203132104,2.1311680773248707,215.62569769613705,15652.334689035633,7,0
15.509343743759718,19.902961185274744,4.134004035482231,347.7713695005075,38626.25653316433,16,0
5.076812548515548,34.73531620369762,3.896428905454756,134.21494310385134,43050.782232701094,9,0
15.134398416626574,40.05969546156089,4.003403630089403,146.29325732551447,44167.05705085785,13,0
57.00947240252649,76.79941896681103,7.009195534639027,52.58191169721759,12941.40953977106,6,1
89.49811082076343,54.220129630236606,4.638859867900253,17207.107470148498,1305391.5578624213,574,1
35.296907487274005,19.237660836195424,2.6808286057592574,439.5448203172814,45591.66283310561,17,0
20.179921212200618,22.80705543368626,3.3720067022129365,160.3128455183852,16362.929045082745,5,0
87.23242741075376,83.753105531954,4.189567176739084,18065.683868181313,3017047.720201432,387,1
55.996999973948704,71.2303084403129,7.501815999418807,60.56482646354562,14329.243352407992,5,1
92.7445085216947,74.78400700284101,3.7854410827075395,10096.7933646796,1120825.508531809,371,1
98.45318079537327,88.68011696315786,3.8689323235301223,43.06370932700365,136.15621549775747,3,1
7.331992760058821,33.53394048324323,4.805137392826863,18.768484447679242,7408.58653266535,13,0
94.89010145186208,83.5995232489867,3.8652062957521727,6.3439237154271915,798.3882236470623,4,1
23.847342463846957,43.47837220372716,3.5103480830332026,443.82988514961175,26426.74840505048,2,0
19.809979207331132,39.063969486788196,2.517834449281644,10.73225804933416,35367.859262212536,18,0
94.18089889157947,86.11850126393017,3.15585879056657,13998.00692571662,4877880.950079389,748,1
17.6629504513728,45.45562347215754,2.648260366783984,103.2614349482365,34086.429390122146,4,0
14.341924346353796,37.3215265629885,3.4474019643111635,384.62068720663353,47994.9702697197,14,0
37.67246639392727,40.456469939261666,3.912525387866113,177.38332006075643,31972.080463044796,9,0
20.46089098495038,23.851725106558995,4.775357346287007,397.73494372760547,43710.19017915887,7,0
85.34369393883027,85.34826410587246,4.401007787310036,5726.253686292,2687468.929570446,746,1
21.057738501921524,57.30569071977598,2.163105797789457,310.4537863068018,31767.999189356076,10,0
38.94641820626649,22.016645871551702,2.2869245221661387,322.69937405522603,15290.8078851424,1,0
8.385434097833958,31.79080148571061,2.9789568319054602,237.34694401309216,31302.642506365264,6,0
99.98615310701675,87.20684562907593,2.0451734162144475,40.62424952176001,836.655208908177,4,1
99.18323467253782,75.18216864832876,4.626950888708464,7772.149728619546,4791899.490271883,283,1
6.419428780234648,31.149577923895908,3.6301896431778786,202.10499425532865,29582.215694465103,17,0
36.595132765988005,51.65590594020867,7.499567368043083,68.55533919746424,7482.394435434041,3,1
69.68213756425507,59.36617935414492,7.069662280691249,31.48093667501713,18574.54262107922,7,1
85.81740323674164,89.91429848649736,4.763972021143465,8306.484268742957,4215082.393869339,923,1
94.1452723818697,70.6473229014654,4.064860725653097,17601.00173401417,4126597.651534227,695,1
3.065533604909776,38.23489253968307,4.797397330470007,25.155553596795837,35635.161304804285,11,0
28.594958804364662,39.78974049742361,2.0631489689197346,336.6977669519682,35010.02654527337,3,0
20.18460736676679,10.480979524350001,4.265616697718446,486.5660488405179,19809.225794226382,7,0
11.505579410297614,20.475854422584884,2.2425456671176143,232.16486111970121,5797.830661225012,3,0
12.022623868495582,59.06097814494374,3.5992437770084225,312.72127002665735,29991.42006054331,15,0
25.96543810495476,28.604551369021593,2.9717045048112705,33.603246921472376,7612.173000789775,6,0
23.767779227827646,28.241785229381257,3.5905227510595124,170.66037545484133,16909.662770432456,9,0
35.159199177984846,71.22580006540005,7.947539729434603,49.30064828736219,17642.570594161123,4,1
96.82778041401849,92.75482700600773,3.638676582823404,21.64513680798755,929.2711711291064,3,1
91.31871875888217,89.58927376038962,3.342757668859778,6359.727476615053,2973756.698029951,174,1
96.38171976289253,93.57494202028556,3.868847075374176,37.011140399195384,887.0855809126928,3,1
84.26514643535138,66.07151871974673,4.103079939244801,10816.26501359056,2401016.4528459404,911,1
29.089065621806043,18.91758739110337,3.666983707637888,409.51756132927534,26794.369072326444,9,0
97.47327996835851,84.13762512131153,2.9215877755521675,10.585899256442023,139.92323027713428,2,1
41.687219937889616,60.44446031687984,7.902450031902089,49.21907746723131,7206.520911217216,2,1
6.05352228704938,37.73593280717002,4.660463712833168,417.11049408122534,48060.3920075373,17,0
20.934439434706448,45.755180524290786,2.522039865503473,345.2354925706541,41090.85939302598,6,0
58.97027746817758,78.35027099577772,7.040856464242604,22.827963448954897,9027.773109832082,8,1
11.601042026174063,50.99708360082844,2.114189930876,362.88744935642654,35302.72453945579,5,0
11.037923285448933,31.68045190571296,4.916840081912381,339.8819014592368,42814.84159066323,10,0
32.1347933865023,55.62555787848555,2.5977874549209217,320.1436502443067,21644.418638908166,19,0
95.6609496699169,53.04082188506249,4.8721401722098525,10376.531735249166,2750421.632271542,486,1
31.188241151826976,44.87879438782927,4.641889395124252,37.10744487989889,49631.005211225835,4,0
92.18008447340353,93.28081766094938,3.1743125824256557,25.132410366034897,638.7538327494553,2,1
8.307308404696503,44.20554935939107,2.1094736136955214,234.28045238475462,31822.414357017125,4,0
24.691177549893446,52.20920548878447,2.6582314974531123,21.629612051383717,41759.77549022588,1,0
37.71896907883041,53.98129644722517,4.845805081843363,422.94712686796043,7390.387772634459,15,0
16.3713724522771,46.211375991294034,4.129413017351833,119.67620827561834,49657.219534095384,14,0
1.6123749211291383,13.419434138666432,2.2720951683178097,318.294791693531,31729.581769388515,16,0
25.91508874634954,20.75564056650567,2.2032860455897363,241.58705303182697,44304.642806865144,19,0
27.632194396025685,55.045261316895626,4.641194190747325,465.7701481659037,28030.887091036202,15,0
16.965092472939055,59.28636994853412,3.981753376903994,399.5704746755609,17177.850189477234,17,0
35.0998125394867,12.287745915294149,3.979347089698499,47.799115984224244,24272.026456871266,19,0
32.92763112558486,46.49879081214233,2.275494557366713,298.53967656987254,44839.35562155762,19,0
97.86862541534484,97.13303101439435,3.005933966651293,30.157147992511934,814.1414813666055,2,1
11.66557469601711,36.144072834635985,2.4876896367957713,422.07509449916176,32365.423235479575,13,0
1.4705276607893891,54.734572810763936,2.7281526679557286,308.1252083054687,18200.29576415531,17,0
93.97374344634375,91.23199525164326,2.3164284012726575,17.58478565605651,512.6941876322088,1,1
83.01278768542615,53.95368377150546,4.965977366067856,8252.466642047068,4049218.9522357234,914,1
38.92066505897305,47.93399731581361,2.331108940896136,289.2419813519556,22857.05122132316,1,0
15.417093587651065,12.366605102201547,3.674233718792767,256.8249547658854,36389.205771491055,10,0
86.06439762205268,69.98404353759614,4.447755181089311,18098.055164850542,1694704.5798975686,577,1
30.649767234553114,47.10334859974538,4.062623483580144,495.1546291797958,18544.58281309684,18,0
31.632645645839617,16.48760973020197,3.463615814195993,441.1227596814227,41805.261740509086,3,0
37.064169382904545,38.100729861574735,4.585762522128857,106.89952895381255,2772.818409359542,9,0
92.85555875118102,98.69482804744175,3.9640388231861587,27.67133211529323,37.104249670447345,1,1
2.48744996242106,31.726543314954185,2.4382132974236557,47.45593880792199,40652.513361440244,12,0
6.563846432426659,33.574086560676804,2.390909182415571,79.55637667301974,19230.27608625046,19,0
39.36629325564652,37.207793106779505,3.949801529759806,76.17505214084547,43677.55922584145,2,0
94.80329559263858,95.93578267532692,2.7899302993616555,43.96444955402252,520.4091400582826,4,1
94.33578493017586,85.04474855779094,2.0503396862668133,5.762528059491373,447.23845214486033,4,1
15.403023478047393,40.376286657316086,2.877187820364529,229.61631124847088,8894.188301848319,15,0
38.94361763467797,46.36833206464999,3.479827879127948,444.2953526213478,43688.23142079865,18,0
29.86632609027417,28.702570692582025,2.767085551332694,112.19490136714734,34550.98838757008,5,0
1.8567851218009412,46.171104772508386,2.2087404654366,163.67920291296048,24867.885880049616,9,0
1.0399296298751537,21.392343806377397,2.3214707952015297,264.6808798392572,23187.129849641035,12,0
52.885644128621294,39.78474692828155,7.0705272799268695,45.08974253437205,17955.39682299802,9,1
45.20171633981677,69.95428698614805,7.09251452920377,27.084715310296016,16398.390208340577,1,1
96.19299435124148,83.5090772219568,2.296754481380562,17.962046527553372,666.051820242129,3,1
61.26359922752285,56.2749344908925,7.2500559117989445,77.80818891744232,13436.771465257352,6,1
92.85098593642097,92.3191639328947,2.2237425760721905,14.912217208881252,867.8835433704446,4,1
13.05451505611221,36.03777106893311,4.2797404380721265,340.68507840214954,11582.526725906728,12,0
18.777500228630586,44.81798815030013,4.638151274559552,237.32049979592315,47634.67589769903,11,0
29.160784177649795,34.48794778167733,3.081889889026753,163.96254526403115,11427.94347104371,16,0
29.382105590669276,55.823350886054584,3.0330791320774058,247.43850284854162,4130.599974328847,9,0
89.20649360208031,69.2507112981161,3.5124082642529557,8452.485501193842,3096965.479185248,121,1
23.245410331045576,47.12361369037892,3.530159284152908,471.6726950374259,12111.442621175383,6,0
37.551457017304074,33.20905299903281,7.88088157484541,26.75463564545306,10663.156607837644,7,1
23.301852052414517,15.907920036317748,4.699913502962986,71.25075724469491,7944.238617714177,12,0
19.19589185781342,49.13474749008437,3.5486125166734794,489.62401023037995,4688.833579158381,17,0
33.612078267542046,12.230592842194584,2.41356265690492,24.642656644243704,25647.944361578953,17,0
19.602927420017,40.47632725962685,4.5815486595767325,363.4991849229458,29881.980967264797,17,0
32.7746703990251,67.12273435076847,7.707083386871303,14.042089481923853,5966.369848390035,7,1
7.804896843692517,21.809920377383026,4.678275106703534,481.1323154844504,24396.331337948995,16,0
3.5631925078335502,26.384945986964418,2.846789328132925,447.43786700557763,23798.15478412064,12,0
98.70761397171502,84.42246454305246,4.540839487908296,10227.193889654705,3055229.0818192507,989,1
27.209286209355984,54.13617045417797,3.941870227236167,130.63306000144,12712.796359946455,9,0
11.585998257495307,43.64139007583906,3.5015846367848855,186.84170816610924,44685.768451633616,8,0
21.677936963686367,17.009397893563595,4.311567581841937,459.72009605102613,9137.266385758838,19,0
36.17441834371048,36.97542775621835,3.70169981716943,344.7117106454067,42585.07968790579,1,0
13.225723867225444,48.65882869421902,3.458235708329433,28.22198044571063,17952.809148794742,2,0
80.09674449246441,55.40557134881266,3.3937314894690553,17158.922337338947,2807527.2479282496,891,1
12.59024775534444,50.246738006433894,4.033331435477589,281.77916784668884,42385.80414025453,19,0
91.20728485083899,83.32906570363565,2.8157483376090315,18.72841094543949,701.375278776819,1,1
92.16217229579382,50.74422507827413,3.0630586005364284,15468.592648297594,1970862.758148963,366,1
38.04309633980726,31.994898435280348,2.3125327582992146,448.04694743778566,7702.556087954064,9,0
38.2446609474625,49.011837231066046,4.897673650267894,318.1580643000905,26770.841642359766,19,0
29.250307147740365,23.108913618972483,2.555847028172423,242.99235870511137,34481.006919688734,17,0
35.92029827886511,32.37377571458714,2.8672448900435237,170.3598353340981,7370.5811965685325,19,0
34.19626888258679,71.07475993128199,7.445776389379878,65.36387183529017,13912.147731210518,6,1
35.76368288639524,75.20271755974349,7.1290619050531046,23.77806121615525,10472.749469019609,1,1
94.96899010967296,74.92512338782691,3.3974484626486365,19583.332064332037,1939569.7730838363,609,1
64.84553764646515,45.63257419860108,7.812603078697446,21.157273713310726,10582.743104014782,1,1
32.07825632185161,22.335005972148878,3.180719634229723,128.31716393463785,35897.21510397629,8,0
96.097488480936,88.43644957934183,2.6692588113277953,26.30223583008761,872.2423956711174,4,1
17.240288870164836,50.983714723042105,3.2634721527367283,343.1861480753845,38325.18161341719,18,0
39.549276340607264,19.147153399957055,2.8036814027550183,347.37539868132575,9402.219899229613,7,0
3.3782276372360043,25.640951758580723,4.556656930813228,272.5663761080537,3821.5243474355398,7,0
7.620651349919121,59.80158080639489,4.527097380912769,378.5679332716184,24028.084319792262,6,0
23.971827488355565,47.0777989533292,4.845954038455146,257.5820131359369,17894.24362511186,16,0
35.820383255956344,14.661583984816108,3.6793795623418992,486.7277810462247,45870.16902045704,1,0
11.819989304284508,57.18576426032692,4.790658939250349,140.720352910592,37313.84778275685,12,0
47.32499534399318,60.9341099641841,7.534588156145158,59.6348164486038,11504.062488388972,7,1
35.31793801222236,16.147700990286467,4.442511874429093,449.712710362363,5486.427107337765,7,0
25.009188458936634,47.76857878051091,2.986827754363033,296.3710151239063,31206.28283717482,8,0
80.47021116323037,77.59719551572698,3.7910630030292483,15610.650380226514,2559667.0596595104,606,1
0.4515967568494039,48.576159311143414,3.5871808780569223,264.5090265974294,19986.85133986487,7,0
6.527324268185168,24.47041308941813,3.3674803378483427,169.1465655928801,17458.237786652404,2,0
91.23060549446598,95.70689970535736,3.924321890274914,40.73030094565486,95.38827776470559,2,1
25.70237260161971,24.775961362966136,3.05087278820412,411.2854360984492,48401.998862874585,2,0
90.78766071841538,99.84286966055213,2.055040484483941,43.694501521733436,791.3167503799456,2,1
66.84963991909862,63.90357211146115,7.600863312826542,41.7237239179229,13684.752130515792,2,1
19.021875654964788,13.874592885645123,3.522857533256861,53.86857920351073,8462.221923146724,15,0
10.28556151099922,34.236626228430524,3.6197938317202283,194.56020550296992,12501.745551644728,17,0
35.505128796640825,17.0121508435738,3.846759349934282,249.9617699885049,41929.87226920683,3,0
31.623949485446147,57.0785650369638,7.179844833831458,63.14541468949798,10126.902954086923,2,1
3.5615280956939843,45.42382497910547,3.636608139626069,301.66207277003593,29637.58974757262,18,0
49.11930139883994,70.21163878161208,7.249585381434019,63.983090323381724,9795.320996578046,1,1
96.26822702394561,81.34762239903333,3.3599492647877125,9683.071068949219,4381364.219819494,456,1
11.007910864138033,11.357204807045619,3.2312190460094374,241.419463154024,31329.84111747608,2,0
36.02996701868443,16.860567450229087,4.605066316541662,403.9142843758805,41087.6182501684,17,0
94.67426404204792,90.2095081569039,2.7107645406732708,4.8843973803343825,50.792693602889074,1,1
92.60228926258519,86.27300276265154,3.0088400763905403,27.456201982614125,932.7001186511038,2,1
97.84582232676716,55.74827382893298,3.167072177197918,10195.44335351804,3750555.0681221383,273,1
97.7719786686051,90.90472000408924,2.4532590266392313,2.304850925013935,177.93132560401804,1,1
4.603350495763756,48.71592230921288,4.15950736256811,466.27158012292887,45586.44989328033,16,0
22.966762494845952,33.26490573216242,2.4562314406961576,182.0887163466058,32101.801721825363,1,0
37.87160268278919,47.2128891939534,7.929064125966442,88.40625272100316,18894.86066635612,2,1
7.185874147686544,12.280242922666936,3.3666185903195487,348.224695867169,31430.933428020464,10,0
80.15449304057309,57.25341834167368,3.3366309710533377,5450.813263277374,2117412.1408171146,330,1
32.558903078068376,18.04073426809442,2.7234647327021277,12.439613523851847,40940.60547223614,14,0
85.65573654870515,65.80791075837014,4.156866071202762,11079.540671750266,3945109.4060777705,995,1
98.61627262279463,86.74668620741005,3.766670992888904,11.683076863522796,229.6279689592312,3,1
12.636283436867837,44.77252860226868,3.7129305857481225,326.99114495694005,30858.506827931593,16,0
81.19224938749944,51.37647025934925,4.560982815250623,13599.603377150745,2582264.1160005676,520,1
90.86280009216009,91.1322472031094,2.264029303513569,5.243745061376615,728.7627451556199,2,1
19.689068939102977,47.22220344278017,3.465951491785993,357.93849135757995,48339.30926298975,2,0
7.58119511930083,37.077703942933915,3.5576765639756855,186.847592440978,36520.158742826,18,0
21.287163657365923,16.594896038225812,2.727257159947926,144.02681831113762,41833.1530007049,13,0
8.968567858902702,36.743978232977085,3.151892040936823,376.1795554939164,24091.551366337546,11,0
17.902575945102015,43.66398042631608,4.725265494322178,76.89771960579864,20320.96280446311,6,0
11.075729127685738,34.41242287620727,4.092002566002938,57.775143483549506,28965.77834161691,5,0
14.026033301684851,47.361197362599384,2.9324732994764755,158.53975509087385,25994.540933609704,12,0
35.26156803413311,46.00745856707738,7.6508101139992775,79.28667114948756,8930.978543616735,1,1
14.663748466425401,12.525908403780475,2.014903362893572,423.267002748903,23954.07927280294,6,0
28.433749654642767,10.845287836427389,2.873990425031117,105.97193954567744,10212.149843146677,8,0
90.10233371853238,81.85266486065034,3.9634365285956683,6542.666502430415,4029977.592826055,895,1
25.999994286216204,59.41267562109221,4.896960877713942,289.3702708728425,27351.84272245901,3,0
67.20452682929563,52.06580065856308,7.170717712212645,42.67315206057642,9876.743911215272,8,1
37.76958463722345,23.992240520769588,4.8089667524421085,316.7039582695622,49538.54347592734,16,0
42.173576374700076,56.62178471639234,7.285991409029397,78.62312342552788,14084.761225898928,2,1
91.99278413756961,61.9172348181139,4.709959098465226,8452.563000182836,3119258.166542099,595,1
9.451791099751023,47.442578830210415,2.424026728495577,420.9247829158864,37817.75369788008,13,0
16.556114921364937,49.507434874705424,2.1374398455144363,429.8682613979924,12685.365983720969,18,0
97.64801926384106,92.12636301619845,2.118760670192868,25.83223531127962,494.7804720637062,4,1
21.670027898199116,53.78638745792723,4.978110644092876,122.04394596779903,47947.065257804825,17,0
31.401154908448603,12.06563354450109,4.423806291670244,42.772982755294876,14738.89026661822,12,0
20.380677119645707,43.41777018091714,3.4529565786343293,108.28356346449009,46932.043933907815,14,0
2.8277114070290743,38.59844498849148,4.112670624430731,173.4319421030254,29525.643667176755,1,0
4.495055422140282,56.410443367990695,4.644347213880351,88.40521164672134,10672.824948492187,14,0
22.438534186054554,50.15443452492077,3.372651626474034,392.09286103965337,27022.524808003032,7,0
22.4022753379219,11.47738775665156,2.2402878046663863,103.70284281249985,9328.760526501743,3,0
26.23458370075289,46.3082686777848,2.4813320581260863,117.0151449371715,29993.36251835432,2,0
98.93805720244484,95.5481850620607,3.469808157269102,46.670140240556584,758.7416736910817,4,1
21.83525259789553,42.17648129239782,4.91065858691729,199.8715045405462,15574.011493348695,6,0
33.217112149783034,11.773822514388595,3.1166026461283876,77.13628711519331,14756.836206490856,2,0
62.5422549510684,72.3492992045315,7.429301765157746,51.02914700946245,15142.104364678617,4,1
10.287743178277434,57.08950613049631,4.500783079959803,398.36018928398414,38131.9317391793,17,0
83.75833469990204,72.85051378785286,4.60652981591371,13398.141801232907,1012488.4371722001,852,1
89.6821690898961,86.39446395203387,4.348578912178213,7779.431415680661,1895804.2973955616,866,1
97.5545378931619,99.96950168583115,3.087593877709784,24.582630457835474,744.9972138695182,1,1
20.977599702032595,18.420011456543357,2.0899662311598095,178.7076966367232,16837.952674620195,5,0
15.41280584962681,34.49724045938062,3.225999811029361,428.3934847151902,20971.38263979508,19,0
29.50252415052072,38.6499092170136,4.94443872591664,434.49534493134786,7485.229974372356,11,0
9.991420527717256,43.71360479932415,4.624933320169489,61.693911441538226,12177.904005427874,16,0
91.42639618454561,69.90277814756641,4.108672941097948,11945.86394011613,2119416.698020949,645,1
3.3450934136395194,15.655628037445565,2.0291099262588363,391.4262105641562,39527.071919858114,2,0
8.518373367217485,30.682801158875137,2.7851344345438647,24.745728765440408,48014.037189257484,19,0
33.57899310969859,71.93841182829969,7.887420392073908,64.90225434421673,15000.324697290504,5,1
27.734025592704185,21.257828646022418,4.292854922485351,476.12529554815467,46691.35060583677,15,0
9.191978376982801,13.902702726431617,3.950245057864454,476.7787260133718,4200.094787432885,16,0
31.879609388884912,45.78189097713335,4.997563262930523,415.2582321480136,9216.355456571308,4,0
8.286149906340023,25.215540530024562,2.7141319556312737,460.7664995557106,49624.115182063266,16,0
24.16421491116173,18.796973671789754,4.310724261341353,73.63867634838151,45825.73135618704,11,0
21.18122285678067,12.999370403688278,4.666198706934301,493.95138816830377,8536.43007934135,16,0
4.914441722536553,27.354616314254073,3.2874030834083543,129.11358950863433,12183.37315657612,7,0
22.094030718674254,23.036128963338523,2.570177167745136,260.1499184527247,47056.50949660686,13,0
87.63712429974912,65.55221454001602,3.770095887066664,10414.050132028658,2688078.177108206,556,1
96.14862927610588,89.0356315397602,3.2092008267228964,13139.16494138787,1501614.352887473,324,1
20.935071569430438,39.6910103507981,3.683923443737596,445.2887832118651,18964.358838839646,13,0
22.349230371524925,19.82109033344397,3.0810112886452825,409.03479120514066,9127.805535746373,8,0
34.372929486399315,30.355745539974993,7.775475300836678,92.84665796676477,11365.057045066042,7,1
22.359253940398208,31.51851936899464,4.098060746093958,111.87352824191701,34902.73832286985,7,0
11.381725198698106,13.099639696417867,2.183262933200829,298.53860593059096,48813.67237924652,7,0
21.95135079737387,13.324137607355565,3.0989250039132243,456.5347778913522,28293.794145543598,8,0
35.942475675368726,55.13589054532569,4.726057078745418,457.1298866306937,8241.570140686345,7,0
64.8981820359376,58.61837806814026,7.7255142069475164,38.77563087008441,10267.306804147182,7,1
23.670630940728547,40.62586528209557,3.1616829704777114,394.7648108076017,11502.077483501425,7,0
96.57522653683041,97.48923367597112,3.643103938325906,20.052970881715066,72.84872919166618,4,1
2.671742785930551,49.90660706356554,2.002631652108091,367.43649028227503,4331.066076014475,2,0
7.546477954889976,34.80686712421527,3.317245334533658,140.5936576054637,8407.016909808819,4,0
45.33515323543173,38.832551899122464,7.699674056385615,85.12142316399506,15117.286504642756,7,1
89.17079890326336,59.374961886872754,4.71792453212237,15093.50542481635,1484357.1127073627,572,1
59.044083300978194,58.88641015095631,7.347672733110806,83.79582524621395,14465.322040050913,1,1
5.1143874006339995,47.427812456495616,4.2523126588224285,355.07638956190294,33734.802733928256,7,0
36.86306598442214,25.35522357871509,4.2099799781756175,223.3158226987805,36896.13475000214,13,0
32.392930216382396,20.824060259691176,3.462940270211393,364.61790460707925,18837.522191210603,19,0
9.319402254796266,17.80118440956533,4.117378905172314,68.20434612162873,39492.452080300376,9,0
60.60659555035734,65.21101435795694,7.3977580808531025,99.6127468392856,16441.419354240963,2,1
13.600990609962302,31.777712523323494,4.7442330028749256,35.57899649775288,30172.869212409776,12,0
0.6006829138307745,51.24436641950448,3.36187725759168,353.42518217228906,7605.153531794071,14,0
36.23485115173263,35.705510750681796,2.6878102967742907,481.4454873242837,39945.01899996102,4,0
31.323975936236607,35.011050658469436,4.72930646498828,263.6636611546868,15917.806330976338,17,0
93.1543285633573,83.02147159630803,2.8565144569244842,8.995514436056219,634.605796504505,4,1
28.967102756991476,58.20255916632753,4.450617379124056,349.2586116341188,27285.405090923825,4,0
99.89045601021164,61.082352448551305,3.11624465229003,5112.38801352966,2033894.1181489187,753,1
82.83715070101502,73.6824245495947,4.156606641710493,8407.798819845411,4013394.0604233546,116,1
